"rank","title","album","artist","albumYear","rankOneYearAgo","rankTwoYearsAgo","timestamp","albumArt"
"1","War Pigs","Paranoid","Black Sabbath","1970","19","4","2025-09-26 18:46:39","https://is1-ssl.mzstatic.com/image/thumb/Music125/v4/be/27/91/be279120-2285-16c6-c7ba-9d6643d4a948/075992732727.jpg/600x600bb.jpg"
"2","Mama I'm Coming Home","No More Tears","Ozzy Osbourne","1991","150","142","2025-09-26 18:41:30","https://is1-ssl.mzstatic.com/image/thumb/Music115/v4/8e/ef/44/8eef4402-508e-860e-a3c0-9be46cf2379e/696998524828.jpg/600x600bb.jpg"
"3","Nil By Mouth","Blindspott","Blindspott","2001","2","7","2025-09-26 18:27:41","https://is1-ssl.mzstatic.com/image/thumb/Music211/v4/31/7a/26/317a2697-0f02-7c45-2e78-9e178c2266c7/0724354352928.png/600x600bb.jpg"
"4","Crazy Train","Blizzard of Oz","Ozzy Osbourne","1980","124","84","2025-09-26 18:19:38","https://is1-ssl.mzstatic.com/image/thumb/Music114/v4/92/06/bd/9206bdb3-453a-db69-44f4-c4b5bfe33510/886448748045.jpg/600x600bb.jpg"
"5","Home Again","Shihad (Fish Album)","Shihad","1996","12","15","2025-09-26 18:13:52","https://upload.wikimedia.org/wikipedia/en/e/eb/Shihad_shihad.jpg"
"6","Chop Suey!","Toxicity","System Of A Down","2001","22","10","2025-09-26 18:07:58","https://is1-ssl.mzstatic.com/image/thumb/Music125/v4/82/51/52/825152b4-9423-b23b-c036-cc67ead732d4/888888046775.jpg/600x600bb.jpg"
"7","Changes (Live From Villa Park)","Changes (Live From Villa Park)","Yungblud","2025","DEBUT","","2025-09-26 17:52:59","https://tommygirard.wordpress.com/wp-content/uploads/2025/07/yungblud-changes-live-at-villa-park-single-artwork.jpg"
"8","One","?and Justice for All","Metallica","1988","16","6","2025-09-26 17:43:57","https://is1-ssl.mzstatic.com/image/thumb/Music114/v4/c3/65/83/c3658386-7e98-e77c-ac2f-15ea33898bfa/858978005929.png/600x600bb.jpg"
"9","Black","Ten","Pearl Jam","1991","5","13","2025-09-26 17:31:19","https://is1-ssl.mzstatic.com/image/thumb/Music125/v4/5e/91/c1/5e91c1ba-53cb-c5c8-15f1-d3c81f3b3592/dj.psrqglcw.jpg/600x600bb.jpg"
"10","No More Tears","No More Tears","Ozzy Osbourne","1991","191","169","2025-09-26 17:21:44","https://is1-ssl.mzstatic.com/image/thumb/Music115/v4/8e/ef/44/8eef4402-508e-860e-a3c0-9be46cf2379e/696998524828.jpg/600x600bb.jpg"
"11","Break Stuff","Significant Other","Limp Bizkit","1999","4","17","2025-09-26 17:15:57","https://is1-ssl.mzstatic.com/image/thumb/Music126/v4/54/2c/e5/542ce5e4-b086-c9a8-bef5-5be01b0dd025/06UMGIM01666.rgb.jpg/600x600bb.jpg"
"12","Master Of Puppets","Master Of Puppets","Metallica","1986","8","1","2025-09-26 17:05:27","https://is1-ssl.mzstatic.com/image/thumb/Music118/v4/69/f9/05/69f905ed-ff04-58a2-8de2-1b5338745f19/858978005226.png/600x600bb.jpg"
"13","Paranoid","Paranoid","Black Sabbath","1970","95","100","2025-09-26 16:53:14","https://is1-ssl.mzstatic.com/image/thumb/Music125/v4/be/27/91/be279120-2285-16c6-c7ba-9d6643d4a948/075992732727.jpg/600x600bb.jpg"
"14","Killing In The Name","Rage Against the Machine","Rage Against The Machine","1992","3","11","2025-09-26 16:47:04","https://static.tvtropes.org/pmwiki/pub/images/rageagainstthemachinepic.jpg"
"15","Hellraiser","Hellraiser (30th Anniversary Edition)","Ozzy Osbourne ft Lemmy Kilmister","2021","135","125","2025-09-26 16:33:22","https://media1.jpc.de/image/w1155/front/0/0194399386910.jpg"
"16","The Pot","10,000 Days","Tool","2006","6","21","2025-09-26 16:26:39","https://is1-ssl.mzstatic.com/image/thumb/Music124/v4/93/17/11/931711de-7877-94ac-7e4c-af25ee6775e8/886447824771.jpg/600x600bb.jpg"
"17","Back In Black","Back In Black","AC/DC","1980","76","67","2025-09-26 16:19:36","https://is1-ssl.mzstatic.com/image/thumb/Music115/v4/1e/14/58/1e145814-281a-58e0-3ab1-145f5d1af421/886443673441.jpg/600x600bb.jpg"
"18","Walk","Vulgar Display of Power","Pantera","1992","35","20","2025-09-26 16:12:00","https://m.media-amazon.com/images/M/MV5BM2NkNzdhZjMtODEwMC00Y2UxLTgwODctMjdhNTkxZTcyOWY2XkEyXkFqcGdeQXVyMzM4MjM0Nzg@._V1_FMjpg_UX1000_.jpg"
"19","One Last Breath","Weathered","Creed","2001","26","154","2025-09-26 16:06:34","https://is1-ssl.mzstatic.com/image/thumb/Music125/v4/2b/d8/ff/2bd8ff78-9201-71dc-c931-503340d8b08a/00601501407529.rgb.jpg/600x600bb.jpg"
"20","Forty Six & 2","Aenima","Tool","1996","11","9","2025-09-26 15:50:32","https://is1-ssl.mzstatic.com/image/thumb/Music113/v4/be/e3/59/bee35988-338f-f01a-6271-ceefdd3f8925/886447824757.jpg/600x600bb.jpg"
"21","Sober","Undertow","Tool","1993","33","31","2025-09-26 15:44:13","https://is1-ssl.mzstatic.com/image/thumb/Music125/v4/48/4c/fa/484cfa09-4d6c-16c5-d195-8a8b6027f71e/886447824740.jpg/600x600bb.jpg"
"22","Money For Nothing","Brothers in Arms","Dire Straits","1985","31","69","2025-09-26 15:29:35","https://is1-ssl.mzstatic.com/image/thumb/Music115/v4/e8/bd/54/e8bd54fd-6595-4ebf-aa4c-58139ed316e6/dj.bngafruf.jpg/600x600bb.jpg"
"23","Duality","Vol. 3: (The Subliminal Verses)","Slipknot","2004","47","18","2025-09-26 15:25:12","https://is1-ssl.mzstatic.com/image/thumb/Music124/v4/7c/5d/17/7c5d174e-f7c5-2fba-04c4-c3d89b605300/016861752347.jpg/600x600bb.jpg"
"24","Estranged","Use Your Illusions II","Guns N' Roses","1991","137","97","2025-09-26 15:13:51","https://is1-ssl.mzstatic.com/image/thumb/Music122/v4/db/8e/35/db8e356d-76e8-1e10-d7cb-87870bdbfad2/18UMGIM31437.rgb.jpg/600x600bb.jpg"
"25","Wonderwall","(What's the Story) Morning Glory?","Oasis","1995","353","261","2025-09-26 15:06:56","https://is1-ssl.mzstatic.com/image/thumb/Music113/v4/04/92/e0/0492e08b-cbcc-9969-9ad6-8f5a0888068c/5051961007107.jpg/600x600bb.jpg"
"26","Nutshell (Unplugged)","Jar of Flies","Alice In Chains","1993","17","32","2025-09-26 14:56:37","https://is1-ssl.mzstatic.com/image/thumb/Music/ff/eb/d8/mzi.wegmszqt.jpg/600x600bb.jpg"
"27","Welcome Home (Sanitarium)","Master Of Puppets","Metallica","1986","29","121","2025-09-26 14:49:48","https://is1-ssl.mzstatic.com/image/thumb/Music118/v4/69/f9/05/69f905ed-ff04-58a2-8de2-1b5338745f19/858978005226.png/600x600bb.jpg"
"28","Freak On A Leash","Follow the Leader","Korn","1998","9","56","2025-09-26 14:45:34","https://is1-ssl.mzstatic.com/image/thumb/Music115/v4/0c/43/c8/0c43c8b7-d3b5-b0a5-9c6d-799181983f21/886446148533.jpg/600x600bb.jpg"
"29","See You On The Other Side","Ozzmosis","Ozzy Osbourne","1995","316","275","2025-09-26 14:35:27","https://is1-ssl.mzstatic.com/image/thumb/Music114/v4/74/f9/28/74f92874-f72e-3886-b5cb-57dcb694b28f/dj.mrqaczol.jpg/600x600bb.jpg"
"30","Phlex","Blindspott","Blindspott","2001","24","41","2025-09-26 14:31:15","https://is1-ssl.mzstatic.com/image/thumb/Music211/v4/31/7a/26/317a2697-0f02-7c45-2e78-9e178c2266c7/0724354352928.png/600x600bb.jpg"
"31","Simple Man","(Pronounced 'L?h-'n?rd 'Skin-'n?rd)","Lynyrd Skynyrd","1973","15","16","2025-09-26 14:23:17","https://is1-ssl.mzstatic.com/image/thumb/Music126/v4/57/00/f3/5700f331-2d06-7f5d-cb98-43970fd52874/14UMGIM00860.rgb.jpg/600x600bb.jpg"
"32","Everlong","The Colour and the Shape","Foo Fighters","1997","1","2","2025-09-26 14:19:37","https://is1-ssl.mzstatic.com/image/thumb/Music124/v4/20/4d/4b/204d4b45-db70-37f8-ce00-23f396623836/dj.jixvlpyt.jpg/600x600bb.jpg"
"33","Bohemian Rhapsody","A Night at the Opera","Queen","1975","49","22","2025-09-26 14:13:02","https://is1-ssl.mzstatic.com/image/thumb/Music125/v4/a7/00/d7/a700d715-a493-19a5-3de9-5753d139419f/14DMGIM05597.rgb.jpg/600x600bb.jpg"
"34","Enter Sandman","Metallica (Black Album)","Metallica","1991","39","27","2025-09-26 14:07:23","https://is1-ssl.mzstatic.com/image/thumb/Music125/v4/18/93/db/1893db5c-ddd1-b95c-3112-b9b83bcceab0/0093624986553.jpg/600x600bb.jpg"
"35","Free Bird","Lynard Skynard","Lynyrd Skynyrd","1973","27","30","2025-09-26 13:51:45","https://is1-ssl.mzstatic.com/image/thumb/Music126/v4/57/00/f3/5700f331-2d06-7f5d-cb98-43970fd52874/14UMGIM00860.rgb.jpg/600x600bb.jpg"
"36","Nothing Else Matters","Metallica (Black Album)","Metallica","1991","34","86","2025-09-26 13:45:41","https://is1-ssl.mzstatic.com/image/thumb/Music125/v4/18/93/db/1893db5c-ddd1-b95c-3112-b9b83bcceab0/0093624986553.jpg/600x600bb.jpg"
"37","Thunderstruck","The Razor's Edge","AC/DC","1990","46","35","2025-09-26 13:36:09","https://is1-ssl.mzstatic.com/image/thumb/Features114/v4/fc/c2/f8/fcc2f850-1d81-7440-c0a0-de7fcef1e911/dj.rrgizfic.jpg/1000x1000bb.jpg"
"38","Iron Man","Paranoid","Black Sabbath","1970","234","184","2025-09-26 13:30:42","https://is1-ssl.mzstatic.com/image/thumb/Music125/v4/be/27/91/be279120-2285-16c6-c7ba-9d6643d4a948/075992732727.jpg/600x600bb.jpg"
"39","Down With The Sickness","The Sickness","Disturbed","2000","13","33","2025-09-26 13:24:50","https://is1-ssl.mzstatic.com/image/thumb/Music125/v4/64/41/b4/6441b43f-6aad-4ac6-e262-1522459f9a4e/mzm.hmsfpetk.jpg/600x600bb.jpg"
"40","November Rain","Use Your Illusion I","Guns N' Roses","1991","28","8","2025-09-26 13:16:17","https://is1-ssl.mzstatic.com/image/thumb/Music112/v4/6a/e2/1f/6ae21fa9-c897-3be1-2967-50eefae22b93/06UMGIM05041.rgb.jpg/600x600bb.jpg"
"41","Psychosocial","All Hope Is Gone","Slipknot","2008","75","111","2025-09-26 13:11:44","https://is1-ssl.mzstatic.com/image/thumb/Music115/v4/1c/bf/46/1cbf46b8-c549-f3f2-010c-06d6e7627115/016861752200.jpg/600x600bb.jpg"
"42","Numb","Meteora","Linkin Park","2003","32","3","2025-09-26 13:08:04","https://is1-ssl.mzstatic.com/image/thumb/Features125/v4/dd/7d/72/dd7d7259-d27f-5b3e-ce64-9e304d2cb40f/dj.rxzrauer.jpg/600x600bb.jpg"
"43","The Sound Of Silence","Immortalized","Disturbed","2015","51","101","2025-09-26 13:03:40","https://is1-ssl.mzstatic.com/image/thumb/Music125/v4/32/2b/12/322b1228-a133-3317-8d05-742669b700ec/093624926245.jpg/600x600bb.jpg"
"44","N.I.B.","Black Sabbath","Black Sabbath","1970","131","462","2025-09-26 12:53:36","https://is1-ssl.mzstatic.com/image/thumb/Music115/v4/62/8a/3d/628a3dc3-c862-8641-6306-64d7e7e8960a/075992718523.jpg/600x600bb.jpg"
"45","Mind Dependency","Blindspott","Blindspott","2003","103","85","2025-09-26 12:47:42","https://is1-ssl.mzstatic.com/image/thumb/Music211/v4/31/7a/26/317a2697-0f02-7c45-2e78-9e178c2266c7/0724354352928.png/600x600bb.jpg"
"46","Snuff","All Hope is Gone","Slipknot","2009","40","80","2025-09-26 12:38:59","https://is1-ssl.mzstatic.com/image/thumb/Music115/v4/1c/bf/46/1cbf46b8-c549-f3f2-010c-06d6e7627115/016861752200.jpg/600x600bb.jpg"
"47","Smells Like Teen Spirit","Nevermind","Nirvana","1991","7","25","2025-09-26 12:33:27","https://external-preview.redd.it/PVilxGidbEIEbHZzpqAP6CR1S1RLAkxl0GZOOzqPuCc.png?width=640&crop=smart&auto=webp&s=beda8d43df83839f3c2d14e6644a8bc642bd49f8"
"48","Toxicity","Toxicity","System Of A Down","2001","68","51","2025-09-26 12:30:03","https://is1-ssl.mzstatic.com/image/thumb/Music125/v4/82/51/52/825152b4-9423-b23b-c036-cc67ead732d4/888888046775.jpg/600x600bb.jpg"
"49","With Arms Wide Open","Human Clay","Creed","1999","162","222","2025-09-26 12:25:14","https://is1-ssl.mzstatic.com/image/thumb/Music221/v4/a9/21/35/a92135b7-7fc6-b7ed-cab7-0b1a7aab4d7d/24CRGIM42212.rgb.jpg/600x600bb.jpg"
"50","Nookie","Significant Other","Limp Bizkit","1999","44","93","2025-09-26 12:20:39","https://is1-ssl.mzstatic.com/image/thumb/Music126/v4/54/2c/e5/542ce5e4-b086-c9a8-bef5-5be01b0dd025/06UMGIM01666.rgb.jpg/600x600bb.jpg"
"51","Wish You Were Here","Wish You Were Here","Pink Floyd","1975","36","112","2025-09-26 12:15:35","https://is1-ssl.mzstatic.com/image/thumb/Music115/v4/49/ab/fe/49abfef6-0cd9-aa1f-05c3-3eb85d3fe3f5/886445635843.jpg/600x600bb.jpg"
"52","Stinkfist","Aenima","Tool","1996","45","44","2025-09-26 12:09:10","https://is1-ssl.mzstatic.com/image/thumb/Music113/v4/be/e3/59/bee35988-338f-f01a-6271-ceefdd3f8925/886447824757.jpg/600x600bb.jpg"
"53","For Whom The Bell Tolls","Ride the Lightning","Metallica","1984","23","14","2025-09-26 12:04:05","https://is1-ssl.mzstatic.com/image/thumb/Features125/v4/0f/7a/74/0f7a7472-92fa-e77d-384a-1e4304705e83/dj.jbiruenb.png/600x600bb.jpg"
"54","Rooster","Dirt","Alice In Chains","1992","54","59","2025-09-26 11:52:07","https://is1-ssl.mzstatic.com/image/thumb/Music112/v4/54/26/62/5426627b-4707-7867-acc0-ce616d250381/074645247526.jpg/600x600bb.jpg"
"55","Never Tear Us Apart","Kick","INXS","1987","90","225","2025-09-26 11:49:06","https://upload.wikimedia.org/wikipedia/en/d/d2/INXS_kick.jpg"
"56","My Name Is Human","The Boy Who Died Wolf","Highly Suspect","2016","30","5","2025-09-26 11:40:45","https://is1-ssl.mzstatic.com/image/thumb/Music114/v4/00/d6/4c/00d64c19-77df-c4c2-ba6a-498f2ec70c28/814908021889.jpg/600x600bb.jpg"
"57","Stairway To Heaven","Led Zeppelin IV","Led Zeppelin","1971","43","24","2025-09-26 11:32:47","https://is1-ssl.mzstatic.com/image/thumb/Music115/v4/5c/15/9b/5c159b27-95ca-b9a7-84e3-28e795fffd39/dj.kvkrpptq.jpg/600x600bb.jpg"
"58","Sweet Child O'Mine","Appetite for Desctruction","Guns N' Roses","1987","74","53","2025-09-26 11:25:50","https://is1-ssl.mzstatic.com/image/thumb/Music125/v4/a0/4d/c4/a04dc484-03cc-02aa-fa82-5334fcb4bc16/18UMGIM24878.rgb.jpg/600x600bb.jpg"
"59","Like A Stone","Audioslave","Audioslave","2002","81","70","2025-09-26 11:20:31","https://is1-ssl.mzstatic.com/image/thumb/Features115/v4/9c/b6/c2/9cb6c246-3626-7789-26a9-79b787e5668d/dj.owymmnty.jpg/600x600bb.jpg"
"60","The Chain","Rumours","Fleetwood Mac","1977","55","92","2025-09-26 11:15:23","https://is1-ssl.mzstatic.com/image/thumb/Music124/v4/4d/13/ba/4d13bac3-d3d5-7581-2c74-034219eadf2b/081227970949.jpg/600x600bb.jpg"
"61","Yellow Ledbetter","Jeremy B Side","Pearl Jam","1992","62","99","2025-09-26 11:08:56","https://event-images.tixel.com/cdn-cgi/image/w=700,q=70/media/images/65585b03b2592635c50c8dcba1cab376_1721329587_9663_square_l.jpg"
"62","Cemetery Gates","Cowboys From Hell","Pantera","1990","59","105","2025-09-26 11:02:38","https://is1-ssl.mzstatic.com/image/thumb/Music124/v4/78/61/6c/78616c29-9999-48f7-cea9-8ed5794dbcaa/mzi.htnwpowi.jpg/600x600bb.jpg"
"63","Would?","Dirt","Alice In Chains","1992","92","72","2025-09-26 10:53:36","https://is1-ssl.mzstatic.com/image/thumb/Music112/v4/54/26/62/5426627b-4707-7867-acc0-ce616d250381/074645247526.jpg/600x600bb.jpg"
"64","Schism","Lateralus","Tool","2001","25","48","2025-09-26 10:46:54","https://is1-ssl.mzstatic.com/image/thumb/Music113/v4/fb/99/8c/fb998c1e-1a11-2434-0fa7-0d90beba5d2b/886447824764.jpg/600x600bb.jpg"
"65","Whiskey In The Jar","Garage Inc","Metallica","1998","79","128","2025-09-26 10:37:25","https://is1-ssl.mzstatic.com/image/thumb/Music125/v4/ec/2f/09/ec2f0972-db2a-ef0d-52eb-7167fee36d5a/0075596229968.jpg/600x600bb.jpg"
"66","Lydia","Mister Asylum","Highly Suspect","2015","18","34","2025-09-26 10:33:39","https://is1-ssl.mzstatic.com/image/thumb/Music124/v4/03/fa/34/03fa3470-4eb9-b17a-dbb9-ee234a0c39a5/857561005322.jpg/600x600bb.jpg"
"67","Bulls On Parade","Evil Empire","Rage Against The Machine","1996","14","46","2025-09-26 10:29:11","https://is1-ssl.mzstatic.com/image/thumb/Music115/v4/42/d6/50/42d6501c-85bf-9929-9fa1-ba8ddecb80b1/884977724905.jpg/600x600bb.jpg"
"68","My Hero","The Colour and the Shape","Foo Fighters","1997","37","23","2025-09-26 10:25:26","https://is1-ssl.mzstatic.com/image/thumb/Music124/v4/20/4d/4b/204d4b45-db70-37f8-ce00-23f396623836/dj.jixvlpyt.jpg/600x600bb.jpg"
"69","Hotel California","Hotel California","The Eagles","1976","64","62","2025-09-26 10:18:57","https://is1-ssl.mzstatic.com/image/thumb/Music115/v4/88/16/2c/88162c3d-46db-8321-61f3-3a47404cfe76/075596050920.jpg/600x600bb.jpg"
"70","Rollin'","Chocolate Starfish And The Hot Dog Flavoured Water","Limp Bizkit","2000","73","144","2025-09-26 10:15:08","https://upload.wikimedia.org/wikipedia/en/thumb/3/38/Limp_Bizkit_Chocolate_Starfish_and_the_Hotdog_Flavored_Water.jpg/220px-Limp_Bizkit_Chocolate_Starfish_and_the_Hotdog_Flavored_Water.jpg"
"71","Fade To Black","Ride the Lightning","Metallica","1984","53","39","2025-09-26 10:07:19","https://is1-ssl.mzstatic.com/image/thumb/Features125/v4/0f/7a/74/0f7a7472-92fa-e77d-384a-1e4304705e83/dj.jbiruenb.png/600x600bb.jpg"
"72","Zombie","Ode to my Family","Cranberries","1994","58","131","2025-09-26 10:01:53","https://is1-ssl.mzstatic.com/image/thumb/Music114/v4/aa/1b/60/aa1b60cb-9fea-58c0-c404-dd6aa3e867c3/20UMGIM35540.rgb.jpg/600x600bb.jpg"
"73","Pacifier","The General Electric","Shihad","1999","130","43","2025-09-26 09:52:32","https://is1-ssl.mzstatic.com/image/thumb/Music124/v4/39/00/d8/3900d8ae-9edd-ac0c-0649-e37078747ece/685738082124.jpg/1000x1000bb.jpg"
"74","In The End","Hybrid Theory","Linkin Park","1999","60","38","2025-09-26 09:48:00","https://is1-ssl.mzstatic.com/image/thumb/Features115/v4/f0/31/b2/f031b2b2-bcf0-6102-426f-e0b2c7437415/dj.vrgpwamf.jpg/600x600bb.jpg"
"75","The Pretender","Echoes, Silence, Patience & Grace","Foo Fighters","2007","70","64","2025-09-26 09:38:27","https://is1-ssl.mzstatic.com/image/thumb/Music115/v4/1d/3a/32/1d3a32ba-d5a2-f2e6-ce98-276bb77adc6f/886971151626.jpg/600x600bb.jpg"
"76","Mr Crowley","Blizzard of Ozz","Ozzy Osbourne","1980","624","742","2025-09-26 09:33:03","https://is1-ssl.mzstatic.com/image/thumb/Music114/v4/92/06/bd/9206bdb3-453a-db69-44f4-c4b5bfe33510/886448748045.jpg/600x600bb.jpg"
"77","B.Y.O.B","Mezmerize","System Of A Down","2005","107","96","2025-09-26 09:28:30","https://is1-ssl.mzstatic.com/image/thumb/Music114/v4/65/6d/43/656d432b-e59c-361a-c3ad-2e6cccbf4b2d/827969064825.jpg/600x600bb.jpg"
"78","Heavy Is The Crown","From Zero","Linkin Park","2024","DEBUT","","2025-09-26 09:25:16","https://cdn.mediaworks.nz/therock/images/songs/093624839811.jpg"
"79","Comfortably Numb","The Wall","Pink Floyd","1979","57","55","2025-09-26 09:17:56","https://is1-ssl.mzstatic.com/image/thumb/Music115/v4/3c/b4/e3/3cb4e3d0-cd77-8f18-7465-d60e6949b435/886445635850.jpg/1000x1000bb.jpg"
"80","Blind","Korn","Korn","1994","105","91","2025-09-26 09:13:39","https://is1-ssl.mzstatic.com/image/thumb/Music114/v4/c4/50/2b/c4502b03-bc54-04e4-0931-4d94093b7f73/884977879278.jpg/600x600bb.jpg"
"81","Black Hole Sun","Superunknown","Soundgarden","1994","52","47","2025-09-26 09:09:47","https://is1-ssl.mzstatic.com/image/thumb/Music221/v4/ae/b6/d6/aeb6d672-2004-41eb-ccba-e2964643a2bc/06UMGIM18607.rgb.jpg/600x600bb.jpg"
"82","Dreamer","Down to Earth","Ozzy Osbourne","2001","RE-ENTRY","1235","2025-09-26 09:03:34","https://cdn.mediaworks.nz/therock/images/songs/307631269.jpg"
"83","Man In The Box","Facelift","Alice In Chains","1990","71","36","2025-09-26 08:51:28","https://is1-ssl.mzstatic.com/image/thumb/Music114/v4/bb/00/db/bb00dbb6-f8fd-af14-6972-cd111a96e27a/888880462077.jpg/600x600bb.jpg"
"84","Under The Bridge","Blood Sugar Sex Magik","Red Hot Chili Peppers","1991","87","79","2025-09-26 08:41:21","https://is1-ssl.mzstatic.com/image/thumb/Music125/v4/2b/2b/56/2b2b564c-e21e-bd40-a8cf-cb47dedcb7df/093624932147.jpg/600x600bb.jpg"
"85","Little Pills","We Rise","Devilskin","2014","65","40","2025-09-26 08:37:59","https://is1-ssl.mzstatic.com/image/thumb/Music116/v4/8a/de/c1/8adec1ba-2ce4-805a-bdb4-8e582fc9d0fd/9421028858953.png/600x600bb.jpg"
"86","HURT","HURT","Dead Poet Society ft. The Warning","2024","DEBUT","","2025-09-26 08:33:15","https://i1.sndcdn.com/artworks-ngtBMQAsgO9I-0-t500x500.jpg"
"87","...And Justice For All","...And Justice For All","Metallica","1988","99","71","2025-09-26 08:17:13","https://is1-ssl.mzstatic.com/image/thumb/Music114/v4/c3/65/83/c3658386-7e98-e77c-ac2f-15ea33898bfa/858978005929.png/600x600bb.jpg"
"88","Champagne Supernova","(What's the Story) Morning Glory?","Oasis","1995","409","145","2025-09-26 08:09:52","https://is1-ssl.mzstatic.com/image/thumb/Music113/v4/04/92/e0/0492e08b-cbcc-9969-9ad6-8f5a0888068c/5051961007107.jpg/600x600bb.jpg"
"89","16","MCID","Highly Suspect","2019","78","66","2025-09-26 08:05:19","https://is1-ssl.mzstatic.com/image/thumb/Music114/v4/ec/ca/51/ecca5174-a703-7f7a-41c0-856bbd3925e1/814908028482.jpg/600x600bb.jpg"
"90","Sultans Of Swing","Sultans of Swing","Dire Straits","1978","69","73","2025-09-25 18:09:30","https://is1-ssl.mzstatic.com/image/thumb/Music/47/c3/21/mzi.ciyzkqao.jpg/1000x1000bb.jpg"
"91","My Own Prison","My Own Prison","Creed","1997","151","227","2025-09-25 17:54:29","https://is1-ssl.mzstatic.com/image/thumb/Music124/v4/7d/1e/cb/7d1ecba4-85e7-7c3e-3337-4a1c876ffdde/00601501404924.rgb.jpg/600x600bb.jpg"
"92","Pneuma","Fear Inoculum","Tool","2019","48","150","2025-09-25 17:42:29","https://is1-ssl.mzstatic.com/image/thumb/Music125/v4/fe/44/10/fe44109b-9bb0-8219-541b-dae56dd9af01/886447895856.jpg/600x600bb.jpg"
"93","The Unforgiven","Metallica (Black Album)","Metallica","1991","122","107","2025-09-25 17:30:44","https://is1-ssl.mzstatic.com/image/thumb/Music125/v4/18/93/db/1893db5c-ddd1-b95c-3112-b9b83bcceab0/0093624986553.jpg/600x600bb.jpg"
"94","Aerials","Toxicity","System Of A Down","2001","112","83","2025-09-25 17:26:49","https://is1-ssl.mzstatic.com/image/thumb/Music125/v4/82/51/52/825152b4-9423-b23b-c036-cc67ead732d4/888888046775.jpg/600x600bb.jpg"
"95","Bring Me To Life","Fallen","Evanescence","2003","199","187","2025-09-25 17:20:54","https://is1-ssl.mzstatic.com/image/thumb/Music115/v4/10/4c/21/104c21e6-9ef0-4d3a-d1bd-d47167f121e5/00601501406300.rgb.jpg/600x600bb.jpg"
"96","Du Hast","Sehnsucht","Rammstein","1997","86","42","2025-09-25 17:17:11","https://is1-ssl.mzstatic.com/image/thumb/Music116/v4/78/af/45/78af45f6-e4e6-5681-c1f6-a20e3949ab8c/18UMGIM31237.rgb.jpg/600x600bb.jpg"
"97","Lightning Crashes","Throwing Copper","Live","1994","38","152","2025-09-25 17:10:08","https://is1-ssl.mzstatic.com/image/thumb/Music221/v4/45/d4/51/45d45175-4e14-6544-34b4-730d19cae4a0/06UMGIM02695.rgb.jpg/600x600bb.jpg"
"98","8 Foot Sativa","Hate Made Me","8 Foot Sativa","2002","133","205","2025-09-25 17:07:48","https://is1-ssl.mzstatic.com/image/thumb/Music126/v4/00/c5/33/00c533ee-294e-f18a-c53b-6e5568f035f9/9421011340205.png/600x600bb.jpg"
"99","Kryptonite","The Better Life","3 Doors Down","2000","143","185","2025-09-25 16:53:57","https://is1-ssl.mzstatic.com/image/thumb/Music125/v4/61/2a/58/612a58ca-af10-cc8f-07ef-b3368ebc9564/07UMGIM12238.rgb.jpg/600x600bb.jpg"
"100","Change (In The House Of Flies)","White Pony","Deftones","2000","110","181","2025-09-25 16:49:14","https://is1-ssl.mzstatic.com/image/thumb/Music125/v4/f2/74/8c/f2748c3d-ca8c-75ac-f9fc-32f333aed8bd/093624893097.jpg/600x600bb.jpg"
"101","Brothers In Arms","Brothers in Arms","Dire Straits","1985","93","82","2025-09-25 16:42:35","https://is1-ssl.mzstatic.com/image/thumb/Music115/v4/e8/bd/54/e8bd54fd-6595-4ebf-aa4c-58139ed316e6/dj.bngafruf.jpg/600x600bb.jpg"
"102","My Way","Chocolate Starfish And The Hot Dog Flavoured Water","Limp Bizkit","2000","91","170","2025-09-25 16:29:26","https://upload.wikimedia.org/wikipedia/en/thumb/3/38/Limp_Bizkit_Chocolate_Starfish_and_the_Hotdog_Flavored_Water.jpg/220px-Limp_Bizkit_Chocolate_Starfish_and_the_Hotdog_Flavored_Water.jpg"
"103","Close My Eyes Forever","Lita","Lita Ford and Ozzy Osbourne","1988","621","285","2025-09-25 16:24:55","https://upload.wikimedia.org/wikipedia/en/3/31/Lita_Ford_and_Ozzy_Osbourne_-_Close_My_Eyes_Forever.png"
"104","1979","Mellon Collie & the Infinate Sadness","Smashing Pumpkins","1995","179","158","2025-09-25 16:18:52","https://is1-ssl.mzstatic.com/image/thumb/Music115/v4/ca/ce/b2/caceb2ed-50f0-c666-e4d0-165a0a1541fc/13UABIM04008.rgb.jpg/600x600bb.jpg"
"105","Got The Life","Follow the Leader","Korn","1998","96","68","2025-09-25 16:14:39","https://is1-ssl.mzstatic.com/image/thumb/Music115/v4/0c/43/c8/0c43c8b7-d3b5-b0a5-9c6d-799181983f21/886446148533.jpg/600x600bb.jpg"
"106","Khe Sanh","Cold Chisel","Cold Chisel","1978","72","37","2025-09-25 16:09:13","https://cdn.mediaworks.nz/therock/images/songs/Mi5qcGVn.jpeg"
"107","Hunger Strike","Temple of the Dog","Temple Of The Dog","1991","82","52","2025-09-25 16:06:05","https://is1-ssl.mzstatic.com/image/thumb/Music125/v4/67/7d/7b/677d7b51-e664-d4ac-84f4-bc18920d95a0/00075021535022.rgb.jpg/600x600bb.jpg"
"108","Sad But True","Metallica (Black Album)","Metallica","1991","147","94","2025-09-25 15:51:54","https://is1-ssl.mzstatic.com/image/thumb/Music125/v4/18/93/db/1893db5c-ddd1-b95c-3112-b9b83bcceab0/0093624986553.jpg/600x600bb.jpg"
"109","Creep","Pablo Honey","Radiohead","1993","164","126","2025-09-25 15:48:26","https://is1-ssl.mzstatic.com/image/thumb/Music126/v4/0a/30/e8/0a30e802-d9a3-ba01-243c-774f7cd966fd/634904077969.png/600x600bb.jpg"
"110","Paradise City","Appetite for Desctruction","Guns N' Roses","1987","85","76","2025-09-25 15:41:32","https://is1-ssl.mzstatic.com/image/thumb/Music125/v4/a0/4d/c4/a04dc484-03cc-02aa-fa82-5334fcb4bc16/18UMGIM24878.rgb.jpg/600x600bb.jpg"
"111","Welcome To The Jungle","Appetite for Desctruction","Guns N' Roses","1987","161","58","2025-09-25 15:30:05","https://is1-ssl.mzstatic.com/image/thumb/Music125/v4/a0/4d/c4/a04dc484-03cc-02aa-fa82-5334fcb4bc16/18UMGIM24878.rgb.jpg/600x600bb.jpg"
"112","Higher","Human Clay","Creed","1999","67","250","2025-09-25 15:25:07","https://is1-ssl.mzstatic.com/image/thumb/Music221/v4/a9/21/35/a92135b7-7fc6-b7ed-cab7-0b1a7aab4d7d/24CRGIM42212.rgb.jpg/600x600bb.jpg"
"113","Better Man","Vitolagy","Pearl Jam","1994","50","87","2025-09-25 15:18:04","https://is1-ssl.mzstatic.com/image/thumb/Music125/v4/5c/8c/6d/5c8c6d72-ff93-5182-be87-f224db0a41e3/dj.gxlpyxpu.jpg/600x600bb.jpg"
"114","Coming Undone","See You On The Other Side","Korn","2005","160","177","2025-09-25 15:14:54","https://is1-ssl.mzstatic.com/image/thumb/Music126/v4/05/87/ad/0587ad45-51e5-f00c-48a4-941452a65d85/5054526859951.jpg/1000x1000bb.jpg"
"115","Tribute","Tenacious D","Tenacious D","2001","41","74","2025-09-25 15:09:42","https://is1-ssl.mzstatic.com/image/thumb/Music124/v4/8a/73/2a/8a732a82-8a74-ec40-9a07-92b1eacf78f1/mzi.aywvpxoc.jpg/600x600bb.jpg"
"116","Even Flow","Ten","Pearl Jam","1991","106","109","2025-09-25 15:04:12","https://is1-ssl.mzstatic.com/image/thumb/Music125/v4/5e/91/c1/5e91c1ba-53cb-c5c8-15f1-d3c81f3b3592/dj.psrqglcw.jpg/600x600bb.jpg"
"117","Wait And Bleed","Slipknot","Slipknot","1999","102","119","2025-09-25 14:56:11","https://is1-ssl.mzstatic.com/image/thumb/Music125/v4/75/d0/dd/75d0dd84-cd4f-4887-367b-c9204480a872/016861752545.jpg/600x600bb.jpg"
"118","3AM","Yourself or Someone Like You","Matchbox 20","1996","435","413","2025-09-25 14:51:46","https://is1-ssl.mzstatic.com/image/thumb/Music125/v4/be/24/30/be243026-a149-dc9d-ef3b-d01fef6da03f/075679957535.jpg/600x600bb.jpg"
"119","Know Your Enemy","Rage Against the Machine","Rage Against The Machine","1992","94","98","2025-09-25 14:46:47","https://static.tvtropes.org/pmwiki/pub/images/rageagainstthemachinepic.jpg"
"120","Crack Cocaine","The Morrison Project","Ozzy Osbourne","2024","84","","2025-09-25 14:38:38","https://i.scdn.co/image/ab67616d0000b273c7b4501384a4e5eb729ad6a9"
"121","Flame Trees","Twentieth Century","Cold Chisel","1984","117","136","2025-09-25 14:34:10","https://is1-ssl.mzstatic.com/image/thumb/Music122/v4/52/de/8b/52de8ba8-b854-f860-d0e2-7e3e8133c79b/13UAEIM06133.rgb.jpg/600x600bb.jpg"
"122","Aenema","Aenima","Tool","1996","173","113","2025-09-25 14:28:16","https://is1-ssl.mzstatic.com/image/thumb/Music113/v4/be/e3/59/bee35988-338f-f01a-6271-ceefdd3f8925/886447824757.jpg/600x600bb.jpg"
"123","(I Can't Get No) Satisfaction","Out of Our Heads","The Rolling Stones","1965","557","1724","2025-09-25 14:22:53","https://is1-ssl.mzstatic.com/image/thumb/Music113/v4/6b/8c/5b/6b8c5bc2-cbf3-5d48-ac10-565dd728802b/13ABKIM00023.rgb.jpg/600x600bb.jpg"
"124","Concubine","The Great Escape","No Cigar","2023","10","","2025-09-25 14:18:28","https://is1-ssl.mzstatic.com/image/thumb/Music126/v4/ea/9a/c5/ea9ac5d8-dd0c-78c0-faef-d9ad217fcdc5/165234.jpg/600x600bb.jpg"
"125","Cowboys From Hell","Cowboys From Hell","Pantera","1990","77","29","2025-09-25 14:14:29","https://is1-ssl.mzstatic.com/image/thumb/Music124/v4/78/61/6c/78616c29-9999-48f7-cea9-8ed5794dbcaa/mzi.htnwpowi.jpg/600x600bb.jpg"
"126","Plastic Boxes","As Above, So Below","Highly Suspect","2024","1957","","2025-09-25 14:09:35","https://is1-ssl.mzstatic.com/image/thumb/Music211/v4/17/73/72/177372ff-aae0-5ff0-e874-3d77da0e8dfa/075679662194.jpg/600x600bb.jpg"
"127","The Beautiful People","Antichrist Superstar","Marilyn Manson","1996","169","202","2025-09-25 14:06:32","https://is1-ssl.mzstatic.com/image/thumb/Music124/v4/27/c3/f4/27c3f4f6-89f8-9368-6a7b-4ffd4abcdea1/00602527220123.rgb.jpg/600x600bb.jpg"
"128","Jeremy","Ten","Pearl Jam","1991","113","140","2025-09-25 14:00:16","https://is1-ssl.mzstatic.com/image/thumb/Music125/v4/5e/91/c1/5e91c1ba-53cb-c5c8-15f1-d3c81f3b3592/dj.psrqglcw.jpg/600x600bb.jpg"
"129","Ace Of Spades","Ace of Spades","Motorhead","1980","182","108","2025-09-25 13:53:13","https://is1-ssl.mzstatic.com/image/thumb/Music114/v4/81/72/61/8172614e-a7f2-cb28-e245-f22d34cfa2af/4050538587302.jpg/600x600bb.jpg"
"130","Closer","Only By The Night","Kings Of Leon","2009","176","162","2025-09-25 13:49:04","https://is1-ssl.mzstatic.com/image/thumb/Features125/v4/74/25/4c/74254c8b-e03d-44e8-304d-4cde508b8cfb/dj.swemfdrr.jpg/600x600bb.jpg"
"131","Kashmir","Physical Graffitti","Led Zeppelin","1975","127","57","2025-09-25 13:40:50","https://is1-ssl.mzstatic.com/image/thumb/Music125/v4/82/6c/5d/826c5d66-67b7-62f2-4d78-dd3c7b415e08/dj.pifhrvpa.jpg/600x600bb.jpg"
"132","Patient Number 9","Patient Number 9","Ozzy Osbourne","2022","165","26","2025-09-25 13:29:02","https://is1-ssl.mzstatic.com/image/thumb/Music122/v4/69/10/d2/6910d2b2-ef2e-881f-5a81-039eb350341e/196589214195.jpg/600x600bb.jpg"
"133","Santeria","Sublime","Sublime","1996","159","130","2025-09-25 13:26:13","https://is1-ssl.mzstatic.com/image/thumb/Music125/v4/c2/44/52/c2445270-0ad1-c895-3ab1-24beedd6c422/06UMGIM01498.rgb.jpg/600x600bb.jpg"
"134","One Step Closer","Hybrid Theory","Linkin Park","1999","118","137","2025-09-25 13:22:56","https://is1-ssl.mzstatic.com/image/thumb/Features115/v4/f0/31/b2/f031b2b2-bcf0-6102-426f-e0b2c7437415/dj.vrgpwamf.jpg/600x600bb.jpg"
"135","Don't Look Back In Anger","(What's the Story) Morning Glory?","Oasis","1995","380","376","2025-09-25 13:17:27","https://is1-ssl.mzstatic.com/image/thumb/Music113/v4/04/92/e0/0492e08b-cbcc-9969-9ad6-8f5a0888068c/5051961007107.jpg/600x600bb.jpg"
"136","Kai Tangata","Tu","Alien Weaponry","2018","167","668","2025-09-25 13:10:55","https://is1-ssl.mzstatic.com/image/thumb/Music62/v4/fa/05/90/fa05906f-4f3c-0677-5dd0-2ab09b878ed0/840588116683.jpg/1000x1000bb.jpg"
"137","Times Like These","One By One","Foo Fighters","2002","158","132","2025-09-25 13:05:59","https://is1-ssl.mzstatic.com/image/thumb/Music124/v4/48/e2/f8/48e2f856-3fbe-9671-d5a7-72476ad1dcf0/828765555524.jpg/600x600bb.jpg"
"138","Hells Bells","Back In Black","AC/DC","1980","66","141","2025-09-25 13:01:27","https://is1-ssl.mzstatic.com/image/thumb/Music115/v4/1e/14/58/1e145814-281a-58e0-3ab1-145f5d1af421/886443673441.jpg/600x600bb.jpg"
"139","Lateralus","Lateralaus","Tool","2001","114","75","2025-09-25 12:48:28","https://is1-ssl.mzstatic.com/image/thumb/Music113/v4/fb/99/8c/fb998c1e-1a11-2434-0fa7-0d90beba5d2b/886447824764.jpg/600x600bb.jpg"
"140","Start A Revolution","We Rise","Devilskin","2014","141","215","2025-09-25 12:45:09","https://is1-ssl.mzstatic.com/image/thumb/Music116/v4/8a/de/c1/8adec1ba-2ce4-805a-bdb4-8e582fc9d0fd/9421028858953.png/600x600bb.jpg"
"141","Gods of Rock N Roll","The Morrison Project","Ozzy Osbourne/Billy Morrison","2024","DEBUT","","2025-09-25 12:36:05","https://upload.wikimedia.org/wikipedia/en/thumb/6/6b/Gods_of_Rock_n_Roll.jpg/250px-Gods_of_Rock_n_Roll.jpg"
"142","Come As You Are","Nevermind","Nirvana","1991","115","95","2025-09-25 12:30:53","https://external-preview.redd.it/PVilxGidbEIEbHZzpqAP6CR1S1RLAkxl0GZOOzqPuCc.png?width=640&crop=smart&auto=webp&s=beda8d43df83839f3c2d14e6644a8bc642bd49f8"
"143","Last Resort","Infest","Papa Roach","2000","123","123","2025-09-25 12:26:24","https://is1-ssl.mzstatic.com/image/thumb/Music115/v4/94/c8/b2/94c8b2c9-6902-5ec6-a046-c20579f4670b/18UMGIM85521.rgb.jpg/600x600bb.jpg"
"144","Civil War","Use Your Illusions II","Guns N' Roses","1991","109","110","2025-09-25 12:18:29","https://is1-ssl.mzstatic.com/image/thumb/Music122/v4/db/8e/35/db8e356d-76e8-1e10-d7cb-87870bdbfad2/18UMGIM31437.rgb.jpg/600x600bb.jpg"
"145","Alive","Ten","Pearl Jam","1991","56","149","2025-09-25 12:13:52","https://is1-ssl.mzstatic.com/image/thumb/Music125/v4/5e/91/c1/5e91c1ba-53cb-c5c8-15f1-d3c81f3b3592/dj.psrqglcw.jpg/600x600bb.jpg"
"146","Bliss","Where are the Boys","Th' Dudes","1980","129","104","2025-09-25 12:08:19","https://is1-ssl.mzstatic.com/image/thumb/Music126/v4/a5/a1/4a/a5a14ab1-98ee-18a6-3b15-0a986759fb92/9419569104424.png/1000x1000bb.jpg"
"147","What I've Done","Minutes to Midnight","Linkin Park","2007","255","234","2025-09-25 12:02:52","https://is1-ssl.mzstatic.com/image/thumb/Music125/v4/73/03/56/730356d5-a510-3d3f-d3c6-171f64700d35/093624948971.jpg/600x600bb.jpg"
"148","2 Minutes To Midnight","Powerslave","Iron Maiden","1984","330","182","2025-09-25 11:50:04","https://is1-ssl.mzstatic.com/image/thumb/Music62/v4/1b/7e/fd/1b7efd1c-ba04-4d58-2d83-687a0435e7b9/881034134462.jpg/600x600bb.jpg"
"149","21 Guns","21st Century Breakdown","Green Day","2009","239","243","2025-09-25 11:45:54","https://is1-ssl.mzstatic.com/image/thumb/Music115/v4/b8/36/d6/b836d655-7ef3-5c93-734e-fb77c4981308/mzi.opxridrf.jpg/600x600bb.jpg"
"150","Wherever I May Roam","Metallica (Black Album)","Metallica","1991","270","430","2025-09-25 11:34:18","https://is1-ssl.mzstatic.com/image/thumb/Music125/v4/18/93/db/1893db5c-ddd1-b95c-3112-b9b83bcceab0/0093624986553.jpg/600x600bb.jpg"
"151","Serotonia","The Boy Who Died Wolf","Highly Suspect","2016","128","156","2025-09-25 11:28:05","https://is1-ssl.mzstatic.com/image/thumb/Music114/v4/00/d6/4c/00d64c19-77df-c4c2-ba6a-498f2ec70c28/814908021889.jpg/1000x1000bb.jpg"
"152","Changes","Volume 4","Black Sabbath","1972","1300","1107","2025-09-25 11:21:25","https://is1-ssl.mzstatic.com/image/thumb/Music124/v4/65/68/ac/6568ace4-0c7a-6387-47ed-2f4c3411ff4d/075992725927.jpg/1000x1000bb.jpg"
"153","Dragula","Hellbilly Delux","Rob Zombie","1998","189","254","2025-09-25 11:18:04","https://is1-ssl.mzstatic.com/image/thumb/Music116/v4/57/a4/07/57a4070f-2d41-754b-90f1-ff14faa6133a/06UMGIM18800.rgb.jpg/600x600bb.jpg"
"154","Highway To Hell","Highway to Hell","AC/DC","1979","21","60","2025-09-25 11:15:32","https://is1-ssl.mzstatic.com/image/thumb/Music126/v4/b9/c8/ef/b9c8ef42-bbc9-64df-11f8-717571f6730f/886443673458.jpg/600x600bb.jpg"
"155","The Unforgiven II","Re-Load","Metallica","1997","183","248","2025-09-25 11:06:19","https://upload.wikimedia.org/wikipedia/en/9/9b/Metallica_-_Reload_cover.jpg"
"156","Californication","Californication","Red Hot Chili Peppers","1999","145","135","2025-09-25 11:01:48","https://is1-ssl.mzstatic.com/image/thumb/Music124/v4/4c/86/1d/4c861dab-5428-f3b7-8068-82bb69db5e89/093624932130.jpg/600x600bb.jpg"
"157","7empest","Fear Inoculum","Tool","2019","203","166","2025-09-25 10:41:02","https://is1-ssl.mzstatic.com/image/thumb/Music125/v4/fe/44/10/fe44109b-9bb0-8219-541b-dae56dd9af01/886447895856.jpg/600x600bb.jpg"
"158","Live Forever","Definitely Maybe","Oasis","1994","601","532","2025-09-25 10:31:44","https://is1-ssl.mzstatic.com/image/thumb/Music124/v4/00/af/e3/00afe365-35f8-04cb-379a-e12abead71cd/5051961070132.jpg/600x600bb.jpg"
"159","The Devil In I","5: The Gray Chapter","Slipknot","2014","226","312","2025-09-25 10:25:18","https://is1-ssl.mzstatic.com/image/thumb/Music115/v4/75/11/7c/75117c19-7669-13fc-4d6c-054daf7a8b07/016861754563.jpg/600x600bb.jpg"
"160","How You Remind Me","Sliver Side Up","Nickelback","2001","111","237","2025-09-25 10:21:17","https://is1-ssl.mzstatic.com/image/thumb/Music115/v4/ad/16/b7/ad16b7c9-2779-d2e5-0fca-83aeff09f4b6/mzi.exqcjkkz.jpg/1000x1000bb.jpg"
"161","Bark At The Moon","Bark at the Moon","Ozzy Osbourne","1983","1030","835","2025-09-25 10:16:21","https://is1-ssl.mzstatic.com/image/thumb/Music124/v4/9c/2b/93/9c2b933c-c0de-689e-0b7c-ccadf7649954/696998542921.jpg/600x600bb.jpg"
"162","11:57","Trouble in Paradise","Elemeno P","2005","298","359","2025-09-25 10:13:39","https://is1-ssl.mzstatic.com/image/thumb/Music124/v4/cb/bf/7c/cbbf7c0f-4711-9e8e-adb2-53fc38e569c5/06UMGIM30703.rgb.jpg/600x600bb.jpg"
"163","Shine On You Crazy Diamond","Wish You Were Here","Pink Floyd","1975","80","65","2025-09-25 10:04:06","https://is1-ssl.mzstatic.com/image/thumb/Music115/v4/49/ab/fe/49abfef6-0cd9-aa1f-05c3-3eb85d3fe3f5/886445635843.jpg/600x600bb.jpg"
"164","Papercut","Hybrid Theory","Linkin Park","2001","178","116","2025-09-25 09:59:59","https://is1-ssl.mzstatic.com/image/thumb/Features115/v4/f0/31/b2/f031b2b2-bcf0-6102-426f-e0b2c7437415/dj.vrgpwamf.jpg/600x600bb.jpg"
"165","Working Class Man","Working Class Man","Jimmy Barnes","1985","104","19","2025-09-25 09:51:58","https://is1-ssl.mzstatic.com/image/thumb/Music6/v4/d5/5d/7f/d55d7f36-b2f0-3efb-7456-deaba378b422/Working_Class_Man.jpg/1000x1000bb.jpg"
"166","The Diary Of Jane","Probia","Breaking Benjamin","2006","140","219","2025-09-25 09:49:27","https://upload.wikimedia.org/wikipedia/en/4/44/Phobia-Breaking_Benjamin_album.jpg"
"167","T.N.T.","T.N.T.","AC/DC","1975","296","324","2025-09-25 09:44:39","https://upload.wikimedia.org/wikipedia/en/1/17/ACDC-TNT.jpg"
"168","Barracuda","Surfacing","Devilskin","2024","42","","2025-09-25 09:35:55","https://is1-ssl.mzstatic.com/image/thumb/Music221/v4/28/e5/3e/28e53eae-9be0-563c-c24f-1d5f5e519f79/9420076429467.png/600x600bb.jpg"
"169","18 And Life","Skid Row","Skid Row","1989","152","114","2025-09-25 09:31:30","https://is1-ssl.mzstatic.com/image/thumb/Music116/v4/97/73/fb/9773fb18-0a19-d3dc-d702-47cc42beb64e/0603497880065.jpg/600x600bb.jpg"
"170","Fuel","Re-Load","Metallica","1997","116","138","2025-09-25 09:26:07","https://upload.wikimedia.org/wikipedia/en/9/9b/Metallica_-_Reload_cover.jpg"
"171","Daughter","vs","Pearl Jam","1993","154","77","2025-09-25 09:24:03","https://is1-ssl.mzstatic.com/image/thumb/Music115/v4/60/a1/f7/60a1f7ee-72d8-0096-ac20-fe9c453211c7/dj.nyndmalc.jpg/600x600bb.jpg"
"172","Sabbath Bloody Sabbath","Sabbath Bloody Sabbath","Black Sabbath","1973","670","444","2025-09-25 09:18:44","https://is1-ssl.mzstatic.com/image/thumb/Music125/v4/2b/7d/9a/2b7d9a86-ff59-f9fe-37ec-363b44f54d18/075992727228.jpg/600x600bb.jpg"
"173","Scar Tissue","Californication","Red Hot Chili Peppers","1999","184","159","2025-09-25 09:14:10","https://is1-ssl.mzstatic.com/image/thumb/Music124/v4/4c/86/1d/4c861dab-5428-f3b7-8068-82bb69db5e89/093624932130.jpg/600x600bb.jpg"
"174","Before I Forget","Vol. 3: (The Subliminal Verses)","Slipknot","2004","217","160","2025-09-25 09:09:23","https://is1-ssl.mzstatic.com/image/thumb/Music124/v4/7c/5d/17/7c5d174e-f7c5-2fba-04c4-c3d89b605300/016861752347.jpg/600x600bb.jpg"
"175","Mr. Brightside","Hot fuss","The Killers","2004","212","175","2025-09-25 09:05:38","https://is1-ssl.mzstatic.com/image/thumb/Music116/v4/07/1a/5a/071a5aee-6e42-060c-35b9-6a6e45b9ea59/06UMGIM10441.rgb.jpg/600x600bb.jpg"
"176","Outshined","Badmotorfinger","Soundgarden","1991","406","297","2025-09-25 08:53:30","https://is1-ssl.mzstatic.com/image/thumb/Music114/v4/2c/a2/84/2ca284fb-2ec8-6a6e-e739-bb019b594c5a/00602557233278.rgb.jpg/600x600bb.jpg"
"177","Behind Blue Eyes","Results May Vary","Limp Bizkit","2003","264","536","2025-09-25 08:47:26","https://is1-ssl.mzstatic.com/image/thumb/Music112/v4/13/69/9a/13699aef-5c29-9290-2822-ebd295a52a64/15UMGIM40128.rgb.jpg/600x600bb.jpg"
"178","Bleed It Out","Minutes to Midnight","Linkin Park","2007","153","212","2025-09-25 08:39:52","https://is1-ssl.mzstatic.com/image/thumb/Music125/v4/73/03/56/730356d5-a510-3d3f-d3c6-171f64700d35/093624948971.jpg/600x600bb.jpg"
"179","Self Esteem","Smash","The Offspring","1994","242","189","2025-09-25 08:34:39","https://is1-ssl.mzstatic.com/image/thumb/Music221/v4/af/a3/6f/afa36ff7-01fd-f054-1e05-b257aff7cd20/0045778686865.png/600x600bb.jpg"
"180","Vicarious","10,000 Days","Tool","2006","144","61","2025-09-25 08:28:05","https://is1-ssl.mzstatic.com/image/thumb/Music124/v4/93/17/11/931711de-7877-94ac-7e4c-af25ee6775e8/886447824771.jpg/600x600bb.jpg"
"181","You Shook Me All Night Long","Back In Black","AC/DC","1980","185","127","2025-09-25 08:19:07","https://is1-ssl.mzstatic.com/image/thumb/Music115/v4/1e/14/58/1e145814-281a-58e0-3ab1-145f5d1af421/886443673441.jpg/600x600bb.jpg"
"182","Bro Hymn","Pennywise","Pennywise","1991","98","54","2025-09-25 08:12:27","https://is1-ssl.mzstatic.com/image/thumb/Music122/v4/ea/0b/a4/ea0ba4e2-1fb3-125d-3345-bf8f8dbf71ac/0045778673667.png/600x600bb.jpg"
"183","Seek and Destroy","Kill 'Em All","Metallica","1983","328","415","2025-09-25 08:04:28","https://is1-ssl.mzstatic.com/image/thumb/Features124/v4/73/06/19/73061928-34a2-6462-963a-039203d507fe/dj.cloeijsr.png/600x600bb.jpg"
"184","Under The Graveyard","Ordinary Man","Ozzy Osbourne","2020","339","320","2025-09-24 17:51:54","https://is1-ssl.mzstatic.com/image/thumb/Music125/v4/fa/22/16/fa2216f0-b257-1c33-19d5-642504acf64a/886448148920.jpg/600x600bb.jpg"
"185","Monkey Wrench","The Colour and the Shape","Foo Fighters","1997","119","78","2025-09-24 17:48:24","https://is1-ssl.mzstatic.com/image/thumb/Music124/v4/20/4d/4b/204d4b45-db70-37f8-ce00-23f396623836/dj.jixvlpyt.jpg/600x600bb.jpg"
"186","My Own Summer (Shove It)","Around the Fur","Deftones","1997","180","174","2025-09-24 17:44:53","https://cdn.mediaworks.nz/therock/images/songs/ab6761610000e5eb4b2da0b72cab26ac518f1f0d.jpg"
"187","Plush","Core","Stone Temple Pilots","1992","100","180","2025-09-24 17:32:27","https://is1-ssl.mzstatic.com/image/thumb/Music128/v4/9c/c1/4d/9cc14ddd-fc63-58eb-d911-98de74825324/603497869275.jpg/600x600bb.jpg"
"188","Spiders","System of a Down","System Of A Down","1998","149","134","2025-09-24 17:29:10","https://is1-ssl.mzstatic.com/image/thumb/Music125/v4/16/af/a1/16afa1d6-ebc7-a213-da7c-1b46076ff1b7/dj.yuooiixy.jpg/600x600bb.jpg"
"189","Take A Look Around","Chocolate Starfish?","Limp Bizkit","2000","220","427","2025-09-24 17:24:30","https://upload.wikimedia.org/wikipedia/en/thumb/3/38/Limp_Bizkit_Chocolate_Starfish_and_the_Hotdog_Flavored_Water.jpg/220px-Limp_Bizkit_Chocolate_Starfish_and_the_Hotdog_Flavored_Water.jpg"
"190","Sex On Fire","Only By The Night","Kings Of Leon","2009","194","173","2025-09-24 17:20:36","https://is1-ssl.mzstatic.com/image/thumb/Features125/v4/74/25/4c/74254c8b-e03d-44e8-304d-4cde508b8cfb/dj.swemfdrr.jpg/600x600bb.jpg"
"191","Hail To The King","Hail To The King","Avenged Sevenfold","2013","163","207","2025-09-24 17:14:48","https://is1-ssl.mzstatic.com/image/thumb/Music115/v4/c3/8f/cb/c38fcb39-bbca-3e38-4b5d-1add583d2e92/093624942214.jpg/600x600bb.jpg"
"192","Iris","City of Angels: Music from the Motion Picture","Goo Goo Dolls","1998","268","388","2025-09-24 17:10:01","https://upload.wikimedia.org/wikipedia/en/b/b6/City_of_angels_%28album_cover%29.jpg"
"193","Crawling","Hydrid Theory","Linkin Park","1999","108","81","2025-09-24 17:05:55","https://is1-ssl.mzstatic.com/image/thumb/Features115/v4/f0/31/b2/f031b2b2-bcf0-6102-426f-e0b2c7437415/dj.vrgpwamf.jpg/600x600bb.jpg"
"194","Down In A Hole","Dirt","Alice In Chains","1992","190","216","2025-09-24 16:51:30","https://is1-ssl.mzstatic.com/image/thumb/Music112/v4/54/26/62/5426627b-4707-7867-acc0-ce616d250381/074645247526.jpg/600x600bb.jpg"
"195","Judith","Mer de Noms","A Perfect Circle","2000","195","179","2025-09-24 16:47:56","https://is1-ssl.mzstatic.com/image/thumb/Music124/v4/12/8c/22/128c225e-2d75-a283-c13f-0aaaf92ef865/13UABIM59271.rgb.jpg/600x600bb.jpg"
"196","Miles Away","Miles Away","Villainy","2024","DEBUT","","2025-09-24 16:44:39","https://cdn.mediaworks.nz/therock/images/songs/311552.jpg"
"197","Black Sabbath","Black Sabbath","Black Sabbath","1970","781","580","2025-09-24 16:30:43","https://is1-ssl.mzstatic.com/image/thumb/Music115/v4/62/8a/3d/628a3dc3-c862-8641-6306-64d7e7e8960a/075992718523.jpg/600x600bb.jpg"
"198","Little One","The Boy Who Died Wolf","Highly Suspect","2016","156","224","2025-09-24 16:26:56","https://is1-ssl.mzstatic.com/image/thumb/Music114/v4/00/d6/4c/00d64c19-77df-c4c2-ba6a-498f2ec70c28/814908021889.jpg/600x600bb.jpg"
"199","S.U.I.T","Blindspott","Blindspott","2003","262","288","2025-09-24 16:20:22","https://is1-ssl.mzstatic.com/image/thumb/Music211/v4/31/7a/26/317a2697-0f02-7c45-2e78-9e178c2266c7/0724354352928.png/600x600bb.jpg"
"200","All My Life","One By One","Foo Fighters","2002","20","63","2025-09-24 16:16:10","https://is1-ssl.mzstatic.com/image/thumb/Music124/v4/48/e2/f8/48e2f856-3fbe-9671-d5a7-72476ad1dcf0/828765555524.jpg/600x600bb.jpg"
"201","Paint It Black","Aftermath","The Rolling Stones","1966","311","279","2025-09-24 16:09:25","https://is1-ssl.mzstatic.com/image/thumb/Music115/v4/ea/26/4d/ea264dc4-5f6e-29a2-c95e-18097da49be9/00018771894520.rgb.jpg/600x600bb.jpg"
"202","Kickstart My Heart","Dr. Feelgood","Motley Crue","1989","170","50","2025-09-24 16:04:57","https://is1-ssl.mzstatic.com/image/thumb/Music116/v4/99/22/96/992296f3-30cd-de42-f56a-14eae85a2c53/4050538778670.jpg/1000x1000bb.jpg"
"203","My Sacrifice","Weathered","Creed","2001","136","267","2025-09-24 15:50:53","https://is1-ssl.mzstatic.com/image/thumb/Music125/v4/2b/d8/ff/2bd8ff78-9201-71dc-c931-503340d8b08a/00601501407529.rgb.jpg/600x600bb.jpg"
"204","I Don't Wanna Stop","Black Rain","Ozzy Osbourne","2007","954","908","2025-09-24 15:47:15","https://is1-ssl.mzstatic.com/image/thumb/Music124/v4/42/70/27/42702742-0279-2d68-d10b-4e7daa73e499/886444828840.jpg/600x600bb.jpg"
"205","Hurt","American IV: The Man Comes Around","Johnny Cash","2002","101","165","2025-09-24 15:43:44","https://is1-ssl.mzstatic.com/image/thumb/Music124/v4/ac/42/cd/ac42cddb-98f0-a78b-6aac-4f08266d30c4/00602537277353.rgb.jpg/600x600bb.jpg"
"206","Interstate Love Song","Purple","Stone Temple Pilots","1994","187","220","2025-09-24 15:32:04","https://is1-ssl.mzstatic.com/image/thumb/Music113/v4/d7/15/cc/d715cc36-0741-14b3-39b5-1f1f5ac88dd2/603497851553.jpg/600x600bb.jpg"
"207","Unsainted","We Are Not Your Kind","Slipknot","2019","408","244","2025-09-24 15:29:13","https://is1-ssl.mzstatic.com/image/thumb/Music125/v4/f6/eb/9c/f6eb9cc6-91a4-a723-de7a-08bd45d483b0/016861741006.jpg/600x600bb.jpg"
"208","Rockstar","All The Right Reasons","Nickelback","2005","181","369","2025-09-24 15:22:26","https://is1-ssl.mzstatic.com/image/thumb/Music114/v4/f8/e0/db/f8e0db52-f6e5-5d85-6e0a-ae73e5caab11/mzi.qohxegpg.jpg/600x600bb.jpg"
"209","Passenger","White Pony","Deftones","2000","228","343","2025-09-24 15:15:33","https://is1-ssl.mzstatic.com/image/thumb/Music125/v4/f2/74/8c/f2748c3d-ca8c-75ac-f9fc-32f333aed8bd/093624893097.jpg/600x600bb.jpg"
"210","No One Knows","Songs for the Deaf","Queens Of The Stone Age","2002","134","199","2025-09-24 15:09:21","https://is1-ssl.mzstatic.com/image/thumb/Music125/v4/50/ca/f8/50caf865-3197-77d3-f416-abfa14e698bd/00602517417205.rgb.jpg/600x600bb.jpg"
"211","Sweet Leaf","Master of Reality","Black Sabbath","1971","880","785","2025-09-24 15:03:51","https://is1-ssl.mzstatic.com/image/thumb/Music124/v4/c2/9f/a1/c29fa109-8c22-bb7f-82f2-a6891d961c28/075992725323.jpg/600x600bb.jpg"
"212","Mary Jane's Last Dance","Greatest Hits","Tom Petty and The Heartbreakers","1993","213","157","2025-09-24 14:53:11","https://is1-ssl.mzstatic.com/image/thumb/Music112/v4/78/61/dd/7861dd44-f796-08ea-c8ff-7f8a12a86db1/15UMGIM69649.rgb.jpg/1000x1000bb.jpg"
"213","Faint","Meteora","Linkin Park","2003","139","361","2025-09-24 14:50:20","https://is1-ssl.mzstatic.com/image/thumb/Features125/v4/dd/7d/72/dd7d7259-d27f-5b3e-ce64-9e304d2cb40f/dj.rxzrauer.jpg/600x600bb.jpg"
"214","Heart Shaped Box","In Utero","Nirvana","1993","138","163","2025-09-24 14:45:51","https://is1-ssl.mzstatic.com/image/thumb/Music125/v4/e3/20/03/e32003a4-99bc-1c70-40ba-001882f35dba/00602537526840.rgb.jpg/600x600bb.jpg"
"215","The Trooper","Piece of Mind","Iron Maiden","1983","88","124","2025-09-24 14:38:13","https://is1-ssl.mzstatic.com/image/thumb/Music125/v4/29/a3/9b/29a39b71-9acc-0317-288b-f908fd69fa57/881034134455.jpg/600x600bb.jpg"
"216","Lithium","Nevermind","Nirvana","1991","205","122","2025-09-24 14:34:53","https://external-preview.redd.it/PVilxGidbEIEbHZzpqAP6CR1S1RLAkxl0GZOOzqPuCc.png?width=640&crop=smart&auto=webp&s=beda8d43df83839f3c2d14e6644a8bc642bd49f8"
"217","Seven Nation Army","Elephant","The White Stripes","2003","89","28","2025-09-24 14:29:51","https://is1-ssl.mzstatic.com/image/thumb/Music114/v4/07/25/09/0725098a-09f4-f240-e551-94384a590371/886448799009.jpg/600x600bb.jpg"
"218","Children Of The Grave","Master Of Reality","Black Sabbath","1971","1650","338","2025-09-24 14:23:45","https://is1-ssl.mzstatic.com/image/thumb/Music124/v4/c2/9f/a1/c29fa109-8c22-bb7f-82f2-a6891d961c28/075992725323.jpg/600x600bb.jpg"
"219","Run","Pacifier","Shihad","2002","356","296","2025-09-24 14:20:48","https://is1-ssl.mzstatic.com/image/thumb/Music124/v4/ff/ac/13/ffac13ff-d212-1f29-e175-948cec84bccc/190295035679.jpg/600x600bb.jpg"
"220","Bombtrack","Rage Against the Machine","Rage Against The Machine","1992","238","210","2025-09-24 14:15:18","https://static.tvtropes.org/pmwiki/pub/images/rageagainstthemachinepic.jpg"
"221","Somewhere I Belong","Meteora","Linkin Park","2003","230","247","2025-09-24 14:11:19","https://is1-ssl.mzstatic.com/image/thumb/Features125/v4/dd/7d/72/dd7d7259-d27f-5b3e-ce64-9e304d2cb40f/dj.rxzrauer.jpg/600x600bb.jpg"
"222","Bleed The Freak","Facelift","Alice In Chains","1990","475","1301","2025-09-24 14:07:01","https://is1-ssl.mzstatic.com/image/thumb/Music114/v4/bb/00/db/bb00dbb6-f8fd-af14-6972-cd111a96e27a/888880462077.jpg/600x600bb.jpg"
"223","Bodies","Sinner","Drowning Pool","2001","252","262","2025-09-24 14:03:39","https://is1-ssl.mzstatic.com/image/thumb/Music221/v4/1f/8a/67/1f8a6798-a076-ec63-eb1b-d5ad32d9ab54/14CMGIM00807.rgb.jpg/600x600bb.jpg"
"224","Show Me How To Live","Audioslave","Audioslave","2002","204","246","2025-09-24 13:54:26","https://is1-ssl.mzstatic.com/image/thumb/Features115/v4/9c/b6/c2/9cb6c246-3626-7789-26a9-79b787e5668d/dj.owymmnty.jpg/600x600bb.jpg"
"225","Pour Some Sugar On Me","Hysteria","Def Leppard","1987","216","139","2025-09-24 13:50:26","https://is1-ssl.mzstatic.com/image/thumb/Music115/v4/0f/76/fa/0f76fa8d-8341-c0af-84d8-543b9193c728/17UM1IM41552.rgb.jpg/600x600bb.jpg"
"226","Room To Breathe","Blindspott","Blindspott","2001","282","378","2025-09-24 13:46:29","https://is1-ssl.mzstatic.com/image/thumb/Music211/v4/31/7a/26/317a2697-0f02-7c45-2e78-9e178c2266c7/0724354352928.png/600x600bb.jpg"
"227","Perry Mason","Ozzmosis","Ozzy Osbourne","1995","1062","769","2025-09-24 13:36:14","https://is1-ssl.mzstatic.com/image/thumb/Music114/v4/74/f9/28/74f92874-f72e-3886-b5cb-57dcb694b28f/dj.mrqaczol.jpg/600x600bb.jpg"
"228","Rocket Queen","Appetite for Desctruction","Guns N' Roses","1987","177","206","2025-09-24 13:29:30","https://is1-ssl.mzstatic.com/image/thumb/Music125/v4/a0/4d/c4/a04dc484-03cc-02aa-fa82-5334fcb4bc16/18UMGIM24878.rgb.jpg/600x600bb.jpg"
"229","Welcome To The Black Parade","The Black Parade","My Chemical Romance","2006","166","164","2025-09-24 13:25:28","https://is1-ssl.mzstatic.com/image/thumb/Music115/v4/7e/ac/69/7eac6998-7fa4-f1ab-9601-e8b791c736fa/mzi.fbpszunc.jpg/600x600bb.jpg"
"230","Immigrant Song","Led Zeppelin III","Led Zeppelin","1970","157","120","2025-09-24 13:22:02","https://is1-ssl.mzstatic.com/image/thumb/Music125/v4/62/fd/14/62fd14aa-d202-a86a-d948-0a5550b35fc3/dj.rkzuiqye.jpg/600x600bb.jpg"
"231","City Limits","Single Only","I Am Giant","2010","496","614","2025-09-24 13:17:09","https://is1-ssl.mzstatic.com/image/thumb/Music/80/c5/9b/mzi.dojrglme.jpg/1000x1000bb.jpg"
"232","Bullet With Butterfly Wings","Mellon Collie & the Infinate Sadness","Smashing Pumpkins","1995","198","240","2025-09-24 13:13:11","https://is1-ssl.mzstatic.com/image/thumb/Music115/v4/ca/ce/b2/caceb2ed-50f0-c666-e4d0-165a0a1541fc/13UABIM04008.rgb.jpg/600x600bb.jpg"
"233","The Red","Wonder What's Next","Chevelle","2002","272","476","2025-09-24 13:07:52","https://is1-ssl.mzstatic.com/image/thumb/Music124/v4/5e/a4/00/5ea400c9-fba3-f453-c6b0-8572752263f8/mzi.jubchflz.jpg/600x600bb.jpg"
"234","Run To The Hills","Number of the Beast","Iron Maiden","1982","142","117","2025-09-24 13:03:58","https://is1-ssl.mzstatic.com/image/thumb/Music115/v4/12/6b/44/126b4441-6747-c411-b765-7e54aefbf79f/881034134448.jpg/600x600bb.jpg"
"235","Tomorrow","Frogstomp","Silverchair","1994","227","194","2025-09-24 12:55:04","https://is1-ssl.mzstatic.com/image/thumb/Music115/v4/d5/4b/07/d54b073a-6422-3486-7545-557c5282a5ec/886445059557.jpg/600x600bb.jpg"
"236","Fairies Wear Boots","Paranoid","Black Sabbath","1970","692","676","2025-09-24 12:49:46","https://is1-ssl.mzstatic.com/image/thumb/Music125/v4/be/27/91/be279120-2285-16c6-c7ba-9d6643d4a948/075992732727.jpg/600x600bb.jpg"
"237","Wreckage","Dark Matter","Pearl Jam","2024","1879","","2025-09-24 12:43:48","https://is1-ssl.mzstatic.com/image/thumb/Music126/v4/17/11/35/171135ac-2077-e1fe-e7bd-417250aaa10b/24UMGIM11953.rgb.jpg/600x600bb.jpg"
"238","Domination","Cowboys From Hell","Pantera","1990","310","1163","2025-09-24 12:33:56","https://is1-ssl.mzstatic.com/image/thumb/Music124/v4/78/61/6c/78616c29-9999-48f7-cea9-8ed5794dbcaa/mzi.htnwpowi.jpg/600x600bb.jpg"
"239","Alright","The Buddhafinger","Tadpole","2000","295","962","2025-09-24 12:30:36","https://is1-ssl.mzstatic.com/image/thumb/Music116/v4/e2/1c/59/e21c59ca-a09a-4dc5-0605-5d03fd283964/9421011165006.png/600x600bb.jpg"
"240","Dreams","Rumours","Fleetwood Mac","1977","236","167","2025-09-24 12:25:49","https://is1-ssl.mzstatic.com/image/thumb/Music124/v4/4d/13/ba/4d13bac3-d3d5-7581-2c74-034219eadf2b/081227970949.jpg/600x600bb.jpg"
"241","The Kill","A Beautiful Lie","30 Seconds To Mars","2005","197","314","2025-09-24 12:21:39","https://is1-ssl.mzstatic.com/image/thumb/Music124/v4/b3/59/d0/b359d085-aa84-aae8-d03c-5305d0bb0111/16UMGIM34076.rgb.jpg/600x600bb.jpg"
"242","Learn To Fly","There Is Nothing Left To Lose","Foo Fighters","1999","168","118","2025-09-24 12:17:13","https://is1-ssl.mzstatic.com/image/thumb/Music125/v4/de/83/0a/de830a06-ba20-249b-909d-f46701a44f19/dj.aevpjurd.jpg/600x600bb.jpg"
"243","My Generation","Chocolate Starfish And The Hot Dog Flavoured Water","Limp Bizkit","2000","209","284","2025-09-24 12:14:19","https://upload.wikimedia.org/wikipedia/en/thumb/3/38/Limp_Bizkit_Chocolate_Starfish_and_the_Hotdog_Flavored_Water.jpg/220px-Limp_Bizkit_Chocolate_Starfish_and_the_Hotdog_Flavored_Water.jpg"
"244","Patience","G N' R Lies","Guns N' Roses","1988","281","231","2025-09-24 12:06:56","https://is1-ssl.mzstatic.com/image/thumb/Music125/v4/8e/d9/ba/8ed9ba3b-bbb5-b7b1-7441-39e7f0f42699/00720642419823.rgb.jpg/1000x1000bb.jpg"
"245","Symphony Of Destruction","Countdown to Extinction","Megadeth","1992","61","115","2025-09-24 12:02:56","https://is1-ssl.mzstatic.com/image/thumb/Music116/v4/ff/79/20/ff79206c-4d9e-d991-a020-1e79651edf9a/13UABIM29570.rgb.jpg/600x600bb.jpg"
"246","Saviour","Appeal To Reason","Rise Against","2008","215","230","2025-09-24 11:53:31","https://is1-ssl.mzstatic.com/image/thumb/Music115/v4/c8/fa/6a/c8fa6acb-bd79-5399-0876-f5e6a0f226e8/08UMGIM18022.rgb.jpg/600x600bb.jpg"
"247","R.I.P (Rest In Pieces)","Single first - Then Volume 1 (2022)","Blindspott","2021","211","309","2025-09-24 11:49:24","https://is1-ssl.mzstatic.com/image/thumb/Music116/v4/e6/95/23/e695234a-fdc6-90ff-cd1c-47190243a5e4/9420071505319.png/600x600bf-60.jpg"
"248","Hero Of War","Appeal to Reason","Rise Against","2008","253","322","2025-09-24 11:44:56","https://is1-ssl.mzstatic.com/image/thumb/Music115/v4/c8/fa/6a/c8fa6acb-bd79-5399-0876-f5e6a0f226e8/08UMGIM18022.rgb.jpg/600x600bb.jpg"
"249","Bat Out Of Hell","Bat out of Hell","Meatloaf","1977","219","200","2025-09-24 11:30:22","https://is1-ssl.mzstatic.com/image/thumb/Music125/v4/cd/90/b5/cd90b5c4-9379-92ae-da01-4b27ea00697b/886443775787.jpg/600x600bb.jpg"
"250","Turn The Page","Garage Inc","Metallica","1998","322","217","2025-09-24 11:25:40","https://is1-ssl.mzstatic.com/image/thumb/Music125/v4/ec/2f/09/ec2f0972-db2a-ef0d-52eb-7167fee36d5a/0075596229968.jpg/600x600bb.jpg"
"251","For Billy","The Boy Who Died Wolf","Highly Suspect","2016","121","440","2025-09-24 11:20:47","https://is1-ssl.mzstatic.com/image/thumb/Music114/v4/00/d6/4c/00d64c19-77df-c4c2-ba6a-498f2ec70c28/814908021889.jpg/1000x1000bb.jpg"
"252","Eulogy","?nima","Tool","1996","186","88","2025-09-24 11:13:42","https://is1-ssl.mzstatic.com/image/thumb/Music113/v4/be/e3/59/bee35988-338f-f01a-6271-ceefdd3f8925/886447824757.jpg/600x600bb.jpg"
"253","Fortunate Son","Willy and the Poor Boys","Creedence Clearwater Revival","1969","172","249","2025-09-24 11:08:29","https://is1-ssl.mzstatic.com/image/thumb/Music221/v4/29/1b/da/291bda3c-1743-c65c-41a6-f22a88936136/14CMGIM00939.rgb.jpg/600x600bb.jpg"
"254","Up from the Bottom","From Zero","Linkin Park","2024","DEBUT","","2025-09-24 11:05:38","https://cdn.mediaworks.nz/therock/images/songs/ab67616d0000b273d9de81090bd9699c9d36696e.jpg"
"255","God Is Dead","13","Black Sabbath","2013","1020","721","2025-09-24 10:51:46","https://upload.wikimedia.org/wikipedia/en/d/d6/Black_Sabbath_13.jpg"
"256","Waiting For Stevie","Dark Matter","Pearl Jam","2024","DEBUT","","2025-09-24 10:46:14","https://cdn.mediaworks.nz/therock/images/songs/24UMGIM11953.rgb.jpg"
"257","Vessel","We Rise","Devilskin","2014","201","977","2025-09-24 10:39:11","https://is1-ssl.mzstatic.com/image/thumb/Music116/v4/8a/de/c1/8adec1ba-2ce4-805a-bdb4-8e582fc9d0fd/9421028858953.png/600x600bb.jpg"
"258","Born To Run","Born To Run","Bruce Springsteen","1975","925","925","2025-09-24 10:33:59","https://is1-ssl.mzstatic.com/image/thumb/Music115/v4/0a/02/f7/0a02f7a1-ca2a-c0d7-7192-50314971721f/884977157031.jpg/600x600bb.jpg"
"259","Falling Away From Me","Issues","Korn","1999","206","278","2025-09-24 10:29:54","https://is1-ssl.mzstatic.com/image/thumb/Music115/v4/75/b7/07/75b7076e-326c-76b9-cee2-e24eb231828a/dj.vcfewdhc.jpg/600x600bb.jpg"
"260","Livin' On A Prayer","Slippery When Wet","Bon Jovi","1986","288","291","2025-09-24 10:25:49","https://is1-ssl.mzstatic.com/image/thumb/Music112/v4/40/16/3e/40163e24-6985-b785-d4ea-cbae07d74812/06UMGIM05422.rgb.jpg/600x600bb.jpg"
"261","Lonely Day","Hypnotize","System Of A Down","2005","171","290","2025-09-24 10:22:40","https://is1-ssl.mzstatic.com/image/thumb/Music125/v4/79/03/76/79037637-7c7e-ded5-879e-230c6aa3fe65/827969387122.jpg/600x600bb.jpg"
"262","Purple Rain","Purple Rain","Prince","1984","125","161","2025-09-24 10:13:01","https://is1-ssl.mzstatic.com/image/thumb/Music115/v4/c1/b6/79/c1b679f5-d59d-1b3e-62ab-514de20f06c6/093624912002.jpg/600x600bb.jpg"
"263","So Cold","We Are Not Alone","Breaking Benjamin","2004","250","241","2025-09-24 10:08:41","https://is1-ssl.mzstatic.com/image/thumb/Music115/v4/e7/0c/e7/e70ce7b3-806d-1ae1-6b4b-b387fdd76ba1/00050087153472.rgb.jpg/600x600bb.jpg"
"264","Cat People (Putting Out Fire)","Diamond Dogs","David Bowie","1974","644","617","2025-09-24 10:04:46","https://is1-ssl.mzstatic.com/image/thumb/Music115/v4/bd/df/9d/bddf9d26-d45a-278f-26c1-e5274094cb27/190295671600.jpg/600x600bb.jpg"
"265","Bad Company","War is the Answer","Five Finger Death Punch","2010","332","270","2025-09-24 10:00:27","https://is1-ssl.mzstatic.com/image/thumb/Music116/v4/87/37/cb/8737cb9b-68a3-424e-a4ad-68005dc37a16/813985010168_xZrhUmEpSFslYBESiCundefined.jpg/600x600bb.jpg"
"266","Nightrain","Appetite for Desctruction","Guns N' Roses","1987","214","352","2025-09-24 09:51:11","https://is1-ssl.mzstatic.com/image/thumb/Music125/v4/a0/4d/c4/a04dc484-03cc-02aa-fa82-5334fcb4bc16/18UMGIM24878.rgb.jpg/600x600bb.jpg"
"267","Given Up","Minutes To Midnight","Linkin Park","2007","246","294","2025-09-24 09:47:37","https://is1-ssl.mzstatic.com/image/thumb/Music125/v4/73/03/56/730356d5-a510-3d3f-d3c6-171f64700d35/093624948971.jpg/600x600bb.jpg"
"268","Tuesday's Gone","Pronounced Leh-nerd Skin-nerd","Lynyrd Skynyrd","1973","708","360","2025-09-24 09:40:18","https://is1-ssl.mzstatic.com/image/thumb/Music126/v4/57/00/f3/5700f331-2d06-7f5d-cb98-43970fd52874/14UMGIM00860.rgb.jpg/600x600bb.jpg"
"269","(Can't Get My) Head Around You","The Splinter","The Offspring","2003","635","579","2025-09-24 09:33:31","https://is1-ssl.mzstatic.com/image/thumb/Music115/v4/c7/80/26/c78026f2-c2fa-b967-8863-428ab97e735a/00602557271065.rgb.jpg/1000x1000bb.jpg"
"270","Time","The Dark Side of the Moon","Pink Floyd","1973","240","497","2025-09-24 09:26:51","https://is1-ssl.mzstatic.com/image/thumb/Music115/v4/3c/1b/a9/3c1ba9e1-15b1-03b3-3bfd-09dbd9f1705b/dj.mggvbaou.jpg/600x600bb.jpg"
"271","Your's Truly","End the Silence","Blindspott","2005","365","329","2025-09-24 09:22:03","https://is1-ssl.mzstatic.com/image/thumb/Music/a4/f7/7f/mzi.tzpszfzm.tif/600x600bb.jpg"
"272","Supersonic","Definitely Maybe","Oasis","1994","494","499","2025-09-24 09:17:23","https://is1-ssl.mzstatic.com/image/thumb/Music124/v4/00/af/e3/00afe365-35f8-04cb-379a-e12abead71cd/5051961070132.jpg/600x600bb.jpg"
"273","I Just Want You","Ozzmosis","Ozzy Osbourne","1995","1394","1272","2025-09-24 09:12:04","https://is1-ssl.mzstatic.com/image/thumb/Music114/v4/74/f9/28/74f92874-f72e-3886-b5cb-57dcb694b28f/dj.mrqaczol.jpg/600x600bb.jpg"
"274","Canals","MCID","Highly Suspect","2019","174","242","2025-09-24 09:08:15","https://is1-ssl.mzstatic.com/image/thumb/Music114/v4/ec/ca/51/ecca5174-a703-7f7a-41c0-856bbd3925e1/814908028482.jpg/600x600bb.jpg"
"275","Gimme Shelter","Let it Bleed","The Rolling Stones","1969","97","213","2025-09-24 09:04:09","https://is1-ssl.mzstatic.com/image/thumb/Music115/v4/69/64/67/696467fe-9ed1-b65e-1016-a10d07e6464d/20UMGIM14087.rgb.jpg/600x600bb.jpg"
"276","Ride The Lightning","Ride The Lightning","Metallica","1984","260","236","2025-09-24 08:48:37","https://is1-ssl.mzstatic.com/image/thumb/Features125/v4/0f/7a/74/0f7a7472-92fa-e77d-384a-1e4304705e83/dj.jbiruenb.png/600x600bb.jpg"
"277","I Am The Highway","Audioslave","Audioslave","2002","208","168","2025-09-24 08:43:49","https://is1-ssl.mzstatic.com/image/thumb/Features115/v4/9c/b6/c2/9cb6c246-3626-7789-26a9-79b787e5668d/dj.owymmnty.jpg/600x600bb.jpg"
"278","Twisted Transistor","See You On The Other Side","Korn","2005","306","513","2025-09-24 08:36:12","https://is1-ssl.mzstatic.com/image/thumb/Music126/v4/05/87/ad/0587ad45-51e5-f00c-48a4-941452a65d85/5054526859951.jpg/600x600bb.jpg"
"279","For Those About To Rock (We Salute You)","For Those About To Rock","AC/DC","1981","120","45","2025-09-24 08:29:04","https://is1-ssl.mzstatic.com/image/thumb/Features125/v4/14/7e/d7/147ed798-ff65-ad74-6fd3-86e452dca077/dj.hnuoonld.jpg/1000x1000bb.jpg"
"280","Mayonaise","Siamese Dream","Smashing Pumpkins","1993","278","399","2025-09-24 08:23:45","https://is1-ssl.mzstatic.com/image/thumb/Music115/v4/3a/dc/08/3adc08b0-e98c-b5dd-943e-a37c7ed06205/13UABIM03615.rgb.jpg/600x600bb.jpg"
"281","Dream On","Aerosmith","Aerosmith","1973","196","203","2025-09-24 08:14:22","https://is1-ssl.mzstatic.com/image/thumb/Music114/v4/75/4a/e5/754ae506-e55a-b45c-f139-912e5102f30f/07UMGIM14958.rgb.jpg/600x600bb.jpg"
"282","Far Behind","Candlebox","Candlebox","1993","424","370","2025-09-24 08:10:00","https://is1-ssl.mzstatic.com/image/thumb/Music125/v4/1f/21/9d/1f219d66-2298-0bf9-97f2-b26af580793e/mzm.nssvbgfk.jpg/600x600bb.jpg"
"283","Mexico","As Above, So Below","Highly Suspect","2024","1417","","2025-09-23 19:10:10","https://is1-ssl.mzstatic.com/image/thumb/Music211/v4/17/73/72/177372ff-aae0-5ff0-e874-3d77da0e8dfa/075679662194.jpg/600x600bb.jpg"
"284","Renegades Of Funk","Renegades","Rage Against The Machine","2000","336","280","2025-09-23 17:56:22","https://is1-ssl.mzstatic.com/image/thumb/Music113/v4/2a/08/0a/2a080a61-4efe-0cab-863a-d37c8efe70d2/696998536920.jpg/600x600bb.jpg"
"285","Another Brick In The Wall","The Wall","Pink Floyd","1979","254","151","2025-09-23 17:48:30","https://is1-ssl.mzstatic.com/image/thumb/Music115/v4/3c/b4/e3/3cb4e3d0-cd77-8f18-7465-d60e6949b435/886445635850.jpg/600x600bb.jpg"
"286","The Emptiness Machine","From Zero","Linkin Park","2024","DEBUT","","2025-09-23 17:44:24","https://cdn.mediaworks.nz/therock/images/songs/093624839811.jpg"
"287","We Will Rock You","News of the Wolrd","Queen","1977","200","90","2025-09-23 17:35:03","https://is1-ssl.mzstatic.com/image/thumb/Music115/v4/b7/79/fe/b779fe89-7981-c76d-ffd4-dbd29ca52de7/14DMGIM05601.rgb.jpg/600x600bb.jpg"
"288","Walk","Back and Forth","Foo Fighters","2011","221","292","2025-09-23 17:30:58","https://is1-ssl.mzstatic.com/image/thumb/Music124/v4/65/2f/2e/652f2e28-ea8e-93ac-91bc-00c72b3b6c6a/884977880991.jpg/600x600bb.jpg"
"289","Half-Life of Dreams","Re-Evolution","Devilskin","2025","DEBUT","","2025-09-23 17:24:58","https://cdn.mediaworks.nz/therock/images/songs/199350428982.jpg"
"290","Otherside","Californication","Red Hot Chili Peppers","1999","271","226","2025-09-23 17:20:53","https://is1-ssl.mzstatic.com/image/thumb/Music124/v4/4c/86/1d/4c861dab-5428-f3b7-8068-82bb69db5e89/093624932130.jpg/600x600bb.jpg"
"291","Driving Wheels","Freight Train Heart","Jimmy Barnes","1987","210","155","2025-09-23 17:15:54","https://is1-ssl.mzstatic.com/image/thumb/Music124/v4/e8/c8/22/e8c822a6-ad0e-94f5-f324-5eb6e0638b23/Freight_Train_Heart.jpg/600x600bb.jpg"
"292","Elderly Woman Behind The Counter In A Small Town","vs","Pearl Jam","1993","273","265","2025-09-23 17:10:18","https://is1-ssl.mzstatic.com/image/thumb/Music115/v4/60/a1/f7/60a1f7ee-72d8-0096-ac20-fe9c453211c7/dj.nyndmalc.jpg/600x600bb.jpg"
"293","Raining Blood","Reign In Blood","Slayer","1986","222","221","2025-09-23 17:05:36","https://is1-ssl.mzstatic.com/image/thumb/Music112/v4/6b/83/2c/6b832cb7-7234-0fb7-3930-38d9c385dc9a/23UM1IM55794.rgb.jpg/1000x1000bb.jpg"
"294","Glycerine","Sixteen Stone","Bush","1994","305","382","2025-09-23 16:53:56","https://is1-ssl.mzstatic.com/image/thumb/Music115/v4/68/d3/3a/68d33ac9-34eb-e14a-6775-739689bd6a5c/886444857741.jpg/600x600bb.jpg"
"295","Fell On Black Days","Superunknown","Soundgarden","1994","232","253","2025-09-23 16:49:03","https://is1-ssl.mzstatic.com/image/thumb/Music221/v4/ae/b6/d6/aeb6d672-2004-41eb-ccba-e2964643a2bc/06UMGIM18607.rgb.jpg/1000x1000bb.jpg"
"296","Simple Man","Leave a Whisper","Shinedown","2003","321","1099","2025-09-23 16:44:31","https://is1-ssl.mzstatic.com/image/thumb/Features114/v4/58/53/92/5853928c-69f8-aa2b-c6d0-9c24796f28cf/dj.nynxlhdt.jpg/600x600bb.jpg"
"297","Rain","Body and the Beat","Dragon","1984","375","470","2025-09-23 16:37:03","https://is1-ssl.mzstatic.com/image/thumb/Music116/v4/17/38/e0/1738e01c-8694-62f8-d446-d15e9cf11df4/10UMGIM06489.rgb.jpg/600x600bb.jpg"
"298","The General Electric","The General Electric","Shihad","1999","370","316","2025-09-23 16:30:53","https://is1-ssl.mzstatic.com/image/thumb/Music124/v4/39/00/d8/3900d8ae-9edd-ac0c-0649-e37078747ece/685738082124.jpg/600x600bb.jpg"
"299","Wash It All Away","Got Your Six","Five Finger Death Punch","2015","274","454","2025-09-23 16:25:35","https://is1-ssl.mzstatic.com/image/thumb/Music126/v4/44/8e/be/448ebef1-5df0-87ab-40dc-2d9e492016c4/813985012681_voVRgbjROKtFZENtfundefined.jpg/600x600bb.jpg"
"300","Here Without You","Away From The Sun","3 Doors Down","2002","413","461","2025-09-23 16:22:44","https://is1-ssl.mzstatic.com/image/thumb/Music124/v4/0a/c0/0d/0ac00d65-4327-29b1-6a1e-4f1e2684d758/06UMGIM23627.rgb.jpg/600x600bb.jpg"
"301","The Number Of The Beast","Number of the Beast","Iron Maiden","1982","284","277","2025-09-23 16:14:22","https://is1-ssl.mzstatic.com/image/thumb/Music115/v4/12/6b/44/126b4441-6747-c411-b765-7e54aefbf79f/881034134448.jpg/600x600bb.jpg"
"302","Orion","Master of Puppets","Metallica","1986","354","153","2025-09-23 16:05:42","https://is1-ssl.mzstatic.com/image/thumb/Music118/v4/69/f9/05/69f905ed-ff04-58a2-8de2-1b5338745f19/858978005226.png/600x600bb.jpg"
"303","Cochise","Audioslave","Audioslave","2002","146","269","2025-09-23 15:53:47","https://is1-ssl.mzstatic.com/image/thumb/Features115/v4/9c/b6/c2/9cb6c246-3626-7789-26a9-79b787e5668d/dj.owymmnty.jpg/600x600bb.jpg"
"304","La Grange","Tres Hombres","ZZ Top","1973","299","147","2025-09-23 15:49:44","https://is1-ssl.mzstatic.com/image/thumb/Music116/v4/19/4d/3c/194d3c17-7a21-5622-0939-16feb62b6b07/0603497921430.jpg/600x600bb.jpg"
"305","It's Been A While","Break the Cycle","Staind","2001","343","431","2025-09-23 15:45:19","https://is1-ssl.mzstatic.com/image/thumb/Music124/v4/6e/b9/a2/6eb9a297-89af-f85e-49d0-ef1d62b8d259/mzi.ifagooar.jpg/600x600bb.jpg"
"306","Creep","Core","Stone Temple Pilots","1992","417","481","2025-09-23 15:31:48","https://is1-ssl.mzstatic.com/image/thumb/Music128/v4/9c/c1/4d/9cc14ddd-fc63-58eb-d911-98de74825324/603497869275.jpg/600x600bb.jpg"
"307","Jesus Of Suburbia","American Idiot","Green Day","2004","225","218","2025-09-23 15:22:49","https://upload.wikimedia.org/wikipedia/en/e/ed/Green_Day_-_American_Idiot_album_cover.png"
"308","Coming Home","Vol. 3","Blindspott","2025","DEBUT","","2025-09-23 15:16:56","https://cdn.mediaworks.nz/therock/images/songs/blindspottcover-1024x1024.jpg"
"309","Jekyll And Hyde","Got Your Six","Five Finger Death Punch","2015","244","441","2025-09-23 15:14:31","https://is1-ssl.mzstatic.com/image/thumb/Music126/v4/44/8e/be/448ebef1-5df0-87ab-40dc-2d9e492016c4/813985012681_voVRgbjROKtFZENtfundefined.jpg/600x600bb.jpg"
"310","Burn It To The Ground","Dark Horse","Nickelback","2008","223","616","2025-09-23 15:07:57","https://is1-ssl.mzstatic.com/image/thumb/Music115/v4/ba/e4/40/bae44075-8cd6-ca2e-7f90-845983f30a70/mzi.tprsucpv.jpg/600x600bb.jpg"
"311","Word Up","Single Only","Korn","2004","309","553","2025-09-23 15:04:01","https://encrypted-tbn0.gstatic.com/images?q=tbn:ANd9GcS5aFa3qBHCsWJ2byPj99tkZ3eTdqj3YmlAoQ&s"
"312","Can't Stop","By The Way","Red Hot Chili Peppers","2002","251","196","2025-09-23 14:53:59","https://is1-ssl.mzstatic.com/image/thumb/Music115/v4/73/ec/27/73ec2771-a008-e55b-8ccd-faf6257d5cd0/093624932178.jpg/600x600bb.jpg"
"313","Under Pressure","Hot Space","Queen and David Bowie","1982","257","201","2025-09-23 14:50:16","https://m.media-amazon.com/images/I/61vtqsxmKWL._UF1000,1000_QL80_.jpg"
"314","I Hate Everything About You","Life Starts Now","Three Days Grace","2009","355","448","2025-09-23 14:46:45","https://is1-ssl.mzstatic.com/image/thumb/Features125/v4/6b/67/1f/6b671f4f-106b-9a41-e297-68ab4a492a16/dj.dztjnlku.jpg/600x600bb.jpg"
"315","Be Quiet And Drive (Far Away)","Around the Fur","Deftones","1997","450","491","2025-09-23 14:38:53","https://cdn.mediaworks.nz/therock/images/songs/ab6761610000e5eb4b2da0b72cab26ac518f1f0d.jpg"
"316","Whole Lotta Rosie","Let There Be Rock","AC/DC","1977","202","363","2025-09-23 14:32:41","https://is1-ssl.mzstatic.com/image/thumb/Features115/v4/d3/26/63/d32663dc-f5a0-090b-d249-fd24cd47a8ab/dj.eynsaemm.jpg/600x600bb.jpg"
"317","S!CK","Keep Me Fed","The Warning","2024","1547","","2025-09-23 14:28:58","https://is1-ssl.mzstatic.com/image/thumb/Music211/v4/21/4c/06/214c06c3-ded9-2f2c-17f1-b0f50dd56653/24UMGIM20617.rgb.jpg/600x600bb.jpg"
"318","Whole Lotta Love","Led Zeppelin II","Led Zeppelin","1970","148","176","2025-09-23 14:22:43","https://is1-ssl.mzstatic.com/image/thumb/Music125/v4/1a/3d/bb/1a3dbb86-c1f8-737e-571f-d6b647a230be/dj.rhubuvkd.jpg/600x600bb.jpg"
"319","Fake It","Finding Beauty in Negative Spaces","Seether","2007","390","432","2025-09-23 14:20:04","https://is1-ssl.mzstatic.com/image/thumb/Music115/v4/4c/ff/89/4cff8908-2853-d82e-cd41-7be4fca210bc/14CMGIM00766.rgb.jpg/600x600bb.jpg"
"320","Go Your Own Way","Rumours","Fleetwood Mac","1976","265","235","2025-09-23 14:15:54","https://is1-ssl.mzstatic.com/image/thumb/Music124/v4/4d/13/ba/4d13bac3-d3d5-7581-2c74-034219eadf2b/081227970949.jpg/600x600bb.jpg"
"321","Them Bones","Dirt","Alice In Chains","1992","434","478","2025-09-23 14:14:01","https://is1-ssl.mzstatic.com/image/thumb/Music112/v4/54/26/62/5426627b-4707-7867-acc0-ce616d250381/074645247526.jpg/600x600bb.jpg"
"322","Pardon Me","Make Yourself","Incubus","1999","333","429","2025-09-23 14:09:01","https://is1-ssl.mzstatic.com/image/thumb/Music125/v4/dd/a4/c1/dda4c166-da07-ba22-60e4-499b477c6e77/mzi.ffqrqnqb.jpg/600x600bb.jpg"
"323","Fear Of The Dark","Fear of the Dark","Iron Maiden","1992","276","268","2025-09-23 14:01:33","https://is1-ssl.mzstatic.com/image/thumb/Music114/v4/6a/33/20/6a332093-9605-ced0-3e3e-b2990318c618/881034134516.jpg/600x600bb.jpg"
"324","Outside","Break the Cycle","Staind","2001","361","506","2025-09-23 13:52:33","https://is1-ssl.mzstatic.com/image/thumb/Music124/v4/6e/b9/a2/6eb9a297-89af-f85e-49d0-ef1d62b8d259/mzi.ifagooar.jpg/600x600bb.jpg"
"325","All Along The Watchtower","Electric Ladyland","Jimi Hendrix","1968","292","313","2025-09-23 13:47:46","https://is1-ssl.mzstatic.com/image/thumb/Music125/v4/a6/b8/45/a6b84589-6ff7-a462-9ff9-170b724980d5/dj.wjkdwlks.jpg/600x600bb.jpg"
"326","Song For The Dead","Songs For The Deaf","Queens Of The Stone Age","2002","340","612","2025-09-23 13:42:04","https://is1-ssl.mzstatic.com/image/thumb/Music125/v4/50/ca/f8/50caf865-3197-77d3-f416-abfa14e698bd/00602517417205.rgb.jpg/600x600bb.jpg"
"327","Best Of You","In Your Honor","Foo Fighters","2005","132","103","2025-09-23 13:33:17","https://is1-ssl.mzstatic.com/image/thumb/Music124/v4/36/0c/34/360c3405-0a45-a006-7664-115f42fe283e/mzi.ytrcscra.jpg/600x600bb.jpg"
"328","Patience","No One Sings Like You Anymore, Vol. 1","Chris Cornell","2020","175","172","2025-09-23 13:30:13","https://is1-ssl.mzstatic.com/image/thumb/Music125/v4/53/b2/60/53b26000-6b96-6227-e98d-a3b1ce79c825/20UM1IM02416.rgb.jpg/600x600bb.jpg"
"329","Poison","Trash","Alice Cooper","1989","706","193","2025-09-23 13:25:42","https://is1-ssl.mzstatic.com/image/thumb/Music124/v4/20/86/46/208646e0-5959-1699-1db5-5e2b9a4c3e5f/mzi.kvmupcyx.jpg/600x600bb.jpg"
"330","Burn Me Alive","Vol. 3","Blindspott","2025","DEBUT","","2025-09-23 13:21:28","https://cdn.mediaworks.nz/therock/images/songs/blindspottcover-1024x1024.jpg"
"331","Last Kiss","Lost Dogs","Pearl Jam","1999","243","257","2025-09-23 13:16:42","https://upload.wikimedia.org/wikipedia/en/4/43/NoBoundariesFrontCover.jpg"
"332","Stupify","Down With The Sickness","Disturbed","2000","393","401","2025-09-23 13:14:35","https://is1-ssl.mzstatic.com/image/thumb/Music125/v4/64/41/b4/6441b43f-6aad-4ac6-e262-1522459f9a4e/mzm.hmsfpetk.jpg/600x600bb.jpg"
"333","Knockin' On Heaven's Door","Use Your Illusions II","Guns N' Roses","1991","290","209","2025-09-23 13:06:57","https://is1-ssl.mzstatic.com/image/thumb/Music122/v4/db/8e/35/db8e356d-76e8-1e10-d7cb-87870bdbfad2/18UMGIM31437.rgb.jpg/600x600bb.jpg"
"334","Bath Salts","Mister Asylum","Highly Suspect","2015","335","889","2025-09-23 13:02:45","https://is1-ssl.mzstatic.com/image/thumb/Music124/v4/03/fa/34/03fa3470-4eb9-b17a-dbb9-ee234a0c39a5/857561005322.jpg/600x600bb.jpg"
"335","Take The Power Back","Rage Against The Machine","Rage Against The Machine","1992","352","434","2025-09-23 12:52:43","https://static.tvtropes.org/pmwiki/pub/images/rageagainstthemachinepic.jpg"
"336","Lovesick Lullaby","Idols","Yungblud","2025","DEBUT","","2025-09-23 12:49:03","https://images.genius.com/15d0a8af5130c838da01386e73da9b17.1000x1000x1.png"
"337","Let Me Hear You Scream","Scream","Ozzy Osbourne","2010","1976","1980","2025-09-23 12:45:25","https://is1-ssl.mzstatic.com/image/thumb/Music124/v4/83/85/17/838517cf-ab65-504a-eec8-1ef62d8612fe/886444828864.jpg/600x600bb.jpg"
"338","Lost","Meteora (20th Anniversary Edition)","Linkin Park","2023","192","12","2025-09-23 12:38:02","https://is1-ssl.mzstatic.com/image/thumb/Music126/v4/38/92/fb/3892fb47-ed6d-6cff-a60f-ddca5aec3d83/093624856634.jpg/1000x1000bb.jpg"
"339","Be Mine Tonight","Right First Time","Th' Dudes","1979","357","353","2025-09-23 12:32:07","https://is1-ssl.mzstatic.com/image/thumb/Music116/v4/8c/83/1d/8c831db3-d82e-6807-2fc0-ed02f4bbd691/9419569104417.png/600x600bb.jpg"
"340","Dreams","Raised In The Dark","Villainy","2019","397","731","2025-09-23 12:27:55","https://is1-ssl.mzstatic.com/image/thumb/Music123/v4/26/5d/27/265d27be-ac9d-9f3a-e64b-3adb44aa56e7/190295448783.jpg/600x600bb.jpg"
"341","Ziggy Stardust","Suffragette City","David Bowie","1976","294","358","2025-09-23 12:24:04","https://is1-ssl.mzstatic.com/image/thumb/Music114/v4/5f/fa/56/5ffa56c2-ea1f-7a17-6bad-192ff9b6476d/825646124206.jpg/600x600bb.jpg"
"342","Three Libras","Mer de Noms","A Perfect Circle","2000","285","271","2025-09-23 12:22:27","https://is1-ssl.mzstatic.com/image/thumb/Music124/v4/12/8c/22/128c225e-2d75-a283-c13f-0aaaf92ef865/13UABIM59271.rgb.jpg/600x600bb.jpg"
"343","Snowblind","Vol 4","Black Sabbath","1972","1606","1481","2025-09-23 12:15:13","https://is1-ssl.mzstatic.com/image/thumb/Music124/v4/65/68/ac/6568ace4-0c7a-6387-47ed-2f4c3411ff4d/075992725927.jpg/600x600bb.jpg"
"344","What's My Age Again?","Enema of the State","Blink-182","1999","218","331","2025-09-23 12:13:03","https://is1-ssl.mzstatic.com/image/thumb/Music115/v4/c2/f2/78/c2f2783f-8e65-0b2b-80ac-b52c4cfece2d/16UMGIM35657.rgb.jpg/600x600bb.jpg"
"345","Use Somebody","Only By The Night","Kings Of Leon","2009","387","367","2025-09-23 12:09:26","https://is1-ssl.mzstatic.com/image/thumb/Features125/v4/74/25/4c/74254c8b-e03d-44e8-304d-4cde508b8cfb/dj.swemfdrr.jpg/600x600bb.jpg"
"346","Tears Don't Fall","The Poison","Bullet for my Valentine","2005","1838","","2025-09-23 12:03:13","https://upload.wikimedia.org/wikipedia/en/3/39/Tears_dont_fall.jpg"
"347","Where Did You Sleep Last Night","MTV Unplugged","Nirvana","1994","283","214","2025-09-23 11:53:09","https://is1-ssl.mzstatic.com/image/thumb/Music125/v4/46/24/33/462433f9-ee74-2d60-4538-859826a7bed7/00720642472729.rgb.jpg/600x600bb.jpg"
"348","Happy?","Lost and Found","Mudvayne","2005","315","341","2025-09-23 11:49:25","https://is1-ssl.mzstatic.com/image/thumb/Music115/v4/51/af/58/51af586f-bfba-4704-22f8-ccaf34a3b1bc/827969078426.jpg/600x600bb.jpg"
"349","Free Fallin'","Full Moon Fever","Tom Petty","1989","269","143","2025-09-23 11:44:31","https://is1-ssl.mzstatic.com/image/thumb/Music112/v4/f3/71/47/f37147d5-d029-880b-bdc1-5929c907909a/06UMGIM04214.rgb.jpg/600x600bb.jpg"
"350","Through Glass","Come What May","Stone Sour","2006","248","301","2025-09-23 11:36:01","https://is1-ssl.mzstatic.com/image/thumb/Music115/v4/ba/98/cf/ba98cf49-1c5f-55c7-8de2-3439db403ded/mzi.ylpzeish.jpg/600x600bb.jpg"
"351","The Kids Aren't Alright","Americana","The Offspring","1999","331","381","2025-09-23 11:33:31","https://is1-ssl.mzstatic.com/image/thumb/Music125/v4/74/79/7b/74797b37-ea15-e667-1e75-8f59053e41f3/00602557270945.rgb.jpg/600x600bb.jpg"
"352","Parabola","Lateralus","Tool","2001","291","282","2025-09-23 11:26:59","https://is1-ssl.mzstatic.com/image/thumb/Music113/v4/fb/99/8c/fb998c1e-1a11-2434-0fa7-0d90beba5d2b/886447824764.jpg/600x600bb.jpg"
"353","American Idiot","American Idiot","Green Day","2004","374","354","2025-09-23 11:24:29","https://upload.wikimedia.org/wikipedia/en/e/ed/Green_Day_-_American_Idiot_album_cover.png"
"354","Blackened","? And Justice For All","Metallica","1988","280","450","2025-09-23 11:17:06","https://is1-ssl.mzstatic.com/image/thumb/Music114/v4/c3/65/83/c3658386-7e98-e77c-ac2f-15ea33898bfa/858978005929.png/600x600bb.jpg"
"355","These Days","Wasting Light","Foo Fighters","2011","293","335","2025-09-23 11:12:46","https://is1-ssl.mzstatic.com/image/thumb/Music124/v4/65/2f/2e/652f2e28-ea8e-93ac-91bc-00c72b3b6c6a/884977880991.jpg/600x600bb.jpg"
"356","Mother","Danzig","Danzig","1988","334","412","2025-09-23 11:09:18","https://is1-ssl.mzstatic.com/image/thumb/Music125/v4/86/48/13/864813f7-b0dd-e2c2-a842-7e1cf133a18a/00602557176681.rgb.jpg/600x600bb.jpg"
"357","Say It Ain't So","Weezer (The Blue Album)","Weezer","1994","245","204","2025-09-23 11:04:14","https://is1-ssl.mzstatic.com/image/thumb/Music221/v4/d0/16/da/d016da24-577e-b584-3a5a-116efb5ca362/16UMGIM52971.rgb.jpg/600x600bb.jpg"
"358","This Love","Vulgar Display of Power","Pantera","1992","423","484","2025-09-23 10:54:33","https://m.media-amazon.com/images/M/MV5BM2NkNzdhZjMtODEwMC00Y2UxLTgwODctMjdhNTkxZTcyOWY2XkEyXkFqcGdeQXVyMzM4MjM0Nzg@._V1_FMjpg_UX1000_.jpg"
"359","#1 Crush","Garbage","Garbage","1995","806","522","2025-09-23 10:49:30","https://is1-ssl.mzstatic.com/image/thumb/Music114/v4/81/8e/64/818e6487-df77-bb60-7245-7f87c40d6f2d/00602547364890.rgb.jpg/1000x1000bb.jpg"
"360","Wasted Years","Somewhere in Time","Iron Maiden","1986","582","393","2025-09-23 10:43:20","https://is1-ssl.mzstatic.com/image/thumb/Music114/v4/93/a8/de/93a8dee6-1cb5-1555-5f30-cdc26295b508/881034134486.jpg/600x600bb.jpg"
"361","Going Under","Fallen","Evanescence","2003","401","502","2025-09-23 10:36:13","https://is1-ssl.mzstatic.com/image/thumb/Music115/v4/10/4c/21/104c21e6-9ef0-4d3a-d1bd-d47167f121e5/00601501406300.rgb.jpg/600x600bb.jpg"
"362","It's A Long Way To The Top (If You Wanna Rock N Roll)","T.N.T.","AC/DC","1975","261","256","2025-09-23 10:31:46","https://upload.wikimedia.org/wikipedia/en/1/17/ACDC-TNT.jpg"
"363","H","?nima","Tool","1996","320","195","2025-09-23 10:24:27","https://is1-ssl.mzstatic.com/image/thumb/Music113/v4/be/e3/59/bee35988-338f-f01a-6271-ceefdd3f8925/886447824757.jpg/600x600bb.jpg"
"364","Slice Of Heaven","Loyal","Dave Dobbyn ft Herbs","1988","344","311","2025-09-23 10:20:33","https://is1-ssl.mzstatic.com/image/thumb/Music221/v4/00/6a/21/006a2199-5831-1bde-2145-946781a4a9a2/0828767660127.png/600x600bf-60.jpg"
"365","Holy Wars ... The Punishment Due","Rust in Piece","Megadeth","1990","301","188","2025-09-23 10:12:59","https://is1-ssl.mzstatic.com/image/thumb/Music112/v4/fa/81/5a/fa815aa4-a361-34fe-8e9f-eab876a4f95b/13UABIM36806.rgb.jpg/600x600bb.jpg"
"366","What's The Story Morning Glory?","(What's the Story) Morning Glory?","Oasis","1995","673","848","2025-09-23 10:07:51","https://is1-ssl.mzstatic.com/image/thumb/Music113/v4/04/92/e0/0492e08b-cbcc-9969-9ad6-8f5a0888068c/5051961007107.jpg/600x600bb.jpg"
"367","Peach","Niratias","Chevelle","2021","231","192","2025-09-23 10:02:47","https://is1-ssl.mzstatic.com/image/thumb/Music115/v4/aa/66/8d/aa668d4f-5b01-13b8-fb8a-ebccb099211a/886448648000.jpg/600x600bb.jpg"
"368","Riders On The Storm","LA Woman","The Doors","1971","419","306","2025-09-23 09:51:41","https://upload.wikimedia.org/wikipedia/en/4/41/The_Doors_-_L.A._Woman.jpg"
"369","Gone Away","Ixnay on the Hombre","The Offspring","1996","300","325","2025-09-23 09:46:19","https://is1-ssl.mzstatic.com/image/thumb/Music128/v4/0a/bb/4f/0abb4fb8-d28e-3373-6abf-6632c4100f01/00602557271027.rgb.jpg/600x600bb.jpg"
"370","Holy Diver","Holy Diver","Dio","1983","359","263","2025-09-23 09:42:59","https://is1-ssl.mzstatic.com/image/thumb/Music115/v4/e4/8e/9a/e48e9aa6-1488-8b71-82eb-0b856d1034d2/mzm.txbqniop.jpg/600x600bb.jpg"
"371","Tonight","Volume 1","Blindspott","2022","327","208","2025-09-23 09:34:05","https://is1-ssl.mzstatic.com/image/thumb/Music116/v4/29/3a/79/293a792d-a2aa-6013-253e-181b71efee4e/9420071513949.png/600x600bb.jpg"
"372","Savin' Me","All the Right Reasons","Nickelback","2005","707","1251","2025-09-23 09:30:11","https://is1-ssl.mzstatic.com/image/thumb/Music114/v4/f8/e0/db/f8e0db52-f6e5-5d85-6e0a-ae73e5caab11/mzi.qohxegpg.jpg/600x600bb.jpg"
"373","Where Is My Mind","Surfer Rosa","The Pixies","1988","371","317","2025-09-23 09:26:37","https://is1-ssl.mzstatic.com/image/thumb/Music116/v4/68/b7/c0/68b7c018-dc15-f44a-2611-be10237fc9a5/652637080308.png/600x600bb.jpg"
"374","Have You Ever Seen The Rain?","Pendulum","Creedence Clearwater Revival","1970","378","342","2025-09-23 09:23:11","https://is1-ssl.mzstatic.com/image/thumb/Music115/v4/fb/93/81/fb938141-0ec9-ff80-3b57-3d3d0979e4b3/00888072356085.rgb.jpg/600x600bb.jpg"
"375","Basket Case","Dookie","Green Day","1994","395","371","2025-09-23 09:20:37","https://is1-ssl.mzstatic.com/image/thumb/Music125/v4/88/83/e7/8883e74b-1b7c-0725-09de-21e4e00d54b5/093624915713.jpg/600x600bb.jpg"
"376","No Leaf Clover","S&M","Metallica","1999","304","229","2025-09-23 09:14:31","https://is1-ssl.mzstatic.com/image/thumb/Music124/v4/7f/32/0b/7f320b20-9dd8-832f-4680-9ad914e5629d/0075596246361.jpg/600x600bb.jpg"
"377","Don't Stop Believin'","Escape","Journey","1981","402","1874","2025-09-23 09:09:38","https://is1-ssl.mzstatic.com/image/thumb/Music114/v4/f6/4f/ab/f64fab9f-ab12-f833-086e-b55fd6fc8998/111119777421.jpg/600x600bb.jpg"
"378","Never Enough","Never Enough","Turnstile","2025","DEBUT","","2025-09-23 09:07:02","https://upload.wikimedia.org/wikipedia/en/2/2b/Never_Enough_%28Turnstile%29.png"
"379","Wicked Game","Come What(ever) May","Stone Sour","2006","325","495","2025-09-23 08:55:42","https://is1-ssl.mzstatic.com/image/thumb/Music115/v4/ba/98/cf/ba98cf49-1c5f-55c7-8de2-3439db403ded/mzi.ylpzeish.jpg/600x600bb.jpg"
"380","21st Century Breakdown","21st Century Breakdown","Green Day","2009","777","782","2025-09-23 08:50:54","https://is1-ssl.mzstatic.com/image/thumb/Music115/v4/b8/36/d6/b836d655-7ef3-5c93-734e-fb77c4981308/mzi.opxridrf.jpg/600x600bb.jpg"
"381","Fear Inoculum","Fear Inoculum","Tool","2019","267","133","2025-09-23 08:33:56","https://is1-ssl.mzstatic.com/image/thumb/Music125/v4/fe/44/10/fe44109b-9bb0-8219-541b-dae56dd9af01/886447895856.jpg/600x600bb.jpg"
"382","The Man Who Sold The World (MTV Unplugged)","MTV Unplugged","Nirvana","1994","329","264","2025-09-23 08:31:09","https://is1-ssl.mzstatic.com/image/thumb/Music125/v4/46/24/33/462433f9-ee74-2d60-4538-859826a7bed7/00720642472729.rgb.jpg/600x600bb.jpg"
"383","Pyro","Come Around Sundown","Kings Of Leon","2010","358","803","2025-09-23 08:26:10","https://is1-ssl.mzstatic.com/image/thumb/Music124/v4/80/5c/ab/805cab32-df9c-ce43-be39-9f5af0e075b2/mzi.bwjyitjb.jpg/600x600bb.jpg"
"384","Fistful Of Steel","Rage Against The Machine","Rage Against The Machine","1992","286","239","2025-09-23 08:14:57","https://static.tvtropes.org/pmwiki/pub/images/rageagainstthemachinepic.jpg"
"385","I Miss You","Blink-182","Blink-182","2003","233","283","2025-09-23 08:11:57","https://is1-ssl.mzstatic.com/image/thumb/Music122/v4/57/be/19/57be194f-7b85-86ed-f59b-afc86806b6e5/16UMGIM35664.rgb.jpg/600x600bb.jpg"
"386","The Joker And The Thief","Wolfmother","Wolfmother","2006","193","299","2025-09-22 18:29:53","https://is1-ssl.mzstatic.com/image/thumb/Music124/v4/7e/4f/18/7e4f1872-57de-9a2c-02d1-770ac11a1529/06UMGIM41019.rgb.jpg/600x600bb.jpg"
"387","Sympathy For The Devil","Beggers Banquet","The Rolling Stones","1968","263","129","2025-09-22 17:47:20","https://is1-ssl.mzstatic.com/image/thumb/Music125/v4/a3/d1/78/a3d178a8-f1c2-c1c3-1c5d-d78ab3af9768/20UMGIM13726.rgb.jpg/600x600bb.jpg"
"388","My Mind's Sedate","The General Electric","Shihad","1999","452","286","2025-09-22 17:43:43","https://is1-ssl.mzstatic.com/image/thumb/Music124/v4/39/00/d8/3900d8ae-9edd-ac0c-0649-e37078747ece/685738082124.jpg/600x600bb.jpg"
"389","Blurry","Come Clean","Puddle Of Mudd","2001","433","691","2025-09-22 17:41:05","https://is1-ssl.mzstatic.com/image/thumb/Music124/v4/c0/7b/d2/c07bd2cf-74b1-82ab-5de7-83e0685240c6/06UMGIM08204.rgb.jpg/600x600bb.jpg"
"390","Epic","The Real Thing","Faith No More","1989","303","186","2025-09-22 17:28:42","https://is1-ssl.mzstatic.com/image/thumb/Music125/v4/1c/66/6c/1c666c64-4140-05c4-296b-54e8a69cb983/mzi.pqhqsipo.jpg/600x600bb.jpg"
"391","Paradise","Dangerous Day to Be a Cold One","Dartz","2024","224","","2025-09-22 17:26:35","https://is1-ssl.mzstatic.com/image/thumb/Music126/v4/97/62/26/97622634-ce0c-0546-bbe3-a8d9bf8b98ad/784300479215.jpg/600x600bb.jpg"
"392","3's and 7's","Era Vulgaris","Queens Of The Stone Age","2007","805","1464","2025-09-22 17:20:00","https://is1-ssl.mzstatic.com/image/thumb/Music124/v4/ef/d4/60/efd46037-fa6d-7fe3-5ff6-03a48e011744/00602517401488.rgb.jpg/600x600bb.jpg"
"393","Drive","Make Yourself","Incubus","2000","259","333","2025-09-22 17:16:24","https://is1-ssl.mzstatic.com/image/thumb/Music125/v4/dd/a4/c1/dda4c166-da07-ba22-60e4-499b477c6e77/mzi.ffqrqnqb.jpg/600x600bb.jpg"
"394","Fat Bottomed Girls","Jazz","Queen","1978","346","340","2025-09-22 17:10:45","https://is1-ssl.mzstatic.com/image/thumb/Music125/v4/31/8e/d1/318ed180-c0f4-922e-d875-0c4639f052d2/14DMGIM05603.rgb.jpg/600x600bb.jpg"
"395","Battery","Master of Puppets","Metallica","1986","372","223","2025-09-22 17:04:49","https://is1-ssl.mzstatic.com/image/thumb/Music118/v4/69/f9/05/69f905ed-ff04-58a2-8de2-1b5338745f19/858978005226.png/600x600bb.jpg"
"396","Ramble On","Led Zeppelin II","Led Zeppelin","1969","449","238","2025-09-22 16:52:06","https://is1-ssl.mzstatic.com/image/thumb/Music125/v4/1a/3d/bb/1a3dbb86-c1f8-737e-571f-d6b647a230be/dj.rhubuvkd.jpg/600x600bb.jpg"
"397","All The Small Things","Enema of the State","Blink-182","1999","376","318","2025-09-22 16:49:33","https://is1-ssl.mzstatic.com/image/thumb/Music115/v4/c2/f2/78/c2f2783f-8e65-0b2b-80ac-b52c4cfece2d/16UMGIM35657.rgb.jpg/600x600bb.jpg"
"398","Carry On Wayward Son","Leftoverture","Kansas","1976","456","298","2025-09-22 16:44:04","https://is1-ssl.mzstatic.com/image/thumb/Music/56/5b/88/mzi.hpnqhyuu.jpg/600x600bb.jpg"
"399","R.C.","Episode 1: Looking For A New Planet","Black Comet","2024","DEBUT","","2025-09-22 16:34:45","https://cdn.mediaworks.nz/therock/images/songs/9411.jpg"
"400","Copperhead Road","Copperhead Road","Steve Earle","1988","382","377","2025-09-22 16:29:45","https://is1-ssl.mzstatic.com/image/thumb/Music126/v4/4b/bf/bd/4bbfbd4c-7f81-48f3-5735-a54bac7d99d9/06UMGIM00910.rgb.jpg/600x600bb.jpg"
"401","Lake Of Fire","MTV Unplugged","Nirvana","1994","279","327","2025-09-22 16:23:22","https://is1-ssl.mzstatic.com/image/thumb/Music125/v4/46/24/33/462433f9-ee74-2d60-4538-859826a7bed7/00720642472729.rgb.jpg/600x600bb.jpg"
"402","Sabotage","Ill Communication","Beastie Boys","1994","369","404","2025-09-22 16:21:34","https://is1-ssl.mzstatic.com/image/thumb/Music115/v4/5a/6c/ab/5a6cabf6-3e47-a0f0-5092-bc18623291ed/00724382859956.rgb.jpg/600x600bb.jpg"
"403","Corrode","RED","Devilskin","2020","313","420","2025-09-22 16:16:27","https://is1-ssl.mzstatic.com/image/thumb/Music116/v4/dd/e9/98/dde998f9-ad0d-5ede-178e-4e356ebbd003/9420058742409.png/1000x1000bb.jpg"
"404","Don't Fear The Reaper","Agents of Fortune","Blue Oyster Cult","1996","463","351","2025-09-22 16:10:09","https://is1-ssl.mzstatic.com/image/thumb/Music125/v4/53/68/f3/5368f34c-7e41-3e4c-d2c5-0f0447c23f07/dj.diysopyd.jpg/600x600bb.jpg"
"405","Living Dead Girl","Hellbilly Deluxe","Rob Zombie","1998","379","424","2025-09-22 16:07:08","https://is1-ssl.mzstatic.com/image/thumb/Music116/v4/57/a4/07/57a4070f-2d41-754b-90f1-ff14faa6133a/06UMGIM18800.rgb.jpg/600x600bb.jpg"
"406","Wake Up","Rage Against The Machine","Rage Against The Machine","1992","420","418","2025-09-22 15:53:39","https://static.tvtropes.org/pmwiki/pub/images/rageagainstthemachinepic.jpg"
"407","Make It Wit Chu","Era Vulgaris","Queens Of The Stone Age","2007","385","425","2025-09-22 15:48:56","https://is1-ssl.mzstatic.com/image/thumb/Music124/v4/ef/d4/60/efd46037-fa6d-7fe3-5ff6-03a48e011744/00602517401488.rgb.jpg/600x600bb.jpg"
"408","Home","Single","Blacklistt","2013","302","449","2025-09-22 15:46:46","https://is1-ssl.mzstatic.com/image/thumb/Music126/v4/bc/ca/f2/bccaf2cd-7b6e-02ca-037e-83d37cd1dc08/9421028855051.png/600x600bb.jpg"
"409","Telegraph Road","Love Over Gold","Dire Straits","1982","477","426","2025-09-22 15:24:34","https://is1-ssl.mzstatic.com/image/thumb/Music/y2005/m06/d22/h07/s05.vercwljr.jpg/1000x1000bb.jpg"
"410","Wake Me Up When September Ends","American Idiot","Green Day","2004","543","640","2025-09-22 15:19:07","https://upload.wikimedia.org/wikipedia/en/e/ed/Green_Day_-_American_Idiot_album_cover.png"
"411","Release","Ten","Pearl Jam","1991","394","337","2025-09-22 15:13:41","https://is1-ssl.mzstatic.com/image/thumb/Music125/v4/5e/91/c1/5e91c1ba-53cb-c5c8-15f1-d3c81f3b3592/dj.psrqglcw.jpg/600x600bb.jpg"
"412","Bloodfeather","Mister Asylum","Highly Suspect","2015","266","274","2025-09-22 15:07:52","https://is1-ssl.mzstatic.com/image/thumb/Music124/v4/03/fa/34/03fa3470-4eb9-b17a-dbb9-ee234a0c39a5/857561005322.jpg/600x600bb.jpg"
"413","Heroes","Heroes","David Bowie","1977","426","233","2025-09-22 15:04:24","https://is1-ssl.mzstatic.com/image/thumb/Music115/v4/e2/65/b2/e265b2ae-48d5-9dd8-0251-6cd6c6c4eb53/190295842826.jpg/600x600bb.jpg"
"414","New Divide","Single Only","Linkin Park","2009","398","383","2025-09-22 14:54:07","https://m.media-amazon.com/images/I/819L-Fk79SL._UF1000,1000_QL80_.jpg"
"415","In Bloom","Nevermind","Nirvana","1991","307","321","2025-09-22 14:49:50","https://external-preview.redd.it/PVilxGidbEIEbHZzpqAP6CR1S1RLAkxl0GZOOzqPuCc.png?width=640&crop=smart&auto=webp&s=beda8d43df83839f3c2d14e6644a8bc642bd49f8"
"416","Jambi","10,000 Days","Tool","2006","241","375","2025-09-22 14:42:13","https://is1-ssl.mzstatic.com/image/thumb/Music124/v4/93/17/11/931711de-7877-94ac-7e4c-af25ee6775e8/886447824771.jpg/600x600bb.jpg"
"417","Wish You Were Here","Morning View","Incubus","2001","319","628","2025-09-22 14:34:34","https://is1-ssl.mzstatic.com/image/thumb/Music115/v4/2c/95/ec/2c95ecf2-8303-50b6-2e19-ea6b28424af9/mzi.yficmzdc.jpg/600x600bb.jpg"
"418","Money","The Dark Side of the Moon","Pink Floyd","1973","349","302","2025-09-22 14:28:20","https://is1-ssl.mzstatic.com/image/thumb/Music115/v4/3c/1b/a9/3c1ba9e1-15b1-03b3-3bfd-09dbd9f1705b/dj.mggvbaou.jpg/600x600bb.jpg"
"419","Natural Born Killer","The Midnight Demon Club","Highly Suspect","2022","188","106","2025-09-22 14:25:50","https://is1-ssl.mzstatic.com/image/thumb/Music112/v4/59/7d/04/597d0463-5e2b-597c-2fa7-2e13b3946e54/075679740984.jpg/600x600bb.jpg"
"420","You Could Be Mine","Use Your Illusions II","Guns N' Roses","1991","493","289","2025-09-22 14:19:01","https://is1-ssl.mzstatic.com/image/thumb/Music122/v4/db/8e/35/db8e356d-76e8-1e10-d7cb-87870bdbfad2/18UMGIM31437.rgb.jpg/600x600bb.jpg"
"421","Something In The Way","Nevermind","Nirvana","1991","249","255","2025-09-22 14:15:05","https://external-preview.redd.it/PVilxGidbEIEbHZzpqAP6CR1S1RLAkxl0GZOOzqPuCc.png?width=640&crop=smart&auto=webp&s=beda8d43df83839f3c2d14e6644a8bc642bd49f8"
"422","Wanted Dead Or Alive","Slippery When Wet","Bon Jovi","1986","464","308","2025-09-22 14:09:35","https://is1-ssl.mzstatic.com/image/thumb/Music112/v4/40/16/3e/40163e24-6985-b785-d4ea-cbae07d74812/06UMGIM05422.rgb.jpg/600x600bb.jpg"
"423","Something In Your Mouth","Dark Horse","Nickelback","2008","525","671","2025-09-22 14:05:33","https://is1-ssl.mzstatic.com/image/thumb/Music115/v4/ba/e4/40/bae44075-8cd6-ca2e-7f90-845983f30a70/mzi.tprsucpv.jpg/600x600bb.jpg"
"424","99 Red Balloons","Stomping Ground","Goldfinger","2000","727","845","2025-09-22 14:01:11","https://is1-ssl.mzstatic.com/image/thumb/Music125/v4/11/3c/96/113c96ce-eb64-9d7c-eeb7-7dc000e001f7/mzi.fxfgetyw.jpg/600x600bb.jpg"
"425","Garden","Ten","Pearl Jam","1991","373","303","2025-09-22 13:51:55","https://is1-ssl.mzstatic.com/image/thumb/Music125/v4/5e/91/c1/5e91c1ba-53cb-c5c8-15f1-d3c81f3b3592/dj.psrqglcw.jpg/600x600bb.jpg"
"426","Guerilla Radio","Battle Of Los Angeles","Rage Against The Machine","1983","324","380","2025-09-22 13:48:16","https://is1-ssl.mzstatic.com/image/thumb/Music115/v4/10/7d/eb/107deb76-ee81-8151-2375-7b18f67591f0/074646963029.jpg/600x600bb.jpg"
"427","Mama I'm Coming Home","Single Only","L.A.B","2021","841","603","2025-09-22 13:44:51","https://f4.bcbits.com/img/0030692874_10.jpg"
"428","Snow","Stadium Arcadium","Red Hot Chili Peppers","2006","457","315","2025-09-22 13:36:43","https://is1-ssl.mzstatic.com/image/thumb/Music5/v4/5e/49/35/5e493511-d87b-5aa2-b379-30fffbae902b/093624932154.jpg/600x600bb.jpg"
"429","Ten Thousand Fists","Ten Thousand Fists","Disturbed","2005","436","748","2025-09-22 13:32:54","https://is1-ssl.mzstatic.com/image/thumb/Music114/v4/4a/71/92/4a7192ec-cb5e-6dc4-919c-4fea69641e9c/093624924661.jpg/600x600bb.jpg"
"430","Come Out And Play","Smash","The Offspring","1994","505","509","2025-09-22 13:30:07","https://is1-ssl.mzstatic.com/image/thumb/Music221/v4/af/a3/6f/afa36ff7-01fd-f054-1e05-b257aff7cd20/0045778686865.png/600x600bb.jpg"
"431","Planet Caravan","Paranoid","Black Sabbath","1970","RE-ENTRY","","2025-09-22 13:25:38","https://cdn.mediaworks.nz/therock/images/songs/785232473.jpg"
"432","Do I Wanna Know","AM","Arctic Monkeys","2013","287","260","2025-09-22 13:21:00","https://is1-ssl.mzstatic.com/image/thumb/Music113/v4/cc/0f/2d/cc0f2d02-5ff1-10e7-eea2-76863a55dbad/887828031795.png/600x600bb.jpg"
"433","Walk Of Life","Brothers In Arms","Dire Straits","1985","308","365","2025-09-22 13:17:34","https://is1-ssl.mzstatic.com/image/thumb/Music115/v4/e8/bd/54/e8bd54fd-6595-4ebf-aa4c-58139ed316e6/dj.bngafruf.jpg/600x600bb.jpg"
"434","Fast Times In Tahoe","Love & Disrespect","Elemeno P","2002","364","305","2025-09-22 13:12:27","https://is1-ssl.mzstatic.com/image/thumb/Music128/v4/d7/68/27/d76827f8-8a87-d73c-9306-cc2211e9d7d1/00602498091180.rgb.jpg/600x600bb.jpg"
"435","Blue On Black","And Justice For None","Five Finger Death Punch ft. Brian May","2018","1167","1698","2025-09-22 13:08:39","https://is1-ssl.mzstatic.com/image/thumb/Music126/v4/30/dc/1c/30dc1cad-bd86-79c2-31e1-14237884d5ef/810067010344_gYlZvTTckZiImJSundefined.jpg/600x600bb.jpg"
"436","Hysteria","Hysteria","Def Leppard","1987","461","300","2025-09-22 13:03:09","https://is1-ssl.mzstatic.com/image/thumb/Music115/v4/0f/76/fa/0f76fa8d-8341-c0af-84d8-543b9193c728/17UM1IM41552.rgb.jpg/600x600bb.jpg"
"437","Disarm","Siamese Dream","Smashing Pumpkins","1993","368","414","2025-09-22 12:55:13","https://is1-ssl.mzstatic.com/image/thumb/Music115/v4/3a/dc/08/3adc08b0-e98c-b5dd-943e-a37c7ed06205/13UABIM03615.rgb.jpg/600x600bb.jpg"
"438","Feel the Fire","Old Gods","Shihad","2021","801","1152","2025-09-22 12:51:48","https://is1-ssl.mzstatic.com/image/thumb/Music125/v4/5e/73/b2/5e73b2bd-754b-cf6a-7ddc-5a301ae3e0ec/190296607288.jpg/600x600bb.jpg"
"439","The Memory Remains","Re-Load","Metallica","1997","480","403","2025-09-22 12:46:01","https://upload.wikimedia.org/wikipedia/en/9/9b/Metallica_-_Reload_cover.jpg"
"440","Who Made Who","Who Made Who","AC/DC","1986","561","1033","2025-09-22 12:38:29","https://is1-ssl.mzstatic.com/image/thumb/Features115/v4/46/78/aa/4678aae9-d350-3d60-6952-080de8bf81bf/dj.sxqmstwj.jpg/600x600bb.jpg"
"441","Boulevard Of Broken Dreams","American Idiot","Green Day","2004","323","362","2025-09-22 12:34:14","https://upload.wikimedia.org/wikipedia/en/e/ed/Green_Day_-_American_Idiot_album_cover.png"
"442","My Curse","As Daylight Dies","Killswitch Engage","2006","412","346","2025-09-22 12:29:59","https://is1-ssl.mzstatic.com/image/thumb/Music125/v4/4e/b5/b2/4eb5b227-f274-e661-33ff-dc3b0856bb07/mzi.qaklsiyz.jpg/600x600bb.jpg"
"443","Adam's Song","Enema of the State","Blink-182","1999","492","447","2025-09-22 12:25:38","https://is1-ssl.mzstatic.com/image/thumb/Music115/v4/c2/f2/78/c2f2783f-8e65-0b2b-80ac-b52c4cfece2d/16UMGIM35657.rgb.jpg/600x600bb.jpg"
"444","State Of Love And Trust","Single Only","Pearl Jam","2004","555","585","2025-09-22 12:21:44","https://upload.wikimedia.org/wikipedia/en/4/40/Singles_Soundtrack.jpg"
"445","1000Hp","1000HP","Godsmack","2014","490","459","2025-09-22 12:17:07","https://is1-ssl.mzstatic.com/image/thumb/Music115/v4/68/12/98/68129808-aab4-9f50-6e16-910ae4a1fc4a/00602537937509.rgb.jpg/600x600bb.jpg"
"446","Cult Of Personality","Vivid","Living Colour","1988","518","485","2025-09-22 12:11:28","https://is1-ssl.mzstatic.com/image/thumb/Music112/v4/e5/db/b4/e5dbb437-e4a0-ee47-d08c-58adf1379192/5099746075828.jpg/600x600bb.jpg"
"447","30/30-150","Come What(ever) May","Stone Sour","2006","1076","1393","2025-09-22 12:07:09","https://is1-ssl.mzstatic.com/image/thumb/Music115/v4/ba/98/cf/ba98cf49-1c5f-55c7-8de2-3439db403ded/mzi.ylpzeish.jpg/600x600bb.jpg"
"448","Thank You","Songbook","Chris Cornell","2011","345","364","2025-09-22 12:02:11","https://is1-ssl.mzstatic.com/image/thumb/Music124/v4/6f/22/84/6f228441-e315-2e7c-d3e5-7f6ec10ab7c1/00602527888248.rgb.jpg/600x600bb.jpg"
"449","The Unforgiven III","Death Magnetic","Metallica","2008","698","756","2025-09-22 11:48:39","https://is1-ssl.mzstatic.com/image/thumb/Music125/v4/40/89/68/40896869-db34-6b2e-3e6e-d778d188713b/0093624981565.jpg/1000x1000bb.jpg"
"450","Fade","We Rise","Devilskin","2014","289","866","2025-09-22 11:45:01","https://is1-ssl.mzstatic.com/image/thumb/Music116/v4/8a/de/c1/8adec1ba-2ce4-805a-bdb4-8e582fc9d0fd/9421028858953.png/600x600bb.jpg"
"451","Photograph","All The Right Reasons","Nickelback","1995","338","630","2025-09-22 11:40:07","https://is1-ssl.mzstatic.com/image/thumb/Music114/v4/f8/e0/db/f8e0db52-f6e5-5d85-6e0a-ae73e5caab11/mzi.qohxegpg.jpg/600x600bb.jpg"
"452","Carolina","Single Only","Kora","2016","392","451","2025-09-22 11:33:55","https://images.genius.com/4e5bac5efaa9b9b0ad571e4e88200acf.1000x1000x1.jpg"
"453","Let There Be Rock","Let There Be Rock","AC/DC","1977","314","266","2025-09-22 11:26:22","https://is1-ssl.mzstatic.com/image/thumb/Features115/v4/d3/26/63/d32663dc-f5a0-090b-d249-fd24cd47a8ab/dj.eynsaemm.jpg/600x600bb.jpg"
"454","Raised In The Dark","Raised In The Dark","Villainy","2019","511","891","2025-09-22 11:22:52","https://is1-ssl.mzstatic.com/image/thumb/Music123/v4/26/5d/27/265d27be-ac9d-9f3a-e64b-3adb44aa56e7/190295448783.jpg/600x600bb.jpg"
"455","Throne","That's the Spirit","Bring Me The Horizon","2015","1670","","2025-09-22 11:20:29","https://is1-ssl.mzstatic.com/image/thumb/Music116/v4/bb/dc/1d/bbdc1dda-00d3-f989-0599-543da601acaf/886445386097.jpg/600x600bb.jpg"
"456","Tusk","Tusk","Fleetwood Mac","1979","548","402","2025-09-22 11:17:28","https://is1-ssl.mzstatic.com/image/thumb/Music115/v4/0c/80/b2/0c80b2a3-9409-d7ea-9044-c0c0c6eb00e3/mzm.ezalkqov.jpg/600x600bb.jpg"
"457","Remedy","Karma And Effect","Seether","2005","526","482","2025-09-22 11:13:47","https://is1-ssl.mzstatic.com/image/thumb/Music211/v4/f4/8b/66/f48b66e4-81c7-3aef-705e-c78346f16004/14CMGIM00787.rgb.jpg/600x600bb.jpg"
"458","Radio Ga Ga","The Works","Queen","1984","507","386","2025-09-22 11:06:15","https://is1-ssl.mzstatic.com/image/thumb/Music126/v4/f3/cc/06/f3cc068f-8991-d6a0-24e9-9b9918dd0852/14DMGIM05611.rgb.jpg/600x600bb.jpg"
"459","Run Wild","Real Dancing","Racing","2018","258","89","2025-09-22 11:01:40","https://is1-ssl.mzstatic.com/image/thumb/Music128/v4/88/00/d5/8800d514-2c42-1e74-b443-fb9081fd71f2/cover_art_download.jpg/600x600bb.jpg"
"460","In The Air Tonight","Face Value","Phil Collins","1981","491","419","2025-09-22 10:52:45","https://is1-ssl.mzstatic.com/image/thumb/Music115/v4/e2/64/d1/e264d18c-2b20-051d-3fc3-68b3424f8cde/603497880249.jpg/600x600bb.jpg"
"461","You Again","Killjoy","Shihad","1995","857","1053","2025-09-22 10:46:20","https://is1-ssl.mzstatic.com/image/thumb/Music124/v4/12/cd/ae/12cdaeb0-98c3-1b43-e66a-4d5cf43c51eb/825646137091.jpg/600x600bb.jpg"
"462","Learning To Fly","Into the Great Wide Open","Tom Petty and The Heartbreakers","1991","799","674","2025-09-22 10:42:58","https://is1-ssl.mzstatic.com/image/thumb/Music112/v4/82/7f/96/827f96f5-4ef5-3216-d68f-be3e11fe160f/06UMGIM07741.rgb.jpg/1000x1000bb.jpg"
"463","Bullet In The Head","Rage Against The Machine","Rage Against The Machine","1992","297","259","2025-09-22 10:34:02","https://static.tvtropes.org/pmwiki/pub/images/rageagainstthemachinepic.jpg"
"464","Don't Cry","Use Your Illusion I","Guns N' Roses","1991","441","374","2025-09-22 10:28:55","https://is1-ssl.mzstatic.com/image/thumb/Music112/v4/6a/e2/1f/6ae21fa9-c897-3be1-2967-50eefae22b93/06UMGIM05041.rgb.jpg/600x600bb.jpg"
"465","Land Of Confusion","Ten Thousand Fists","Disturbed","2005","377","436","2025-09-22 10:25:31","https://is1-ssl.mzstatic.com/image/thumb/Music114/v4/4a/71/92/4a7192ec-cb5e-6dc4-919c-4fea69641e9c/093624924661.jpg/600x600bb.jpg"
"466","Dirty Deeds Done Dirt Cheap","Dirty Deeds Done Dirt Cheap","AC/DC","1976","237","293","2025-09-22 10:19:56","https://is1-ssl.mzstatic.com/image/thumb/Music125/v4/51/b1/f7/51b1f7d1-f157-39b1-f850-e08e5206ff63/886443673489.jpg/600x600bb.jpg"
"467","Soul To Squeeze","Blood Sugar Sex Magik","Red Hot Chili Peppers","1991","421","355","2025-09-22 10:15:48","https://cdn.mediaworks.nz/therock/images/songs/ab67616d0000b273f7c30052d5e2d2302df13ca7.jpg"
"468","Youth Of The Nation","Satellite","P.O.D.","2001","521","515","2025-09-22 10:11:19","https://is1-ssl.mzstatic.com/image/thumb/Music125/v4/8c/47/17/8c4717ac-02d4-10ed-556a-643f6a5c1149/mzi.cvvcmtpu.jpg/600x600bb.jpg"
"469","Learning To Fly","A Momentary Lapse of Reason","Pink Floyd","1987","207","178","2025-09-22 10:06:21","https://is1-ssl.mzstatic.com/image/thumb/Music114/v4/63/a2/c9/63a2c91a-0d7f-634d-b672-a38493b9e0ed/886445635935.jpg/1000x1000bb.jpg"
"470","Closer","Downward Spiral","Nine Inch Nails","1994","442","511","2025-09-22 10:01:19","https://is1-ssl.mzstatic.com/image/thumb/Music125/v4/b5/42/5d/b5425d92-410d-9c4b-72b1-d0147bbb01dd/00602567931713.rgb.jpg/600x600bb.jpg"
"471","Tuesday's Gone","Garage INC","Metallica","1998","1387","1047","2025-09-22 09:46:55","https://is1-ssl.mzstatic.com/image/thumb/Music125/v4/ec/2f/09/ec2f0972-db2a-ef0d-52eb-7167fee36d5a/0075596229968.jpg/600x600bb.jpg"
"472","Just Breathe","Backspacer","Pearl Jam","2009","486","543","2025-09-22 09:43:40","https://is1-ssl.mzstatic.com/image/thumb/Music124/v4/8e/e3/6f/8ee36fd7-f9a9-7ede-e173-b1e001e5e5aa/00602527189802.rgb.jpg/600x600bb.jpg"
"473","Rhiannon","Fleetwood Mac","Fleetwood Mac","1975","415","245","2025-09-22 09:34:23","https://is1-ssl.mzstatic.com/image/thumb/Music124/v4/7d/5b/04/7d5b0401-b944-b628-8eb2-d0cb49fb6ca5/603497925599.jpg/600x600bb.jpg"
"474","Hemorrhage (In My Hands)","Something Like Human","Fuel","2000","422","608","2025-09-22 09:30:51","https://is1-ssl.mzstatic.com/image/thumb/Features114/v4/5f/d8/af/5fd8afb9-d41b-7d94-6a1a-471739f50bcc/dj.ibxbhduu.jpg/1000x1000bb.jpg"
"475","Black Dog","Led Zeppelin IV","Led Zeppelin","1971","83","191","2025-09-22 09:26:44","https://is1-ssl.mzstatic.com/image/thumb/Music115/v4/5c/15/9b/5c159b27-95ca-b9a7-84e3-28e795fffd39/dj.kvkrpptq.jpg/600x600bb.jpg"
"476","I Stand Alone","The Scorpion King Soundtrack","Godsmack","2002","341","348","2025-09-22 09:21:45","https://cdn.mediaworks.nz/therock/images/songs/OS05NTU5LmpwZWc.jpeg"
"477","I Was Made For Loving You","Dynasty","Kiss","1979","484","808","2025-09-22 09:17:06","https://is1-ssl.mzstatic.com/image/thumb/Music122/v4/92/7f/5c/927f5c6f-e24a-8db5-e165-38d8b9314d8d/14UMGIM16041.rgb.jpg/600x600bb.jpg"
"478","Spoonman","Superunknown","Soundgarden","1994","384","396","2025-09-22 09:11:56","https://is1-ssl.mzstatic.com/image/thumb/Music221/v4/ae/b6/d6/aeb6d672-2004-41eb-ccba-e2964643a2bc/06UMGIM18607.rgb.jpg/600x600bb.jpg"
"479","Wild Horses","Sticky Fingers","The Rolling Stones","1971","588","695","2025-09-22 09:06:55","https://is1-ssl.mzstatic.com/image/thumb/Music112/v4/7f/e0/b4/7fe0b4da-36cd-a1d0-0f19-ef3fec18e3cd/08UMGIM15742.rgb.jpg/600x600bb.jpg"
"480","Testify","The Battle of Los Angeles","Rage Against The Machine","1999","728","391","2025-09-22 09:02:48","https://is1-ssl.mzstatic.com/image/thumb/Music115/v4/10/7d/eb/107deb76-ee81-8151-2375-7b18f67591f0/074646963029.jpg/600x600bb.jpg"
"481","Summertime Voodoo","As Above, So Below","Highly Suspect","2024","63","","2025-09-22 08:49:48","https://is1-ssl.mzstatic.com/image/thumb/Music211/v4/17/73/72/177372ff-aae0-5ff0-e874-3d77da0e8dfa/075679662194.jpg/600x600bb.jpg"
"482","Wrong Way","Sublime","Sublime","1996","391","372","2025-09-22 08:48:07","https://is1-ssl.mzstatic.com/image/thumb/Music125/v4/c2/44/52/c2445270-0ad1-c895-3ab1-24beedd6c422/06UMGIM01498.rgb.jpg/600x600bb.jpg"
"483","Neon Sunrise","Single Only","I Am Giant","2010","428","460","2025-09-22 08:37:03","https://is1-ssl.mzstatic.com/image/thumb/Music/80/c5/9b/mzi.dojrglme.jpg/1000x1000bb.jpg"
"484","Go With The Flow","Songs for the Deaf","Queens Of The Stone Age","2002","235","373","2025-09-22 08:33:33","https://is1-ssl.mzstatic.com/image/thumb/Music125/v4/50/ca/f8/50caf865-3197-77d3-f416-abfa14e698bd/00602517417205.rgb.jpg/600x600bb.jpg"
"485","Brain Stew","Insomniac","Green Day","1995","446","749","2025-09-22 08:30:55","https://is1-ssl.mzstatic.com/image/thumb/Music124/v4/b0/f8/cd/b0f8cd1f-6269-30bc-8ccb-cdb2a87a1d0d/093624915706.jpg/600x600bb.jpg"
"486","Ride On","Dirty Deeds Done Dirt Cheap","AC/DC","1976","386","409","2025-09-22 08:24:42","https://is1-ssl.mzstatic.com/image/thumb/Music125/v4/51/b1/f7/51b1f7d1-f157-39b1-f850-e08e5206ff63/886443673489.jpg/600x600bb.jpg"
"487","Rearviewmirror","vs","Pearl Jam","1993","126","406","2025-09-22 08:14:56","https://is1-ssl.mzstatic.com/image/thumb/Music115/v4/60/a1/f7/60a1f7ee-72d8-0096-ac20-fe9c453211c7/dj.nyndmalc.jpg/600x600bb.jpg"
"488","Losing My Religion","Out of Time","R.E.M","1991","527","591","2025-09-22 08:10:29","https://is1-ssl.mzstatic.com/image/thumb/Music125/v4/05/ae/86/05ae8650-7bce-2377-8959-78ea033a99d9/00888072013711.rgb.jpg/1000x1000bb.jpg"
"489","Heaven And Hell","Heaven and Hell","Black Sabbath","1980","650","627","2025-09-22 08:03:55","https://is1-ssl.mzstatic.com/image/thumb/Music125/v4/26/d6/fb/26d6fb50-5e33-baf7-98ec-13b167b06387/mzi.bxsjhsxe.jpg/600x600bb.jpg"
"490","Dammit (Growing Up)","Dude Ranch","Blink-182","1997","549","232","2025-09-19 17:53:05","https://is1-ssl.mzstatic.com/image/thumb/Music112/v4/18/73/f1/1873f1a7-4422-0000-9bbf-9f723f08cd9c/16UMGIM35642.rgb.jpg/1000x1000bb.jpg"
"491","Breaking The Habit","Meteora","Linkin Park","2003","317","148","2025-09-19 17:50:12","https://is1-ssl.mzstatic.com/image/thumb/Features125/v4/dd/7d/72/dd7d7259-d27f-5b3e-ce64-9e304d2cb40f/dj.rxzrauer.jpg/600x600bb.jpg"
"492","Fake Plastic Trees","The Bends","Radiohead","1995","628","528","2025-09-19 17:45:09","https://is1-ssl.mzstatic.com/image/thumb/Music126/v4/1b/a9/5c/1ba95cac-b245-d386-63fb-6b857aa9dce8/634904078065.png/600x600bb.jpg"
"493","Until It Sleeps","Load","Metallica","1996","802","639","2025-09-19 17:34:32","https://is1-ssl.mzstatic.com/image/thumb/Music124/v4/4f/25/da/4f25da69-51a3-03da-5cf5-fa50eb455cb9/0093624986546.jpg/600x600bb.jpg"
"494","Good Riddance (Time Of Your Life)","Nimrod","Green Day","1997","509","455","2025-09-19 17:32:40","https://is1-ssl.mzstatic.com/image/thumb/Music125/v4/a0/16/bf/a016bf34-4050-16d6-778b-9eb5af5e5d4c/093624915690.jpg/600x600bb.jpg"
"495","Don't Stop Me Now","Jazz","Queen","1978","407","228","2025-09-19 17:27:47","https://is1-ssl.mzstatic.com/image/thumb/Music125/v4/31/8e/d1/318ed180-c0f4-922e-d875-0c4639f052d2/14DMGIM05603.rgb.jpg/600x600bb.jpg"
"496","Fine Again","Disclaimer","Seether","2002","684","694","2025-09-19 17:25:00","https://is1-ssl.mzstatic.com/image/thumb/Music125/v4/71/75/b1/7175b1a8-d6ac-5213-11c6-f0b3b0da721d/14CMGIM00783.rgb.jpg/600x600bb.jpg"
"497","Gypsy","Mirage","Fleetwood Mac","1982","489","572","2025-09-19 17:18:00","https://is1-ssl.mzstatic.com/image/thumb/Music221/v4/ef/77/2a/ef772ae0-e65f-1218-e10a-28ac707dd316/603497820382.jpg/600x600bb.jpg"
"498","I Miss The Misery","The Strange Case Of?","Halestorm","2012","481","922","2025-09-19 17:17:34","https://is1-ssl.mzstatic.com/image/thumb/Music114/v4/c1/5b/dc/c15bdc20-c9da-892a-4cf6-9a84cd94f8e9/075679968395.jpg/600x600bb.jpg"
"499","Mr Brownstone","Appetite for Desctruction","Guns N' Roses","1987","326","319","2025-09-19 17:10:46","https://is1-ssl.mzstatic.com/image/thumb/Music125/v4/a0/4d/c4/a04dc484-03cc-02aa-fa82-5334fcb4bc16/18UMGIM24878.rgb.jpg/600x600bb.jpg"
"500","Left Behind","Iowa","Slipknot","2001","570","548","2025-09-19 17:06:57","https://is1-ssl.mzstatic.com/image/thumb/Music124/v4/59/de/25/59de252f-224b-7210-36d0-5938d6b45bbf/016861752408.jpg/1000x1000bb.jpg"
"501","Song 2","Blur","Blur","1997","556","310","2025-09-19 16:55:40","https://is1-ssl.mzstatic.com/image/thumb/Music126/v4/ed/73/cc/ed73cc61-8244-4f45-90fc-23ad8a3ee7e4/5099997227359.jpg/600x600bb.jpg"
"502","When The Levee Breaks","Led Zeppelin IV","Led Zeppelin","1971","495","527","2025-09-19 16:48:21","https://is1-ssl.mzstatic.com/image/thumb/Music115/v4/5c/15/9b/5c159b27-95ca-b9a7-84e3-28e795fffd39/dj.kvkrpptq.jpg/600x600bb.jpg"
"503","Points Of Authority","Hybrid Theory","Linkin Park","2000","736","1870","2025-09-19 16:45:44","https://is1-ssl.mzstatic.com/image/thumb/Features115/v4/f0/31/b2/f031b2b2-bcf0-6102-426f-e0b2c7437415/dj.vrgpwamf.jpg/600x600bb.jpg"
"504","The Jack","T.N.T","AC/DC","1975","630","727","2025-09-19 16:35:23","https://cdn.mediaworks.nz/therock/images/songs/images.jpg"
"505","You're Gonna Go Far Kid","Rise and Fall, Rage and Grace","The Offspring","2008","448","523","2025-09-19 16:30:50","https://is1-ssl.mzstatic.com/image/thumb/Music125/v4/d1/4c/0b/d14c0b03-b703-1661-c012-62ab59d76e5b/00602557271041.rgb.jpg/600x600bb.jpg"
"506","Dakota","Language. Sex. Violence. Other?","Stereophonics","2005","473","473","2025-09-19 16:23:12","https://is1-ssl.mzstatic.com/image/thumb/Music115/v4/7e/90/7a/7e907a38-84dc-46cc-c1aa-542ed180dc0f/05033197310527.rgb.jpg/1000x1000bb.jpg"
"507","I'm On Fire","Born in the U.S.A.","Bruce Springsteen","1984","686","392","2025-09-19 16:20:41","https://is1-ssl.mzstatic.com/image/thumb/Music115/v4/32/72/68/327268ba-b9dd-b322-2a16-bdd0212df48c/074643865326.jpg/600x600bb.jpg"
"508","Dani California","Stadium Arcadium","Red Hot Chili Peppers","2006","366","483","2025-09-19 16:15:36","https://is1-ssl.mzstatic.com/image/thumb/Music5/v4/5e/49/35/5e493511-d87b-5aa2-b379-30fffbae902b/093624932154.jpg/600x600bb.jpg"
"509","What I Got","Sublime","Sublime","1996","437","416","2025-09-19 16:09:25","https://is1-ssl.mzstatic.com/image/thumb/Music125/v4/c2/44/52/c2445270-0ad1-c895-3ab1-24beedd6c422/06UMGIM01498.rgb.jpg/600x600bb.jpg"
"510","Brick By Boring Brick","Brand New Eyes","Paramore","2009","671","710","2025-09-19 16:05:54","https://is1-ssl.mzstatic.com/image/thumb/Music115/v4/42/48/29/424829a6-42fe-77e7-770e-a760f54ec3de/dj.qnyuzqoy.jpg/600x600bb.jpg"
"511","Paradise By The Dashboard Light","Bat out of Hell","Meatloaf","1977","362","368","2025-09-19 15:48:28","https://is1-ssl.mzstatic.com/image/thumb/Music125/v4/cd/90/b5/cd90b5c4-9379-92ae-da01-4b27ea00697b/886443775787.jpg/1000x1000bb.jpg"
"512","Safe Passage","Dead Sight","Villainy","2015","610","610","2025-09-19 15:43:52","https://is1-ssl.mzstatic.com/image/thumb/Music124/v4/38/76/11/3876111a-25ee-fd3f-b2e7-e9177d2eb6c5/825646025633.jpg/600x600bb.jpg"
"513","Suck My Kiss","Blood Sugar Sex Magik","Red Hot Chili Peppers","1991","589","583","2025-09-19 15:33:28","https://is1-ssl.mzstatic.com/image/thumb/Music125/v4/2b/2b/56/2b2b564c-e21e-bd40-a8cf-cb47dedcb7df/093624932147.jpg/600x600bb.jpg"
"514","One","My Own Prison","Creed","1997","455","1166","2025-09-19 15:28:49","https://is1-ssl.mzstatic.com/image/thumb/Music124/v4/7d/1e/cb/7d1ecba4-85e7-7c3e-3337-4a1c876ffdde/00601501404924.rgb.jpg/600x600bb.jpg"
"515","Fall To Pieces","Contraband","Velvet Revolver","2004","545","507","2025-09-19 15:22:02","https://is1-ssl.mzstatic.com/image/thumb/Music211/v4/b6/b5/81/b6b5813e-0022-5fbe-98f2-ca02a87cd64b/828765979429.jpg/600x600bb.jpg"
"516","Blank","Blindspott","Blindspott","2003","460","679","2025-09-19 15:16:34","https://is1-ssl.mzstatic.com/image/thumb/Music211/v4/31/7a/26/317a2697-0f02-7c45-2e78-9e178c2266c7/0724354352928.png/600x600bb.jpg"
"517","On The Turning Away","A Momentary Lapse of Reason","Pink Floyd","1987","470","197","2025-09-19 15:10:04","https://is1-ssl.mzstatic.com/image/thumb/Music114/v4/63/a2/c9/63a2c91a-0d7f-634d-b672-a38493b9e0ed/886445635935.jpg/600x600bb.jpg"
"518","Never See The Light","Single","Devilskin","2013","400","650","2025-09-19 15:05:01","https://is1-ssl.mzstatic.com/image/thumb/Music116/v4/8a/de/c1/8adec1ba-2ce4-805a-bdb4-8e582fc9d0fd/9421028858953.png/600x600bb.jpg"
"519","Baba O'Riley","Who's Next?","The Who","1971","155","328","2025-09-19 14:54:56","https://is1-ssl.mzstatic.com/image/thumb/Music114/v4/1c/e8/a4/1ce8a442-eef1-0af2-cf09-30ef0e734731/00602547269683.rgb.jpg/600x600bb.jpg"
"520","Lying From You","Meteora","Linkin Park","2003","659","554","2025-09-19 14:49:47","https://is1-ssl.mzstatic.com/image/thumb/Features125/v4/dd/7d/72/dd7d7259-d27f-5b3e-ce64-9e304d2cb40f/dj.rxzrauer.jpg/600x600bb.jpg"
"521","6th Avenue Heartache","Bringing Down The Horse","The Wallflowers","1996","1657","1577","2025-09-19 14:44:43","https://is1-ssl.mzstatic.com/image/thumb/Music115/v4/83/b6/3a/83b63a4d-2e5b-5471-c5ca-9ac9120c1811/00602547759221.rgb.jpg/600x600bb.jpg"
"522","Be Yourself","Out of Exile","Audioslave","2005","414","596","2025-09-19 14:35:27","https://is1-ssl.mzstatic.com/image/thumb/Music125/v4/97/6c/10/976c100f-a903-6981-066f-7f4919bce1eb/00602498815632.rgb.jpg/1000x1000bb.jpg"
"523","Cocaine","Slowhand","Eric Clapton","1977","681","669","2025-09-19 14:28:38","https://is1-ssl.mzstatic.com/image/thumb/Music125/v4/eb/63/1c/eb631ca1-ce89-2fdf-bd67-bb023bda51f0/00600753416273.rgb.jpg/1000x1000bb.jpg"
"524","When I Come Around","Dookie","Green Day","1994","714","917","2025-09-19 14:25:00","https://is1-ssl.mzstatic.com/image/thumb/Music125/v4/88/83/e7/8883e74b-1b7c-0725-09de-21e4e00d54b5/093624915713.jpg/600x600bb.jpg"
"525","What If","Human Clay","Creed","1999","587","753","2025-09-19 14:20:54","https://is1-ssl.mzstatic.com/image/thumb/Music221/v4/a9/21/35/a92135b7-7fc6-b7ed-cab7-0b1a7aab4d7d/24CRGIM42212.rgb.jpg/600x600bb.jpg"
"526","Romeo And Juliet","Making Movies","Dire Straits","1990","443","411","2025-09-19 14:14:59","https://is1-ssl.mzstatic.com/image/thumb/Music/4d/de/03/mzi.ufzygzcb.jpg/600x600bb.jpg"
"527","Little Sister","Lullabies to Paralyze","Queens Of The Stone Age","2005","454","520","2025-09-19 14:13:20","https://is1-ssl.mzstatic.com/image/thumb/Music124/v4/50/aa/ac/50aaac5d-6eec-6437-c9c0-0a4b576224ea/00602498801352.rgb.jpg/600x600bb.jpg"
"528","Today","Siamese Dream","Smashing Pumpkins","1993","469","519","2025-09-19 14:08:18","https://is1-ssl.mzstatic.com/image/thumb/Music115/v4/3a/dc/08/3adc08b0-e98c-b5dd-943e-a37c7ed06205/13UABIM03615.rgb.jpg/600x600bb.jpg"
"529","Sweet Home Alabama","second helping","Lynyrd Skynyrd","1974","459","326","2025-09-19 14:03:23","https://is1-ssl.mzstatic.com/image/thumb/Music211/v4/f3/1e/c2/f31ec2df-8420-ea26-6d30-0561f9f5b5ec/06UMGIM04107.rgb.jpg/600x600bb.jpg"
"530","Say Hello 2 Heaven","Temple Of The Dog","Temple Of The Dog","1991","535","1587","2025-09-19 13:51:59","https://is1-ssl.mzstatic.com/image/thumb/Music125/v4/67/7d/7b/677d7b51-e664-d4ac-84f4-bc18920d95a0/00075021535022.rgb.jpg/600x600bb.jpg"
"531","All These Things That I've Done","Hot Fuss","The Killers","2004","533","577","2025-09-19 13:47:17","https://is1-ssl.mzstatic.com/image/thumb/Music116/v4/07/1a/5a/071a5aee-6e42-060c-35b9-6a6e45b9ea59/06UMGIM10441.rgb.jpg/600x600bb.jpg"
"532","Invincible","Fear Inoculum","Tool","2019","389","629","2025-09-19 13:29:37","https://is1-ssl.mzstatic.com/image/thumb/Music125/v4/fe/44/10/fe44109b-9bb0-8219-541b-dae56dd9af01/886447895856.jpg/600x600bb.jpg"
"533","Bitter Sweet Symphony","Urban Hymns","The Verve","1997","724","790","2025-09-19 13:25:47","https://is1-ssl.mzstatic.com/image/thumb/Music124/v4/02/b2/68/02b268c7-a234-cb8b-7ef3-a774340744eb/17UM1IM02768.rgb.jpg/600x600bb.jpg"
"534","Israel's Son","Frogstomp","Silverchair","1995","565","546","2025-09-19 13:19:45","https://is1-ssl.mzstatic.com/image/thumb/Music115/v4/d5/4b/07/d54b073a-6422-3486-7545-557c5282a5ec/886445059557.jpg/600x600bb.jpg"
"535","The House Of The Rising Sun","The Animals","The Animals","1964","688","560","2025-09-19 13:14:45","https://upload.wikimedia.org/wikipedia/en/3/30/The_Animals_%28American_album%29.jpg"
"536","The Day I Tried To Live","Superunknown","Soundgarden","1994","425","474","2025-09-19 13:10:01","https://is1-ssl.mzstatic.com/image/thumb/Music221/v4/ae/b6/d6/aeb6d672-2004-41eb-ccba-e2964643a2bc/06UMGIM18607.rgb.jpg/600x600bb.jpg"
"537","Verona","Love & Disrespect","Elemeno P","2002","622","593","2025-09-19 13:06:14","https://is1-ssl.mzstatic.com/image/thumb/Music128/v4/d7/68/27/d76827f8-8a87-d73c-9306-cc2211e9d7d1/00602498091180.rgb.jpg/600x600bb.jpg"
"538","Roots Bloody Roots","The Roots of Sepultura","Sepultura","1996","896","1126","2025-09-19 13:02:16","https://is1-ssl.mzstatic.com/image/thumb/Music118/v4/30/aa/c9/30aac975-fe35-e53c-0aa7-a9126455e6e0/603497866250.jpg/1000x1000bb.jpg"
"539","The Zephyr Song","By The Way","Red Hot Chili Peppers","2002","607","547","2025-09-19 12:55:24","https://is1-ssl.mzstatic.com/image/thumb/Music115/v4/73/ec/27/73ec2771-a008-e55b-8ccd-faf6257d5cd0/093624932178.jpg/1000x1000bb.jpg"
"540","Hallowed Be Thy Name","The Number of the Beast","Iron Maiden","1982","247","252","2025-09-19 12:46:47","https://is1-ssl.mzstatic.com/image/thumb/Music115/v4/12/6b/44/126b4441-6747-c411-b765-7e54aefbf79f/881034134448.jpg/600x600bb.jpg"
"541","Wheels","Single Only","Foo Fighters","2009","531","526","2025-09-19 12:41:58","https://upload.wikimedia.org/wikipedia/en/c/c7/WheelsFoosCover.jpg"
"542","Karma Police","Ok Computer","Radiohead","1997","429","494","2025-09-19 12:34:23","https://is1-ssl.mzstatic.com/image/thumb/Music116/v4/07/60/ba/0760ba0f-148c-b18f-d0ff-169ee96f3af5/634904078164.png/600x600bb.jpg"
"543","Jailbreak","Dirty Deeds Done Dirt Cheap","AC/DC","1976","595","356","2025-09-19 12:31:55","https://is1-ssl.mzstatic.com/image/thumb/Music125/v4/51/b1/f7/51b1f7d1-f157-39b1-f850-e08e5206ff63/886443673489.jpg/600x600bb.jpg"
"544","Here To Stay","Untouchables","Korn","2002","519","567","2025-09-19 12:24:54","https://is1-ssl.mzstatic.com/image/thumb/Features124/v4/65/35/ed/6535ed41-edb9-822b-cc47-f9e09300f44b/dj.dwmdtmys.jpg/600x600bb.jpg"
"545","Degradation Rules","Patient Number 9","Ozzy Osbourne","2022","1973","500","2025-09-19 12:18:30","https://is1-ssl.mzstatic.com/image/thumb/Music122/v4/69/10/d2/6910d2b2-ef2e-881f-5a81-039eb350341e/196589214195.jpg/600x600bb.jpg"
"546","Glory Glory","Blood Will Out","Head Like A Hole","2011","383","565","2025-09-19 12:16:43","https://is1-ssl.mzstatic.com/image/thumb/Music126/v4/23/a9/66/23a966b0-138e-a1e0-f363-d4f274ee393b/9421025882029.png/600x600bb.jpg"
"547","Blackout","Glow On","Turnstile","2021","410","49","2025-09-19 12:13:35","https://is1-ssl.mzstatic.com/image/thumb/Music125/v4/bd/ed/05/bded05c9-3355-c885-3840-b9a4b427b118/075679792839.jpg/600x600bb.jpg"
"548","One Bourbon, One Scotch, One Beer","Gerorge Thorogood & the Destroyers","George Thorogood","1977","453","421","2025-09-19 12:03:49","https://is1-ssl.mzstatic.com/image/thumb/Music115/v4/59/73/35/597335e0-244e-2fbb-8146-9db20c0d885f/13UMGIM49915.rgb.jpg/600x600bb.jpg"
"549","The Four Horsemen","Kill 'Em All","Metallica","1983","1071","880","2025-09-19 11:50:46","https://is1-ssl.mzstatic.com/image/thumb/Features124/v4/73/06/19/73061928-34a2-6462-963a-039203d507fe/dj.cloeijsr.png/1000x1000bb.jpg"
"550","Santa Monica","Sparkle & Fade","Everclear","1995","514","587","2025-09-19 11:46:57","https://is1-ssl.mzstatic.com/image/thumb/Music116/v4/40/5f/1d/405f1d61-641a-1abb-a7a3-3542fadb7fe8/13UABIM59261.rgb.jpg/600x600bb.jpg"
"551","Have A Cigar","Wish You Were Here","Pink Floyd","1975","499","453","2025-09-19 11:42:28","https://is1-ssl.mzstatic.com/image/thumb/Music115/v4/49/ab/fe/49abfef6-0cd9-aa1f-05c3-3eb85d3fe3f5/886445635843.jpg/600x600bb.jpg"
"552","The Grudge","Lateralus","Tool","2001","438","350","2025-09-19 11:29:18","https://is1-ssl.mzstatic.com/image/thumb/Music113/v4/fb/99/8c/fb998c1e-1a11-2434-0fa7-0d90beba5d2b/886447824764.jpg/600x600bb.jpg"
"553","Landslide","Fleetwood Mac","Fleetwood Mac","1975","510","1342","2025-09-19 11:26:22","https://is1-ssl.mzstatic.com/image/thumb/Music124/v4/7d/5b/04/7d5b0401-b944-b628-8eb2-d0cb49fb6ca5/603497925599.jpg/600x600bb.jpg"
"554","Zero","Mellon Collie & the Infinate Sadness","Smashing Pumpkins","1995","466","464","2025-09-19 11:23:19","https://is1-ssl.mzstatic.com/image/thumb/Music115/v4/ca/ce/b2/caceb2ed-50f0-c666-e4d0-165a0a1541fc/13UABIM04008.rgb.jpg/600x600bb.jpg"
"555","She Talks To Angels","Shake Your Money Maker","The Black Crowes","1990","482","390","2025-09-19 11:17:38","https://is1-ssl.mzstatic.com/image/thumb/Music118/v4/64/c4/6b/64c46bf5-3bcb-75e7-048c-791907f62639/00602537349883.rgb.jpg/1000x1000bb.jpg"
"556","What's This Life For","My Own Prison","Creed","1997","552","588","2025-09-19 11:13:46","https://is1-ssl.mzstatic.com/image/thumb/Music124/v4/7d/1e/cb/7d1ecba4-85e7-7c3e-3337-4a1c876ffdde/00601501404924.rgb.jpg/1000x1000bb.jpg"
"557","Knights Of Cydonia","Blackholes?","Muse","2006","348","323","2025-09-19 11:07:22","https://is1-ssl.mzstatic.com/image/thumb/Music124/v4/4a/c1/5d/4ac15dc9-2ae6-1d5b-3add-43bae227f941/825646095452.jpg/1000x1000bb.jpg"
"558","What's Up?","Bigger, Better, Faster, More","4 Non Blondes","1993","679","667","2025-09-19 11:04:28","https://is1-ssl.mzstatic.com/image/thumb/Music115/v4/d2/aa/44/d2aa4418-7e74-7e6d-4247-9b9c1cba9e64/06UMGIM01654.rgb.jpg/1000x1000bb.jpg"
"559","Harvester Of Sorrow","And Justice for All","Metallica","1988","445","804","2025-09-19 10:53:57","https://is1-ssl.mzstatic.com/image/thumb/Music114/v4/c3/65/83/c3658386-7e98-e77c-ac2f-15ea33898bfa/858978005929.png/600x600bb.jpg"
"560","The Sky Is A Neighbourhood","Concrete and Gold","Foo Fighters","2017","399","417","2025-09-19 10:49:04","https://is1-ssl.mzstatic.com/image/thumb/Music116/v4/f1/76/93/f176933e-6b89-25a5-1f78-2a0fb27c2b4c/886446580234.jpg/600x600bb.jpg"
"561","Teenagers","The Black Parade","My Chemical Romance","2006","572","410","2025-09-19 10:46:06","https://is1-ssl.mzstatic.com/image/thumb/Music115/v4/7e/ac/69/7eac6998-7fa4-f1ab-9601-e8b791c736fa/mzi.fbpszunc.jpg/600x600bb.jpg"
"562","Sitting Inside My Head","Traction","Supergroove","1994","544","347","2025-09-19 10:39:19","https://is1-ssl.mzstatic.com/image/thumb/Music/v4/f6/dd/93/f6dd9399-4000-5be7-f383-151829ca9425/886444055154.jpg/600x600bb.jpg"
"563","Stranded","Magma","Gojira","2016","1293","1567","2025-09-19 10:33:03","https://is1-ssl.mzstatic.com/image/thumb/Music125/v4/24/cd/f7/24cdf7d0-279d-316e-a39c-51c35e2cce32/016861747947.jpg/600x600bb.jpg"
"564","Bother","Stone Sour","Stone Sour","2002","546","664","2025-09-19 10:29:41","https://is1-ssl.mzstatic.com/image/thumb/Features124/v4/d7/4c/6f/d74c6f81-17f5-a707-a7fa-4daf212273d9/dj.anvvkvge.jpg/600x600bb.jpg"
"565","Hero Of The Day","Load","Metallica","1996","416","422","2025-09-19 10:25:05","https://is1-ssl.mzstatic.com/image/thumb/Music124/v4/4f/25/da/4f25da69-51a3-03da-5cf5-fa50eb455cb9/0093624986546.jpg/600x600bb.jpg"
"566","Cigarettes and Alcohol","Definitely Maybe","Oasis","1994","1051","1159","2025-09-19 10:20:01","https://is1-ssl.mzstatic.com/image/thumb/Music124/v4/00/af/e3/00afe365-35f8-04cb-379a-e12abead71cd/5051961070132.jpg/600x600bb.jpg"
"567","Layla","Layla And Other Assorted Love Songs","Derek & The Dominos","1970","529","379","2025-09-19 10:13:05","https://upload.wikimedia.org/wikipedia/en/thumb/a/a7/LaylaCover.jpg/220px-LaylaCover.jpg"
"568","Breath","Phobia","Breaking Benjamin","2006","818","831","2025-09-19 10:10:20","https://is1-ssl.mzstatic.com/image/thumb/Music124/v4/39/94/59/3994596f-724f-ba0c-9e06-5b0f9768b94e/00720616265166.rgb.jpg/600x600bb.jpg"
"569","Pretty Fly (For A White Guy)","Americana","The Offspring","1998","685","725","2025-09-19 10:05:49","https://is1-ssl.mzstatic.com/image/thumb/Music125/v4/74/79/7b/74797b37-ea15-e667-1e75-8f59053e41f3/00602557270945.rgb.jpg/600x600bb.jpg"
"570","Nothing Compares 2 U","Live @ SiriusXM","Chris Cornell","2015","351","102","2025-09-19 10:01:55","https://encrypted-tbn0.gstatic.com/images?q=tbn:ANd9GcQASod6tggm5B9BsZvD5fatEH5tskOmrTl5Tg&s"
"571","Stricken","Ten Thousand Fists","Disturbed","2005","350","357","2025-09-19 09:52:51","https://is1-ssl.mzstatic.com/image/thumb/Music114/v4/4a/71/92/4a7192ec-cb5e-6dc4-919c-4fea69641e9c/093624924661.jpg/600x600bb.jpg"
"572","Nothingman","Vitalogy","Pearl Jam","1994","597","741","2025-09-19 09:48:00","https://is1-ssl.mzstatic.com/image/thumb/Music125/v4/5c/8c/6d/5c8c6d72-ff93-5182-be87-f224db0a41e3/dj.gxlpyxpu.jpg/600x600bb.jpg"
"573","Give It Away","Blood Sugar Sex Magik","Red Hot Chili Peppers","1991","578","394","2025-09-19 09:43:20","https://is1-ssl.mzstatic.com/image/thumb/Music125/v4/2b/2b/56/2b2b564c-e21e-bd40-a8cf-cb47dedcb7df/093624932147.jpg/600x600bb.jpg"
"574","Upperdrugs","MCID","Highly Suspect","2019","347","469","2025-09-19 09:33:51","https://is1-ssl.mzstatic.com/image/thumb/Music114/v4/ec/ca/51/ecca5174-a703-7f7a-41c0-856bbd3925e1/814908028482.jpg/600x600bb.jpg"
"575","Rusty Cage","Badmotorfinger","Soundgarden","1991","497","621","2025-09-19 09:29:30","https://is1-ssl.mzstatic.com/image/thumb/Music114/v4/2c/a2/84/2ca284fb-2ec8-6a6e-e739-bb019b594c5a/00602557233278.rgb.jpg/600x600bb.jpg"
"576","Wake Up","Above","Mad Season","1995","337","480","2025-09-19 09:21:16","https://is1-ssl.mzstatic.com/image/thumb/Features115/v4/a0/db/ad/a0dbad6e-62df-6b44-6906-7c7ee010a1a1/dj.fbqtjmgj.jpg/600x600bb.jpg"
"577","Tonight, Tonight","Mellon Collie & the Infinate Sadness","Smashing Pumpkins","1995","782","652","2025-09-19 09:18:23","https://is1-ssl.mzstatic.com/image/thumb/Music115/v4/ca/ce/b2/caceb2ed-50f0-c666-e4d0-165a0a1541fc/13UABIM04008.rgb.jpg/600x600bb.jpg"
"578","Ru Ana Te Whenua","Tu","Alien Weaponry","2018","403","707","2025-09-19 09:12:05","https://is1-ssl.mzstatic.com/image/thumb/Music62/v4/fa/05/90/fa05906f-4f3c-0677-5dd0-2ab09b878ed0/840588116683.jpg/1000x1000bb.jpg"
"579","29 Palms","Fate Of Nations","Robert Plant","1993","1117","1101","2025-09-19 09:06:45","https://is1-ssl.mzstatic.com/image/thumb/Music/c1/36/c9/mzi.uebfupwo.jpg/600x600bb.jpg"
"580","Death By Rock And Roll","Death By Rock And Roll","The Pretty Reckless","2021","1014","1473","2025-09-19 09:02:53","https://upload.wikimedia.org/wikipedia/en/thumb/6/6c/The_Pretty_Reckless_-_Death_by_Rock_and_Roll_%28song%29.png/220px-The_Pretty_Reckless_-_Death_by_Rock_and_Roll_%28song%29.png"
"581","Dead And Bloated","Core","Stone Temple Pilots","1992","629","846","2025-09-19 08:50:15","https://is1-ssl.mzstatic.com/image/thumb/Music128/v4/9c/c1/4d/9cc14ddd-fc63-58eb-d911-98de74825324/603497869275.jpg/600x600bb.jpg"
"582","With Or Without You","The Joshua Tree","U2","1987","867","1020","2025-09-19 08:45:43","https://is1-ssl.mzstatic.com/image/thumb/Music115/v4/8f/e2/c3/8fe2c384-f6cb-9af7-371d-2b6a9b204e59/17UMGIM79292.rgb.jpg/600x600bb.jpg"
"583","Voices","Be Like The River","Devilskin","2016","367","643","2025-09-19 08:35:54","https://is1-ssl.mzstatic.com/image/thumb/Music126/v4/fd/b4/96/fdb496af-2602-7fe0-682e-3bb7b3659547/9421031741822.png/600x600bb.jpg"
"584","I'm Not Okay (I Promise)","Three Cheers for Sweet Revenge","My Chemical Romance","2004","483","1789","2025-09-19 08:32:42","https://is1-ssl.mzstatic.com/image/thumb/Music115/v4/42/58/f7/4258f7bb-eb5b-62b8-573d-6200df0fe3e1/093624917731.jpg/600x600bb.jpg"
"585","Another One Bites The Dust","The Game","Queen","1980","431","475","2025-09-19 08:28:21","https://is1-ssl.mzstatic.com/image/thumb/Music125/v4/bb/d4/75/bbd475e4-71ce-65d3-f622-e212b0dc9ecb/14DMGIM05605.rgb.jpg/600x600bb.jpg"
"586","Archbishop Harold Holmes","No Name","Jack White","2024","DEBUT","","2025-09-19 08:24:45","https://cdn.mediaworks.nz/therock/images/songs/810074424233.jpg"
"587","Given To Fly","Yield","Pearl Jam","1998","502","551","2025-09-19 08:15:54","https://is1-ssl.mzstatic.com/image/thumb/Music124/v4/a9/c6/38/a9c63889-8c3a-e58e-d4fc-c89dc2ac1a60/dj.gredyxzz.jpg/1000x1000bb.jpg"
"588","Creeping Death","Ride The Lightning","Metallica","1984","396","190","2025-09-19 08:10:19","https://is1-ssl.mzstatic.com/image/thumb/Features125/v4/0f/7a/74/0f7a7472-92fa-e77d-384a-1e4304705e83/dj.jbiruenb.png/600x600bb.jpg"
"589","Reckless","Semantics (EP)","Australian Crawl","1983","656","1072","2025-09-19 08:04:07","https://is1-ssl.mzstatic.com/image/thumb/Music124/v4/17/1a/8e/171a8e5a-0cc5-cc22-b19c-a9d9a984efee/13UAEIM28297.rgb.jpg/1000x1000bb.jpg"
"590","Comfortably Shagged","Are You Gonna Kiss It Or Shoot It?","Head Like A Hole","1998","695","794","2025-09-18 18:03:31","https://is1-ssl.mzstatic.com/image/thumb/Music116/v4/5b/e0/b3/5be0b3c5-8687-9d68-4d80-9710792733db/7432163495240.png/600x600bb.jpg"
"591","Holiday","American Idiot","Green Day","2004","478","463","2025-09-18 17:59:53","https://upload.wikimedia.org/wikipedia/en/e/ed/Green_Day_-_American_Idiot_album_cover.png"
"592","We Rise","Be Like The River","Devilskin","2016","458","1036","2025-09-18 17:47:16","https://is1-ssl.mzstatic.com/image/thumb/Music126/v4/fd/b4/96/fdb496af-2602-7fe0-682e-3bb7b3659547/9421031741822.png/600x600bb.jpg"
"593","Smoke On The Water","Machine Head","Deep Purple","1972","604","397","2025-09-18 17:41:20","https://is1-ssl.mzstatic.com/image/thumb/Music125/v4/09/70/d0/0970d0fa-a46d-049b-125c-d131171fce1c/603497877393.jpg/600x600bb.jpg"
"594","Sweet Dreams (Are Made Of This)","Smells Like Children","Marilyn Manson","1995","528","518","2025-09-18 17:31:35","https://is1-ssl.mzstatic.com/image/thumb/Music124/v4/11/93/6c/11936ce8-33a9-63d4-c55b-2968bfbf68e6/00602527067070.rgb.jpg/600x600bb.jpg"
"595","By The Way","Californication","Red Hot Chili Peppers","1999","439","385","2025-09-18 17:27:36","https://is1-ssl.mzstatic.com/image/thumb/Music115/v4/73/ec/27/73ec2771-a008-e55b-8ccd-faf6257d5cd0/093624932178.jpg/600x600bb.jpg"
"596","The Wizard","Black Sabbath","Black Sabbath","1970","1038","1134","2025-09-18 17:21:52","https://is1-ssl.mzstatic.com/image/thumb/Music115/v4/62/8a/3d/628a3dc3-c862-8641-6306-64d7e7e8960a/075992718523.jpg/600x600bb.jpg"
"597","Welcome Home","Available Light","Dave Dobbyn","2005","580","439","2025-09-18 17:18:41","https://is1-ssl.mzstatic.com/image/thumb/Music116/v4/a4/f9/6f/a4f96fc7-579a-dbaf-e477-ca924795b14e/5099752026722.png/600x600bb.jpg"
"598","Helena","Three Cheers for Sweet Revenge","My Chemical Romance","2004","517","1943","2025-09-18 17:13:07","https://is1-ssl.mzstatic.com/image/thumb/Music115/v4/42/58/f7/4258f7bb-eb5b-62b8-573d-6200df0fe3e1/093624917731.jpg/600x600bb.jpg"
"599","Breed","Nevermind","Nirvana","1991","584","688","2025-09-18 17:09:29","https://external-preview.redd.it/PVilxGidbEIEbHZzpqAP6CR1S1RLAkxl0GZOOzqPuCc.png?width=640&crop=smart&auto=webp&s=beda8d43df83839f3c2d14e6644a8bc642bd49f8"
"600","MORE","Keep Me Fed","The Warning","2024","DEBUT","","2025-09-18 17:05:27","https://cdn.mediaworks.nz/therock/images/songs/24UMGIM20617.rgb.jpg"
"601","Plug In Baby","Origin of Symmetry","Muse","2001","418","493","2025-09-18 16:56:00","https://is1-ssl.mzstatic.com/image/thumb/Music114/v4/0c/c8/0b/0cc80b73-aa09-492d-4fcc-984cab29acfa/825646096909.jpg/600x600bb.jpg"
"602","What It's Like","Whitey Ford Sings the Blues","Everlast","1998","569","501","2025-09-18 16:49:02","https://is1-ssl.mzstatic.com/image/thumb/Music112/v4/67/ef/7c/67ef7cb8-08ae-5533-0da4-c7f8de4f57b2/016998512968.png/600x600bb.jpg"
"603","Victoria","Prayers Be Answered","The Exponents","1983","642","659","2025-09-18 16:45:27","https://upload.wikimedia.org/wikipedia/en/2/23/Prayers_Be_Answered_Thumb.jpg"
"604","Can I Play With Madness?","Seventh Son of a Seventh Son","Iron Maiden","1988","504","558","2025-09-18 16:36:08","https://is1-ssl.mzstatic.com/image/thumb/Music124/v4/ae/b9/bc/aeb9bc49-7784-5f3c-4fb1-30122e76e9bf/881034134493.jpg/600x600bb.jpg"
"605","Fly Again","Glow On","Turnstile","2021","691","472","2025-09-18 16:35:32","https://is1-ssl.mzstatic.com/image/thumb/Music125/v4/bd/ed/05/bded05c9-3355-c885-3840-b9a4b427b118/075679792839.jpg/600x600bb.jpg"
"606","I Stay Away","Jar of Flies","Alice In Chains","1994","598","647","2025-09-18 16:30:34","https://is1-ssl.mzstatic.com/image/thumb/Music126/v4/bd/d6/37/bdd6373e-dc26-e86e-1d31-9bb1f7656968/5099747485527.jpg/600x600bb.jpg"
"607","Paralyzer","Them vs You vs Me","Finger Eleven","2007","567","524","2025-09-18 16:26:29","https://is1-ssl.mzstatic.com/image/thumb/Music114/v4/69/51/fe/6951fe90-0cd9-952a-562e-b5203cde4fe4/14CMGIM00801.rgb.jpg/600x600bb.jpg"
"608","Girls Girls Girls","Girls Girls Girls","Motley Crue","1987","668","692","2025-09-18 16:19:51","https://is1-ssl.mzstatic.com/image/thumb/Music116/v4/bf/07/14/bf07145f-1042-4664-58b9-c9cf8509da63/4050538778700.jpg/600x600bb.jpg"
"609","Generator","There Is Nothing Left To Lose","Foo Fighters","1999","640","562","2025-09-18 16:14:54","https://is1-ssl.mzstatic.com/image/thumb/Music125/v4/de/83/0a/de830a06-ba20-249b-909d-f46701a44f19/dj.aevpjurd.jpg/600x600bb.jpg"
"610","King Nothing","Load","Metallica","1996","427","366","2025-09-18 16:09:40","https://is1-ssl.mzstatic.com/image/thumb/Music124/v4/4f/25/da/4f25da69-51a3-03da-5cf5-fa50eb455cb9/0093624986546.jpg/600x600bb.jpg"
"611","Comfort Me","Pacifier","Shihad","2002","701","590","2025-09-18 16:06:43","https://is1-ssl.mzstatic.com/image/thumb/Music124/v4/ff/ac/13/ffac13ff-d212-1f29-e175-948cec84bccc/190295035679.jpg/600x600bb.jpg"
"612","Love Bites","Hysteria","Def Leppard","1987","593","537","2025-09-18 15:51:48","https://is1-ssl.mzstatic.com/image/thumb/Music115/v4/0f/76/fa/0f76fa8d-8341-c0af-84d8-543b9193c728/17UM1IM41552.rgb.jpg/600x600bb.jpg"
"613","Dirt","We Rise","Devilskin","2014","440","705","2025-09-18 15:47:36","https://is1-ssl.mzstatic.com/image/thumb/Music116/v4/8a/de/c1/8adec1ba-2ce4-805a-bdb4-8e582fc9d0fd/9421028858953.png/600x600bb.jpg"
"614","Take Me Out","Franz Ferdinand","Franz Ferdinand","2004","655","822","2025-09-18 15:44:09","https://is1-ssl.mzstatic.com/image/thumb/Music112/v4/83/c6/54/83c6541f-3b90-b46a-b46a-17bf8fd9af16/5034202113645.png/600x600bb.jpg"
"615","Hooker With A Penis","?nima","Tool","1996","432","740","2025-09-18 15:31:31","https://is1-ssl.mzstatic.com/image/thumb/Music113/v4/be/e3/59/bee35988-338f-f01a-6271-ceefdd3f8925/886447824757.jpg/600x600bb.jpg"
"616","Somebody To Love","A Day at the Races","Queen","1976","639","642","2025-09-18 15:26:37","https://is1-ssl.mzstatic.com/image/thumb/Music114/v4/66/6c/d8/666cd8db-890e-7e03-8b68-8976fbf6ba1e/14DMGIM05549.rgb.jpg/600x600bb.jpg"
"617","Shadow Of The Day","Minutes to Midnight","Linkin Park","2007","562","703","2025-09-18 15:20:02","https://is1-ssl.mzstatic.com/image/thumb/Music125/v4/73/03/56/730356d5-a510-3d3f-d3c6-171f64700d35/093624948971.jpg/600x600bb.jpg"
"618","Gutter Black","Last Chance to Dance","Hello Sailor","1982","479","423","2025-09-18 15:18:49","https://is1-ssl.mzstatic.com/image/thumb/Music116/v4/9c/2c/bd/9c2cbd3e-1daa-5abe-0e77-7b00e1c75d2d/9419569102789.png/600x600bb.jpg"
"619","R U Mine?","AM","Arctic Monkeys","2013","614","696","2025-09-18 15:14:33","https://is1-ssl.mzstatic.com/image/thumb/Music113/v4/cc/0f/2d/cc0f2d02-5ff1-10e7-eea2-76863a55dbad/887828031795.png/600x600bb.jpg"
"620","Electric Funeral","Paranoid","Black Sabbath","1970","RE-ENTRY","1837","2025-09-18 15:10:03","https://cdn.mediaworks.nz/therock/images/songs/785232473.jpg"
"621","Badfish","Jah Won't Pay the Bills","Sublime","1991","633","456","2025-09-18 15:05:40","https://is1-ssl.mzstatic.com/image/thumb/Music112/v4/c3/98/36/c398366a-8623-992c-a169-7c040fb0fbe8/16UMGIM09204.rgb.jpg/1000x1000bb.jpg"
"622","When I'm Gone","Away From the Sun","3 Doors Down","2002","1061","1568","2025-09-18 14:53:29","https://is1-ssl.mzstatic.com/image/thumb/Music124/v4/0a/c0/0d/0ac00d65-4327-29b1-6a1e-4f1e2684d758/06UMGIM23627.rgb.jpg/600x600bb.jpg"
"623","Make Me Bad","Issues","Korn","1999","750","959","2025-09-18 14:49:53","https://is1-ssl.mzstatic.com/image/thumb/Music115/v4/75/b7/07/75b7076e-326c-76b9-cee2-e24eb231828a/dj.vcfewdhc.jpg/600x600bb.jpg"
"624","Love Is A Long Road","Full Moon Fever","Tom Petty","1989","229","","2025-09-18 14:45:50","https://is1-ssl.mzstatic.com/image/thumb/Music112/v4/f3/71/47/f37147d5-d029-880b-bdc1-5929c907909a/06UMGIM04214.rgb.jpg/600x600bb.jpg"
"625","This Means War","Hail To The King","Avenged Sevenfold","2013","602","339","2025-09-18 14:35:03","https://is1-ssl.mzstatic.com/image/thumb/Music115/v4/c3/8f/cb/c38fcb39-bbca-3e38-4b5d-1add583d2e92/093624942214.jpg/600x600bb.jpg"
"626","Child In Time","Deep Purple in Rock","Deep Purple","1970","617","563","2025-09-18 14:25:08","https://is1-ssl.mzstatic.com/image/thumb/Music113/v4/d0/a7/34/d0a73465-1217-217e-376f-0afc99996dc2/190295974220.jpg/600x600bb.jpg"
"627","Dissident","vs.","Pearl Jam","1993","705","714","2025-09-18 14:21:39","https://is1-ssl.mzstatic.com/image/thumb/Music115/v4/60/a1/f7/60a1f7ee-72d8-0096-ac20-fe9c453211c7/dj.nyndmalc.jpg/600x600bb.jpg"
"628","Burden In My Hand","Down on the Upside","Soundgarden","1996","583","635","2025-09-18 14:17:10","https://is1-ssl.mzstatic.com/image/thumb/Music125/v4/cc/d0/e1/ccd0e15b-b4d9-38c5-59db-2431f101616b/00602557008425.rgb.jpg/600x600bb.jpg"
"629","Slide Away","Definitely Maybe","Oasis","1994","RE-ENTRY","","2025-09-18 14:09:24","https://cdn.mediaworks.nz/therock/images/songs/slide_away_400_oasis.jpg"
"630","She Sells Sanctuary","Love","The Cult","1986","520","570","2025-09-18 14:05:30","https://is1-ssl.mzstatic.com/image/thumb/Music126/v4/d6/45/3b/d6453b47-cc37-6ae3-86e0-cefbd0e30af0/607618006501.png/600x600bb.jpg"
"631","Prayer","Believe","Disturbed","2002","500","604","2025-09-18 14:01:19","https://is1-ssl.mzstatic.com/image/thumb/Music114/v4/ab/d1/c6/abd1c64d-2a31-ea12-e12c-861decf9b63a/093624950790.jpg/1000x1000bb.jpg"
"632","Sharp Dressed Man","Eliminator","ZZ Top","1983","664","586","2025-09-18 13:52:18","https://is1-ssl.mzstatic.com/image/thumb/Music116/v4/2d/1b/df/2d1bdf1c-e8bc-8361-a800-0f13ba944ad3/0603497921461.jpg/1000x1000bb.jpg"
"633","Satellite","Endgame","Rise Against","2010","485","729","2025-09-18 13:48:25","https://is1-ssl.mzstatic.com/image/thumb/Music114/v4/58/72/cb/5872cb65-1dd8-2178-2891-a779f099a131/00602537898787.rgb.jpg/600x600bb.jpg"
"634","Midlife Crisis","Angel Dust","Faith No More","1992","592","530","2025-09-18 13:43:53","https://is1-ssl.mzstatic.com/image/thumb/Music122/v4/82/bd/57/82bd57bd-bfa9-10b5-c9c6-02f36c629a96/639842820028.jpg/600x600bb.jpg"
"635","Bad Moon Rising","Green River","Creedence Clearwater Revival","1969","828","644","2025-09-18 13:37:24","https://is1-ssl.mzstatic.com/image/thumb/Music115/v4/88/16/20/881620df-9161-61e8-2295-99c6740871b8/00888072355972.rgb.jpg/600x600bb.jpg"
"636","Famous Last Words","The Black Parade","My Chemical Romance","2006","471","443","2025-09-18 13:32:24","https://is1-ssl.mzstatic.com/image/thumb/Music115/v4/7e/ac/69/7eac6998-7fa4-f1ab-9601-e8b791c736fa/mzi.fbpszunc.jpg/600x600bb.jpg"
"637","When The War Is Over","Circus Animals","Cold Chisel","1982","559","258","2025-09-18 13:28:51","https://is1-ssl.mzstatic.com/image/thumb/Music128/v4/76/28/79/7628798c-08e3-1a18-89f2-1f6b10ab7f08/00602537562756.rgb.jpg/600x600bb.jpg"
"638","Somebody Told Me","Hot Fuss","The Killers","2004","730","715","2025-09-18 13:24:50","https://is1-ssl.mzstatic.com/image/thumb/Music116/v4/07/1a/5a/071a5aee-6e42-060c-35b9-6a6e45b9ea59/06UMGIM10441.rgb.jpg/600x600bb.jpg"
"639","Prison Sex","Undertow","Tool","1993","363","641","2025-09-18 13:19:58","https://is1-ssl.mzstatic.com/image/thumb/Music125/v4/48/4c/fa/484cfa09-4d6c-16c5-d195-8a8b6027f71e/886447824740.jpg/1000x1000bb.jpg"
"640","Little By Little","Heathen Chemistry","Oasis","2002","800","932","2025-09-18 13:14:57","https://is1-ssl.mzstatic.com/image/thumb/Music124/v4/a7/69/f4/a769f4e4-a12e-c194-b293-f441ba8bbba1/5051083000406.jpg/600x600bb.jpg"
"641","Bawitdaba","Devil Without A Cause","Kid Rock","1998","534","559","2025-09-18 13:11:39","https://is1-ssl.mzstatic.com/image/thumb/Features115/v4/ba/10/fe/ba10fe4d-cf66-041f-4711-46ec7d7dc04d/dj.qprjhunf.jpg/600x600bb.jpg"
"642","It's My Life","Crush","Bon Jovi","2000","637","582","2025-09-18 13:06:44","https://is1-ssl.mzstatic.com/image/thumb/Music115/v4/a3/c9/2b/a3c92b78-b9b0-544f-c581-45428cdbd67d/14UMGIM44520.rgb.jpg/1000x1000bb.jpg"
"643","So Long, And Thanks For All The Fish","Eat The Elephant","A Perfect Circle","2018","1196","1093","2025-09-18 13:02:21","https://is1-ssl.mzstatic.com/image/thumb/Music113/v4/6a/41/49/6a41490a-b639-faf5-92ec-8d1dfc2889d1/4050538374193.jpg/600x600bb.jpg"
"644","Minerva","Deftones","Deftones","2003","687","864","2025-09-18 12:54:46","https://is1-ssl.mzstatic.com/image/thumb/Music125/v4/22/c9/01/22c9019c-96d8-d32f-26a9-bf98c9541df2/093624919780.jpg/600x600bb.jpg"
"645","Dazed And Confused","Led Zeppelin","Led Zeppelin","1969","512","295","2025-09-18 12:47:23","https://is1-ssl.mzstatic.com/image/thumb/Music115/v4/5c/15/9b/5c159b27-95ca-b9a7-84e3-28e795fffd39/dj.kvkrpptq.jpg/600x600bb.jpg"
"646","I'm Broken","Far Beyond Driven","Pantera","1994","1091","930","2025-09-18 12:43:43","https://is1-ssl.mzstatic.com/image/thumb/Music115/v4/1b/be/ad/1bbeada3-535f-206f-2662-37d785dca492/603497872404.jpg/600x600bb.jpg"
"647","Revelry","Only By The Night","Kings Of Leon","2008","275","1111","2025-09-18 12:35:18","https://is1-ssl.mzstatic.com/image/thumb/Features125/v4/74/25/4c/74254c8b-e03d-44e8-304d-4cde508b8cfb/dj.swemfdrr.jpg/600x600bb.jpg"
"648","Fire Starter","The Fat of the Land","Prodigy","1996","903","1487","2025-09-18 12:32:21","https://is1-ssl.mzstatic.com/image/thumb/Music126/v4/96/8b/08/968b08e4-cb2b-54c2-32bb-dba77ad1c2ca/634904912161.png/600x600bb.jpg"
"649","You Know You're Right","Nirvana (Greatest Hits Album)","Nirvana","2002","536","389","2025-09-18 12:28:13","https://upload.wikimedia.org/wikipedia/commons/thumb/e/e4/Nirvana_album_cover.svg/1200px-Nirvana_album_cover.svg.png"
"650","Third Day Of A Seven Day Binge","The Pale Emperor","Marilyn Manson","2015","605","525","2025-09-18 12:24:15","https://is1-ssl.mzstatic.com/image/thumb/Music114/v4/c2/73/f9/c273f905-86e0-bbf9-8756-f70a4cd8fca1/00888072368538.rgb.jpg/600x600bb.jpg"
"651","Teenage Dirtbag","Wheatus","Wheatus","2000","566","915","2025-09-18 12:19:29","https://is1-ssl.mzstatic.com/image/thumb/Music124/v4/f7/c3/33/f7c333e4-b2b5-b49d-1406-f51bdac6a8aa/mzi.bllmhdje.jpg/600x600bb.jpg"
"652","I Want To Break Free","The Works","Queen","1984","733","479","2025-09-18 12:15:27","https://is1-ssl.mzstatic.com/image/thumb/Music126/v4/f3/cc/06/f3cc068f-8991-d6a0-24e9-9b9918dd0852/14DMGIM05611.rgb.jpg/600x600bb.jpg"
"653","Elvis Presley Circle Pit","We Rise","Devilskin","2014","524","913","2025-09-18 12:11:22","https://is1-ssl.mzstatic.com/image/thumb/Music116/v4/8a/de/c1/8adec1ba-2ce4-805a-bdb4-8e582fc9d0fd/9421028858953.png/600x600bb.jpg"
"654","Let It Be","Let It Be","The Beatles","1970","712","433","2025-09-18 12:06:42","https://is1-ssl.mzstatic.com/image/thumb/Music115/v4/5f/ff/9a/5fff9a6a-bb13-6507-5e68-2793ef798834/21UMGIM61121.rgb.jpg/600x600bb.jpg"
"655","Supermassive Black Hole","Blackholes and Revelations","Muse","2006","554","739","2025-09-18 12:03:25","https://is1-ssl.mzstatic.com/image/thumb/Music124/v4/4a/c1/5d/4ac15dc9-2ae6-1d5b-3add-43bae227f941/825646095452.jpg/1000x1000bb.jpg"
"656","Scorpio Girls","Traction","Supergroove","1994","719","542","2025-09-18 11:52:57","https://is1-ssl.mzstatic.com/image/thumb/Music/v4/f6/dd/93/f6dd9399-4000-5be7-f383-151829ca9425/886444055154.jpg/600x600bb.jpg"
"657","From Can To Can't","Sound City","Sound City ft Corey Taylor","2013","560","1011","2025-09-18 11:48:48","https://m.media-amazon.com/images/I/81Fz5d0XWOL._UF894,1000_QL80_.jpg"
"658","You Give Love A Bad Name","Slippery When Wet","Bon Jovi","1986","742","708","2025-09-18 11:44:52","https://is1-ssl.mzstatic.com/image/thumb/Music112/v4/40/16/3e/40163e24-6985-b785-d4ea-cbae07d74812/06UMGIM05422.rgb.jpg/600x600bb.jpg"
"659","On Call","Because of the Times","Kings Of Leon","2007","444","387","2025-09-18 11:36:50","https://is1-ssl.mzstatic.com/image/thumb/Music115/v4/ad/53/ee/ad53ee45-d47c-f275-6143-695704675959/886447330272.jpg/600x600bb.jpg"
"660","Home Sweet Home","Theatre of Pain","Motley Crue","1985","612","428","2025-09-18 11:34:31","https://is1-ssl.mzstatic.com/image/thumb/Music126/v4/5b/9c/20/5b9c20d8-30a6-ce0c-95fc-178d7aff4afc/4050538779066.jpg/1000x1000bb.jpg"
"661","Call Me When You're Sober","The Open Door","Evanescence","2006","1200","888","2025-09-18 11:29:41","https://is1-ssl.mzstatic.com/image/thumb/Music124/v4/72/62/7e/72627ec6-772c-7229-6cc4-6ded693506fd/00601501412004.rgb.jpg/600x600bb.jpg"
"662","Blow Up The Outside World","Superunknown","Soundgarden","1994","585","489","2025-09-18 11:24:40","https://is1-ssl.mzstatic.com/image/thumb/Music125/v4/cc/d0/e1/ccd0e15b-b4d9-38c5-59db-2431f101616b/00602557008425.rgb.jpg/600x600bb.jpg"
"663","Rock The Casbah","Combat Rock","The Clash","1982","696","1094","2025-09-18 11:20:49","https://is1-ssl.mzstatic.com/image/thumb/Music115/v4/71/b6/8a/71b68ab0-f2d7-5cf0-636c-c27de6ce8aed/886443520707.jpg/600x600bb.jpg"
"664","When You Were Young","Sam's Town","The Killers","2006","627","408","2025-09-18 11:17:27","https://is1-ssl.mzstatic.com/image/thumb/Music116/v4/0d/d8/d7/0dd8d755-2147-9954-8b2e-991b25e49f51/17UM1IM06934.rgb.jpg/1000x1000bb.jpg"
"665","The Outlaw Torn","Load","Metallica","1996","844","619","2025-09-18 11:07:53","https://is1-ssl.mzstatic.com/image/thumb/Music124/v4/4f/25/da/4f25da69-51a3-03da-5cf5-fa50eb455cb9/0093624986546.jpg/600x600bb.jpg"
"666","April Sun In Cuba","Running Free","Dragon","1977","676","529","2025-09-18 11:03:09","https://is1-ssl.mzstatic.com/image/thumb/Music125/v4/64/e7/ff/64e7ff12-dfe5-6e75-2edd-1212d3cefe21/886444226905.jpg/600x600bb.jpg"
"667","Pushit","?nima","Tool","1996","508","594","2025-09-18 10:48:08","https://is1-ssl.mzstatic.com/image/thumb/Music113/v4/be/e3/59/bee35988-338f-f01a-6271-ceefdd3f8925/886447824757.jpg/600x600bb.jpg"
"668","The Boys Light Up","The Boys Light Up","Australian Crawl","1980","474","566","2025-09-18 10:44:38","https://is1-ssl.mzstatic.com/image/thumb/Music114/v4/22/b0/47/22b04718-9717-7f7d-7014-d8c496674b10/13UAAIM12789.rgb.jpg/1000x1000bb.jpg"
"669","No Excuses","Jar of Flies","Alice In Chains","1994","530","516","2025-09-18 10:35:47","https://is1-ssl.mzstatic.com/image/thumb/Music126/v4/bd/d6/37/bdd6373e-dc26-e86e-1d31-9bb1f7656968/5099747485527.jpg/600x600bb.jpg"
"670","Rock And Roll","Led Zeppelin IV","Led Zeppelin","1971","725","334","2025-09-18 10:32:08","https://is1-ssl.mzstatic.com/image/thumb/Music115/v4/5c/15/9b/5c159b27-95ca-b9a7-84e3-28e795fffd39/dj.kvkrpptq.jpg/600x600bb.jpg"
"671","Uprising","The Resistance","Muse","2009","558","654","2025-09-18 10:27:44","https://is1-ssl.mzstatic.com/image/thumb/Music115/v4/53/13/26/531326a2-b93d-9ab8-30cc-e4a9392e7b86/825646092666.jpg/1000x1000bb.jpg"
"672","Moneytalks","The Razor's Edge","AC/DC","1990","568","732","2025-09-18 10:24:06","https://is1-ssl.mzstatic.com/image/thumb/Features114/v4/fc/c2/f8/fcc2f850-1d81-7440-c0a0-de7fcef1e911/dj.rrgizfic.jpg/1000x1000bb.jpg"
"673","Dead Memories","All Hope Is Gone","Slipknot","2008","716","623","2025-09-18 10:20:27","https://is1-ssl.mzstatic.com/image/thumb/Music115/v4/1c/bf/46/1cbf46b8-c549-f3f2-010c-06d6e7627115/016861752200.jpg/600x600bb.jpg"
"674","Hey You","The Wall","Pink Floyd","1979","625","384","2025-09-18 10:15:06","https://is1-ssl.mzstatic.com/image/thumb/Music115/v4/3c/b4/e3/3cb4e3d0-cd77-8f18-7465-d60e6949b435/886445635850.jpg/1000x1000bb.jpg"
"675","Mantra","Amo","Bring Me The Horizon","2019","360","581","2025-09-18 10:10:01","https://is1-ssl.mzstatic.com/image/thumb/Music125/v4/35/c2/1d/35c21dea-2661-4d17-a1ed-c42e62125b86/886447279588.jpg/1000x1000bb.jpg"
"676","Don't Dream it's Over","Crowded House","Crowded House","1987","606","859","2025-09-18 10:07:08","https://is1-ssl.mzstatic.com/image/thumb/Music124/v4/fe/c2/d7/fec2d7b9-34e3-fd2c-ea21-c888f966bba5/13UABIM52092.rgb.jpg/600x600bb.jpg"
"677","Square Hammer","Popestar","Ghost","2016","506","573","2025-09-18 10:03:20","https://is1-ssl.mzstatic.com/image/thumb/Music126/v4/31/93/20/3193201e-be55-6fc4-2d1a-e937bdf46633/16CRGIM00731.rgb.jpg/600x600bb.jpg"
"678","Summer Of '69","Reckless","Bryan Adams","1984","542","458","2025-09-18 09:56:01","https://is1-ssl.mzstatic.com/image/thumb/Music125/v4/e4/9b/c2/e49bc283-607b-9f0b-d7d4-adaba6cd3ff3/14UMGIM34434.rgb.jpg/600x600bb.jpg"
"679","Rosemary","Koi No Yokan","Deftones","2012","1410","","2025-09-18 09:49:05","https://is1-ssl.mzstatic.com/image/thumb/Music124/v4/0f/b0/5a/0fb05adc-3847-4e07-3fe7-3cf9eb898e4d/093624946793.jpg/600x600bb.jpg"
"680","Someday","The Long Road","Nickelback","2003","576","","2025-09-18 09:44:36","https://is1-ssl.mzstatic.com/image/thumb/Music124/v4/ad/30/ed/ad30ed43-adb2-4e55-c685-4647630c08f9/mzi.epyljfva.jpg/600x600bb.jpg"
"681","Hurricane","Desire","Bob Dylan","1975","646","349","2025-09-18 09:32:00","https://is1-ssl.mzstatic.com/image/thumb/Music125/v4/82/24/0c/82240c19-b000-fb0c-d4c2-8febaf3cae09/mzi.ajfuaous.jpg/600x600bb.jpg"
"682","The Outsider","Thirteenth Step","A Perfect Circle","2003","540","686","2025-09-18 09:27:20","https://is1-ssl.mzstatic.com/image/thumb/Music113/v4/1a/d1/f3/1ad1f325-3f3f-d8c1-dcc8-f1a6ffd8b326/13UMGIM85765.rgb.jpg/600x600bb.jpg"
"683","Panama","1984","Van Halen","1984","831","685","2025-09-18 09:24:05","https://upload.wikimedia.org/wikipedia/en/5/5f/Van_Halen_-_1984.jpg"
"684","Rosetta Stoned","10,000 Days","Tool","2006","909","1684","2025-09-18 09:13:33","https://is1-ssl.mzstatic.com/image/thumb/Music124/v4/93/17/11/931711de-7877-94ac-7e4c-af25ee6775e8/886447824771.jpg/600x600bb.jpg"
"685","Arlandria","Back and Forth","Foo Fighters","2011","381","503","2025-09-18 09:07:29","https://is1-ssl.mzstatic.com/image/thumb/Music124/v4/65/2f/2e/652f2e28-ea8e-93ac-91bc-00c72b3b6c6a/884977880991.jpg/600x600bb.jpg"
"686","Dreadlock Holiday","Bloody Tourists","10CC","1978","852","763","2025-09-18 09:03:11","https://is1-ssl.mzstatic.com/image/thumb/Music114/v4/94/1c/19/941c1993-dcf8-5c78-0c04-a90f5a512e22/00731453497320.rgb.jpg/600x600bb.jpg"
"687","A Reason To Fight","Evolution","Disturbed","2018","713","823","2025-09-18 08:52:05","https://is1-ssl.mzstatic.com/image/thumb/Music115/v4/19/7b/4b/197b4be0-97ef-1039-f337-f664a0874a72/093624904809.jpg/600x600bb.jpg"
"688","Wagon Wheel","Old Crow Medicine Show","Old Crow Medicine Show","2004","523","575","2025-09-18 08:47:20","https://is1-ssl.mzstatic.com/image/thumb/Music116/v4/66/91/76/66917608-2c76-307c-17d8-38153f7870fd/067003633956.png/600x600bb.jpg"
"689","So Far Away","Nightmare","Avenged Sevenfold","2010","1599","1666","2025-09-18 08:38:01","https://is1-ssl.mzstatic.com/image/thumb/Music114/v4/40/5a/c1/405ac1ec-ca61-153a-8ae1-2836deff29b9/mzi.fezpsple.jpg/600x600bb.jpg"
"690","All My Ghosts","All My Ghosts","Dead Favours","2025","DEBUT","","2025-09-18 08:33:42","https://cdn.mediaworks.nz/therock/images/songs/199066767320.jpg"
"691","I Alone","Throwing Copper","Live","1994","618","626","2025-09-18 08:30:20","https://is1-ssl.mzstatic.com/image/thumb/Music221/v4/45/d4/51/45d45175-4e14-6544-34b4-730d19cae4a0/06UMGIM02695.rgb.jpg/600x600bb.jpg"
"692","Highway Tune","Black Smoke Rising","Greta Van Fleet","2017","488","457","2025-09-18 08:27:18","https://upload.wikimedia.org/wikipedia/en/b/bc/Greta_Van_Fleet_Black_Smoke_Rising.jpg"
"693","A Crying Shame","Double Your Strength, Improve Your Health, & Lengthen Your Life","Head Like A Hole","1996","796","847","2025-09-18 08:18:33","https://is1-ssl.mzstatic.com/image/thumb/Music126/v4/b1/bd/2b/b1bd2b1c-ae7c-cf2d-e3b8-a6444a90702a/7432140814262.png/1000x1000bb.jpg"
"694","Rime Of The Ancient Mariner","Powerslave","Iron Maiden","1984","550","967","2025-09-18 08:04:16","https://is1-ssl.mzstatic.com/image/thumb/Music62/v4/1b/7e/fd/1b7efd1c-ba04-4d58-2d83-687a0435e7b9/881034134462.jpg/600x600bb.jpg"
"695","Renegade Fighter","Silencer","Zed","2000","994","1254","2025-09-17 17:56:50","https://is1-ssl.mzstatic.com/image/thumb/Music125/v4/40/5c/f5/405cf5d8-9601-a1a7-f68b-d2a7f2283558/00602557091724.rgb.jpg/600x600bb.jpg"
"696","Inside The Fire","Indestructable","Disturbed","2008","472","465","2025-09-17 17:52:49","https://is1-ssl.mzstatic.com/image/thumb/Music124/v4/cf/9c/a0/cf9ca0a6-8c74-dbd6-bbb9-af1b1175bd2a/mzm.pmqvqauv.jpg/600x600bb.jpg"
"697","Rebel Yell","Rebel Yell","Billy Idol","1983","516","535","2025-09-17 17:48:52","https://is1-ssl.mzstatic.com/image/thumb/Music126/v4/18/05/fe/1805fea9-58d8-502a-573b-5711473bd5e4/13UABIM74015.rgb.jpg/600x600bb.jpg"
"698","I Sat By The Ocean","Like Clockwork","Queens Of The Stone Age","2013","577","704","2025-09-17 17:36:11","https://is1-ssl.mzstatic.com/image/thumb/Music126/v4/0c/73/3c/0c733c12-fc9a-bb06-da19-9f25d7c99050/744861104063.png/600x600bb.jpg"
"699","The Fixer","Backspacer","Pearl Jam","2009","752","637","2025-09-17 17:33:52","https://is1-ssl.mzstatic.com/image/thumb/Music124/v4/8e/e3/6f/8ee36fd7-f9a9-7ede-e173-b1e001e5e5aa/00602527189802.rgb.jpg/600x600bb.jpg"
"700","Boiler","Chocolate Starfish and the Hot Dog Flavored Water","Limp Bizkit","2000","1752","","2025-09-17 17:27:34","https://is1-ssl.mzstatic.com/image/thumb/Music122/v4/b2/70/c8/b270c885-3e28-3dfa-3bd3-faa6e5fa8540/15UMGIM36851.rgb.jpg/600x600bb.jpg"
"701","Old Man","Harvest","Neil Young","1972","757","545","2025-09-17 17:22:25","https://is1-ssl.mzstatic.com/image/thumb/Music115/v4/ad/2b/57/ad2b57c5-78cf-741f-3f60-b61ecfcd5d00/s07.myunuhwl.jpg/600x600bb.jpg"
"702","Purple Heart","The Horrifying Truth","I Am Giant","2011","1507","1147","2025-09-17 17:18:20","https://is1-ssl.mzstatic.com/image/thumb/Music/v4/f3/e2/77/f3e27758-a3e6-ff47-0875-489adc3fecd2/CRS12_I_Am_Giant.jpg/600x600bb.jpg"
"703","Cherub Rock","Siamese Dream","Smashing Pumpkins","1993","563","510","2025-09-17 17:12:15","https://is1-ssl.mzstatic.com/image/thumb/Music115/v4/3a/dc/08/3adc08b0-e98c-b5dd-943e-a37c7ed06205/13UABIM03615.rgb.jpg/600x600bb.jpg"
"704","Beast Of Burden","Some Girls","The Rolling Stones","1978","929","911","2025-09-17 17:07:52","https://is1-ssl.mzstatic.com/image/thumb/Music122/v4/d9/6d/64/d96d6477-52a7-2f7e-dcb3-64ca658e9da5/08UMGIM15738.rgb.jpg/600x600bb.jpg"
"705","Standing Inside Out","Standing Inside Out","Midwave Breaks","2024","1828","","2025-09-17 17:05:44","https://is1-ssl.mzstatic.com/image/thumb/Music122/v4/39/5d/2a/395d2abd-cd5a-5c70-3844-704ad6899aa9/artwork.jpg/600x600bb.jpg"
"706","(Get A) Grip (On Yourself)","Rattus Norvegicus","The Stranglers","1977","1573","556","2025-09-17 16:54:37","https://is1-ssl.mzstatic.com/image/thumb/Music/v4/a5/48/7b/a5487bb6-202e-6e74-077f-95703461b845/0724353440657_1400x1400_300dpi.jpg/1000x1000bb.jpg"
"707","Hysteria","Absolution","Muse","2003","660","723","2025-09-17 16:49:27","https://is1-ssl.mzstatic.com/image/thumb/Music126/v4/4a/73/ab/4a73abdf-1d55-b3fe-484d-e023a507428e/5054197904233.jpg/600x600bb.jpg"
"708","L.A. Woman","LA Woman","The Doors","1971","767","1490","2025-09-17 16:42:17","https://is1-ssl.mzstatic.com/image/thumb/Music115/v4/64/a1/f2/64a1f20d-a16b-f27b-a5b7-338d6cf79c16/603497843381.jpg/600x600bb.jpg"
"709","Hypnotize","Hypnotize","System Of A Down","2005","1707","778","2025-09-17 16:32:35","https://is1-ssl.mzstatic.com/image/thumb/Music125/v4/79/03/76/79037637-7c7e-ded5-879e-230c6aa3fe65/827969387122.jpg/600x600bb.jpg"
"710","All Apologies","In Utero","Nirvana","1993","749","719","2025-09-17 16:29:36","https://is1-ssl.mzstatic.com/image/thumb/Music125/v4/e3/20/03/e32003a4-99bc-1c70-40ba-001882f35dba/00602537526840.rgb.jpg/600x600bb.jpg"
"711","Mouth For War","Vulgar Display of Power","Pantera","1992","538","758","2025-09-17 16:23:36","https://i1.sndcdn.com/artworks-000179203571-c86n10-t500x500.jpg"
"712","Roadhouse Blues","Morrison Hotel","The Doors","1970","710","531","2025-09-17 16:19:01","https://is1-ssl.mzstatic.com/image/thumb/Music122/v4/ea/1f/65/ea1f6524-49ef-0d1f-6948-fd7d7d6b0256/603497838721.jpg/600x600bb.jpg"
"713","Ain't No Rest For The Wicked","Cage The Elephant","Cage The Elephant","2008","581","655","2025-09-17 16:17:01","https://is1-ssl.mzstatic.com/image/thumb/Music115/v4/9f/da/28/9fda2801-af49-b8d6-4b1f-0671af204dfb/886447357378.jpg/1000x1000bb.jpg"
"714","Runnin' Down A Dream","Full Moon Fever","Tom Petty","1989","451","395","2025-09-17 16:10:19","https://is1-ssl.mzstatic.com/image/thumb/Music112/v4/f3/71/47/f37147d5-d029-880b-bdc1-5929c907909a/06UMGIM04214.rgb.jpg/600x600bb.jpg"
"715","Do Not Disturb","Vicious","Halestorm","2018","626","1078","2025-09-17 16:06:19","https://is1-ssl.mzstatic.com/image/thumb/Music124/v4/95/1f/55/951f5514-8a2c-3e52-36d0-1be036e89e13/075679871602.jpg/600x600bb.jpg"
"716","Bad Company","Bad Company","Bad Company","1974","1036","798","2025-09-17 15:55:57","https://is1-ssl.mzstatic.com/image/thumb/Music6/v4/3f/d1/9d/3fd19d4a-21e2-9e8d-733e-4f65064eb960/603497885701.jpg/600x600bb.jpg"
"717","Why'd You Only Call Me When You're High?","AM","Arctic Monkeys","2013","754","684","2025-09-17 15:52:18","https://is1-ssl.mzstatic.com/image/thumb/Music113/v4/cc/0f/2d/cc0f2d02-5ff1-10e7-eea2-76863a55dbad/887828031795.png/600x600bb.jpg"
"718","Psycho Killer","Talking Heads","Talking Heads","1977","590","400","2025-09-17 15:50:01","https://is1-ssl.mzstatic.com/image/thumb/Music/f0/7a/44/mzi.gxryruwe.jpg/600x600bb.jpg"
"719","Bleeding Me","Load","Metallica","1997","547","670","2025-09-17 15:33:49","https://is1-ssl.mzstatic.com/image/thumb/Music124/v4/4f/25/da/4f25da69-51a3-03da-5cf5-fa50eb455cb9/0093624986546.jpg/600x600bb.jpg"
"720","Hey, Johnny Park!","The Colour and the Shape","Foo Fighters","1997","312","276","2025-09-17 15:29:56","https://is1-ssl.mzstatic.com/image/thumb/Music124/v4/20/4d/4b/204d4b45-db70-37f8-ce00-23f396623836/dj.jixvlpyt.jpg/600x600bb.jpg"
"721","Piano Man","Piano Man","Billy Joel","1973","764","1808","2025-09-17 15:21:40","https://is1-ssl.mzstatic.com/image/thumb/Features125/v4/67/f9/8d/67f98d03-7896-153f-4965-a92458c06965/dj.aiuntmgo.jpg/600x600bb.jpg"
"722","Digital Bath","White Pony","Deftones","2000","647","697","2025-09-17 15:18:41","https://is1-ssl.mzstatic.com/image/thumb/Music125/v4/f2/74/8c/f2748c3d-ca8c-75ac-f9fc-32f333aed8bd/093624893097.jpg/600x600bb.jpg"
"723","Crawl","Reasons for Voyaging","Atlas","2007","952","1227","2025-09-17 15:11:52","https://upload.wikimedia.org/wikipedia/en/9/96/Reasonsforvoyaging.jpg"
"724","Silent Lucidity","Empire","Queensryche","1990","678","539","2025-09-17 15:05:25","https://is1-ssl.mzstatic.com/image/thumb/Music124/v4/9e/db/06/9edb0645-e56f-117f-e853-390444d805c7/05099990668654.jpg/600x600bb.jpg"
"725","Faith","Three Dollar Bill Y'all$","Limp Bizkit","1997","574","776","2025-09-17 14:56:42","https://is1-ssl.mzstatic.com/image/thumb/Music115/v4/61/a3/9b/61a39b82-19a7-883d-5c93-84d4d239cc13/00606949012427.rgb.jpg/600x600bb.jpg"
"726","I Won't Back Down","Full Moon Fever","Tom Petty and The Heartbreakers","1996","600","611","2025-09-17 14:53:59","https://is1-ssl.mzstatic.com/image/thumb/Music112/v4/f3/71/47/f37147d5-d029-880b-bdc1-5929c907909a/06UMGIM04214.rgb.jpg/600x600bb.jpg"
"727","Shoot On You","L.A.B. III","L.A.B","2019","763","750","2025-09-17 14:49:59","https://upload.wikimedia.org/wikipedia/en/thumb/a/a5/L.A.B._III_cover_art.jpg/220px-L.A.B._III_cover_art.jpg"
"728","Glory Days","Born in the U.S.A.","Bruce Springsteen","1984","694","832","2025-09-17 14:42:11","https://is1-ssl.mzstatic.com/image/thumb/Music115/v4/32/72/68/327268ba-b9dd-b322-2a16-bdd0212df48c/074643865326.jpg/600x600bb.jpg"
"729","She Hates Me","Come Clean","Puddle Of Mudd","2001","858","1060","2025-09-17 14:39:22","https://is1-ssl.mzstatic.com/image/thumb/Music124/v4/c0/7b/d2/c07bd2cf-74b1-82ab-5de7-83e0685240c6/06UMGIM08204.rgb.jpg/600x600bb.jpg"
"730","The Shortest Straw","...And Justice for All","Metallica","1988","1735","","2025-09-17 14:32:12","https://is1-ssl.mzstatic.com/image/thumb/Music114/v4/c3/65/83/c3658386-7e98-e77c-ac2f-15ea33898bfa/858978005929.png/600x600bb.jpg"
"731","I Remember You","Skid Row","Skid Row","1989","717","775","2025-09-17 14:26:17","https://is1-ssl.mzstatic.com/image/thumb/Music116/v4/97/73/fb/9773fb18-0a19-d3dc-d702-47cc42beb64e/0603497880065.jpg/600x600bb.jpg"
"732","I'm On Fire","Single Only","Head Like A Hole","1997","575","733","2025-09-17 14:22:19","https://encrypted-tbn0.gstatic.com/images?q=tbn:ANd9GcQeZyWwEzw-BKtM5JcVyUgo-MJeh1gTdMVLHw&s"
"733","1000 Miles Away","Kinky","Hoodoo Gurus","1991","1332","1050","2025-09-17 14:17:12","https://is1-ssl.mzstatic.com/image/thumb/Music128/v4/ce/34/da/ce34da6c-ed85-9637-fdd8-eacf075591de/00602567289012.rgb.jpg/600x600bb.jpg"
"734","I Believe In A Thing Called Love","Permission To Land","The Darkness","2003","794","682","2025-09-17 14:14:25","https://is1-ssl.mzstatic.com/image/thumb/Music115/v4/2d/91/27/2d912790-7afb-df39-4e7f-4f94ef109f07/s02.tbxlhqhj.jpg/600x600bb.jpg"
"735","We Are The Champions","News of the Wolrd","Queen","1977","807","759","2025-09-17 14:10:28","https://is1-ssl.mzstatic.com/image/thumb/Music115/v4/b7/79/fe/b779fe89-7981-c76d-ffd4-dbd29ca52de7/14DMGIM05601.rgb.jpg/600x600bb.jpg"
"736","A New Level","Vulgar Display Of Power","Pantera","1992","976","1027","2025-09-17 14:06:31","https://i.scdn.co/image/ab67616d0000b273347c0a40c1e3f0c890a6d9d6"
"737","Sail","Back From Earth","Awolnation","2010","649","982","2025-09-17 14:02:20","https://cdn.mediaworks.nz/therock/images/songs/Backfromearth.jpeg"
"738","Loyal","Loyal","Dave Dobbyn","1988","501","584","2025-09-17 13:54:40","https://is1-ssl.mzstatic.com/image/thumb/Music116/v4/42/79/93/427993fd-4eea-6674-3a88-9159c4effd18/9421031744748.png/1000x1000bb.jpg"
"739","Shimmer","Sunburn","Fuel","1998","711","951","2025-09-17 13:50:05","https://is1-ssl.mzstatic.com/image/thumb/Music/32/b6/d1/mzi.dhwulrbz.jpg/600x600bb.jpg"
"740","Killer Queen","Sheer Heart Attack","Queen","1974","654","555","2025-09-17 13:47:51","https://is1-ssl.mzstatic.com/image/thumb/Music115/v4/b9/3c/60/b93c601a-23ac-b477-70c4-331af3765ec2/14DMGIM05595.rgb.jpg/600x600bb.jpg"
"741","Dark Necessities","The Getaway","Red Hot Chili Peppers","2016","476","534","2025-09-17 13:38:31","https://is1-ssl.mzstatic.com/image/thumb/Music124/v4/22/3e/ed/223eedeb-3ad1-2bd8-c863-ab6fb39d658a/093624920137.jpg/600x600bb.jpg"
"742","Machinehead","Sixteen Stone","Bush","1996","709","709","2025-09-17 13:35:07","https://is1-ssl.mzstatic.com/image/thumb/Music115/v4/68/d3/3a/68d33ac9-34eb-e14a-6775-739689bd6a5c/886444857741.jpg/600x600bb.jpg"
"743","Let It Go","The Horrifying Truth","I Am Giant","2011","1425","1503","2025-09-17 13:29:51","https://is1-ssl.mzstatic.com/image/thumb/Music/v4/f3/e2/77/f3e27758-a3e6-ff47-0875-489adc3fecd2/CRS12_I_Am_Giant.jpg/600x600bb.jpg"
"744","I Don't Want To Miss A Thing","Single Only","Aerosmith","1998","638","512","2025-09-17 13:23:19","https://cdn.mediaworks.nz/therock/images/songs/Armageddon_The_Album.jpeg"
"745","In Silver","Single Only","Racing","2022","498","398","2025-09-17 13:19:08","https://encrypted-tbn0.gstatic.com/images?q=tbn:ANd9GcS7bybtC-DsSRYtitlqrehDgBRv2pzZ0qyWDg&s"
"746","Little Wing","Axis: Bold as Love","Jimi Hendrix","1967","632","595","2025-09-17 13:17:07","https://is1-ssl.mzstatic.com/image/thumb/Music126/v4/93/5d/c5/935dc5d5-a985-333d-0825-879ddb36e461/884977526585.jpg/600x600bb.jpg"
"747","Careless Whisper","Finding Beauty in Negative Spaces","Seether","2007","780","755","2025-09-17 13:12:58","https://is1-ssl.mzstatic.com/image/thumb/Music115/v4/4c/ff/89/4cff8908-2853-d82e-cd41-7be4fca210bc/14CMGIM00766.rgb.jpg/600x600bb.jpg"
"748","Come Together","Abbey Road","The Beatles","1969","773","819","2025-09-17 13:07:01","https://is1-ssl.mzstatic.com/image/thumb/Music211/v4/48/53/43/485343e3-dd6a-0034-faec-f4b6403f8108/13UMGIM63890.rgb.jpg/600x600bb.jpg"
"749","The Dolphin's Cry","Distance To Hear","Live","1999","571","517","2025-09-17 13:02:19","https://is1-ssl.mzstatic.com/image/thumb/Music124/v4/2b/59/8f/2b598fca-4871-ca8e-bb62-449dd072e6e4/06UMGIM02693.rgb.jpg/600x600bb.jpg"
"750","Torn","My Own Prison","Creed","1997","915","783","2025-09-17 12:51:43","https://is1-ssl.mzstatic.com/image/thumb/Music124/v4/7d/1e/cb/7d1ecba4-85e7-7c3e-3337-4a1c876ffdde/00601501404924.rgb.jpg/600x600bb.jpg"
"751","Thnks Fr Th Mmrs","Infinity on High","Fall Out Boy","2007","855","1780","2025-09-17 12:48:48","https://is1-ssl.mzstatic.com/image/thumb/Music112/v4/1e/02/58/1e0258e0-d921-b7d1-7519-74f31fed4391/07UMGIM03661.rgb.jpg/600x600bb.jpg"
"752","Forever Now","Circus Animals","Cold Chisel","1982","537","505","2025-09-17 12:44:52","https://is1-ssl.mzstatic.com/image/thumb/Music128/v4/76/28/79/7628798c-08e3-1a18-89f2-1f6b10ab7f08/00602537562756.rgb.jpg/600x600bb.jpg"
"753","Wolf","The Boy Who Died Wolf","Highly Suspect","2016","1831","","2025-09-17 12:34:24","https://is1-ssl.mzstatic.com/image/thumb/Music114/v4/00/d6/4c/00d64c19-77df-c4c2-ba6a-498f2ec70c28/814908021889.jpg/1000x1000bb.jpg"
"754","The Show Must Go On","Innuendo","Queen","1991","1002","1889","2025-09-17 12:28:31","https://is1-ssl.mzstatic.com/image/thumb/Music123/v4/af/c8/14/afc81460-737f-5d91-73b6-9f1da41afcdc/14DMGIM05559.rgb.jpg/600x600bb.jpg"
"755","Planet Caravan","Far Beyond Driven","Pantera","1994","891","1143","2025-09-17 12:26:17","https://is1-ssl.mzstatic.com/image/thumb/Music115/v4/1b/be/ad/1bbeada3-535f-206f-2662-37d785dca492/603497872404.jpg/600x600bb.jpg"
"756","Fat Lip","All Killer, No Filler","Sum 41","2001","1149","1106","2025-09-17 12:20:58","https://is1-ssl.mzstatic.com/image/thumb/Music122/v4/bd/32/bb/bd32bb0b-0bb4-88bb-f32a-9ff383579d54/06UMGIM15497.rgb.jpg/600x600bb.jpg"
"757","It's Not My Time","3 Doors Down","3 Doors Down","2008","1885","","2025-09-17 12:16:59","https://is1-ssl.mzstatic.com/image/thumb/Music211/v4/83/df/54/83df5421-f42f-867a-03cd-02be70f95aaf/08UMGIM07024.rgb.jpg/600x600bb.jpg"
"758","Black Betty","Ram Jam","Ram Jam","1977","748","1077","2025-09-17 12:12:24","https://is1-ssl.mzstatic.com/image/thumb/Music/1f/14/fd/mzi.cdzvaxqj.jpg/600x600bb.jpg"
"759","Comedown","Sixteen Stone","Bush","1994","817","850","2025-09-17 12:07:00","https://is1-ssl.mzstatic.com/image/thumb/Music115/v4/68/d3/3a/68d33ac9-34eb-e14a-6775-739689bd6a5c/886444857741.jpg/600x600bb.jpg"
"760","Push","Yourself or Someone Like You","Matchbox 20","1996","653","728","2025-09-17 12:02:39","https://is1-ssl.mzstatic.com/image/thumb/Music125/v4/be/24/30/be243026-a149-dc9d-ef3b-d01fef6da03f/075679957535.jpg/600x600bb.jpg"
"761","Living The Crash","The Horrifying Truth","I Am Giant","2011","1470","1376","2025-09-17 11:52:37","https://is1-ssl.mzstatic.com/image/thumb/Music/v4/f3/e2/77/f3e27758-a3e6-ff47-0875-489adc3fecd2/CRS12_I_Am_Giant.jpg/600x600bb.jpg"
"762","The Writing On The Wall","Senjutsu","Iron Maiden","2021","608","1237","2025-09-17 11:46:30","https://is1-ssl.mzstatic.com/image/thumb/Music125/v4/9f/8c/7e/9f8c7e71-c96d-0e4c-763d-823418efed5a/4050538710779.jpg/600x600bb.jpg"
"763","Blood And Thunder","Leviathan","Mastodon","2004","962","561","2025-09-17 11:43:43","https://is1-ssl.mzstatic.com/image/thumb/Music124/v4/6c/63/d8/6c63d817-9e0b-07a3-a756-e468186302cb/s06.qdagdxdw.jpg/600x600bb.jpg"
"764","Starman","The Rise and Fall of Ziggy Stardust and the Spiders from Mars","David Bowie","1972","783","632","2025-09-17 11:33:27","https://is1-ssl.mzstatic.com/image/thumb/Music114/v4/5f/fa/56/5ffa56c2-ea1f-7a17-6bad-192ff9b6476d/825646124206.jpg/600x600bb.jpg"
"765","Vasoline","Purple","Stone Temple Pilots","1994","693","770","2025-09-17 11:31:24","https://is1-ssl.mzstatic.com/image/thumb/Music113/v4/d7/15/cc/d715cc36-0741-14b3-39b5-1f1f5ac88dd2/603497851553.jpg/600x600bb.jpg"
"766","Alligator Skin","Single only","Villainy","2011","1064","544","2025-09-17 11:27:38","https://i1.sndcdn.com/artworks-000011035564-g3d4v6-t500x500.jpg"
"767","Thunder Kiss 65","La Sexorcisto: The Devils Music Volume 1","White Zombie","1991","636","633","2025-09-17 11:22:47","https://is1-ssl.mzstatic.com/image/thumb/Music124/v4/38/4c/66/384c6688-8b03-d872-b569-ff97862632e5/00720642446027.rgb.jpg/1000x1000bb.jpg"
"768","Edge Of Seventeen","Bella Donna","Stevie Nicks","1981","539","1498","2025-09-17 11:16:59","https://is1-ssl.mzstatic.com/image/thumb/Music115/v4/91/6c/b5/916cb5ca-2edc-b817-e93d-faa6befcfdd3/603497872947.jpg/600x600bb.jpg"
"769","Paranoid Android","OK Computer","Radiohead","1997","609","672","2025-09-17 11:11:38","https://is1-ssl.mzstatic.com/image/thumb/Music116/v4/07/60/ba/0760ba0f-148c-b18f-d0ff-169ee96f3af5/634904078164.png/1000x1000bb.jpg"
"770","Mystify","Kick","INXS","1987","849","777","2025-09-17 11:07:41","https://upload.wikimedia.org/wikipedia/en/d/d2/INXS_kick.jpg"
"771","Nero Forte","We Are Not Your Kind","Slipknot","2019","DEBUT","","2025-09-17 11:01:10","https://cdn.mediaworks.nz/therock/images/songs/ab67616d0000b27326f20b4d67c0c7b0f137ce4f.jpg"
"772","You Oughta Know","Jagged Little Pill","Alanis Morissette","1995","447","466","2025-09-17 10:52:43","https://is1-ssl.mzstatic.com/image/thumb/Music4/v4/8d/37/df/8d37df4b-3cb0-215b-da8c-f42d72a45549/603497885497.jpg/600x600bb.jpg"
"773","Dr Feelgood","Dr. Feelgood","Motley Crue","1989","744","332","2025-09-17 10:47:37","https://is1-ssl.mzstatic.com/image/thumb/Music116/v4/99/22/96/992296f3-30cd-de42-f56a-14eae85a2c53/4050538778670.jpg/1000x1000bb.jpg"
"774","Ashes To Ashes","Album of the Year","Faith No More","1997","836","905","2025-09-17 10:43:53","https://is1-ssl.mzstatic.com/image/thumb/Music/71/1e/b1/mzi.mwlclnad.jpg/600x600bb.jpg"
"775","Who Wants To Live Forever","A Kind of Magic","Queen","1986","1217","1769","2025-09-17 10:34:53","https://is1-ssl.mzstatic.com/image/thumb/Music115/v4/0e/8b/cf/0e8bcffc-0d50-f0ac-a853-6adf07b7042e/14DMGIM05613.rgb.jpg/600x600bb.jpg"
"776","Dark Matter","Dark Matter","Pearl Jam","2024","256","","2025-09-17 10:33:02","https://is1-ssl.mzstatic.com/image/thumb/Music126/v4/17/11/35/171135ac-2077-e1fe-e7bd-417250aaa10b/24UMGIM11953.rgb.jpg/600x600bb.jpg"
"777","Tainted Love","Not Another Teen Movie Soundtrack","Marilyn Manson","2001","758","726","2025-09-17 10:29:10","https://cdn.mediaworks.nz/therock/images/songs/ab67616d0000b273437ee1c5b865adb9850570a0.jpg"
"778","Too Bad","Silver Side Up","Nickelback","2001","986","1262","2025-09-17 10:24:14","https://is1-ssl.mzstatic.com/image/thumb/Music115/v4/ad/16/b7/ad16b7c9-2779-d2e5-0fca-83aeff09f4b6/mzi.exqcjkkz.jpg/600x600bb.jpg"
"779","Africa","Toto IV","Toto","1982","769","1777","2025-09-17 10:20:07","https://is1-ssl.mzstatic.com/image/thumb/Music115/v4/69/ce/d2/69ced240-07a7-2a04-bbab-2afbacf30809/074643772822.jpg/600x600bb.jpg"
"780","Tornado Of Souls","Rust in Peace","Megadeth","1990","513","598","2025-09-17 10:13:33","https://is1-ssl.mzstatic.com/image/thumb/Music112/v4/fa/81/5a/fa815aa4-a361-34fe-8e9f-eab876a4f95b/13UABIM36806.rgb.jpg/600x600bb.jpg"
"781","Every Rose Has It's Thorn","Open up and say  Ahh","Poison","1988","771","724","2025-09-17 10:08:45","https://is1-ssl.mzstatic.com/image/thumb/Music112/v4/6a/2a/1a/6a2a1a71-7a0e-75f5-026b-5017c69e53d7/13UABIM49846.rgb.jpg/600x600bb.jpg"
"782","Seasons In The Abyss","Seasons In The Abyss","Slayer","1990","467","446","2025-09-17 10:01:42","https://is1-ssl.mzstatic.com/image/thumb/Music125/v4/8f/27/a0/8f27a08a-6d42-8f55-be3f-ed094c45aec3/00602547577672.rgb.jpg/1000x1000bb.jpg"
"783","10,000 Horses","Happy Pills","Candlebox","1998","1473","689","2025-09-17 09:52:33","https://is1-ssl.mzstatic.com/image/thumb/Music112/v4/9d/8e/d0/9d8ed059-268d-d62e-4d66-cb411f1f4ad4/093624697527.jpg/600x600bb.jpg"
"784","Slither","Contraband","Velvet Revolver","2001","596","972","2025-09-17 09:48:43","https://is1-ssl.mzstatic.com/image/thumb/Music211/v4/b6/b5/81/b6b5813e-0022-5fbe-98f2-ca02a87cd64b/828765979429.jpg/600x600bb.jpg"
"785","Voodoo Chile","Electric Ladyland","Jimi Hendrix","1968","648","615","2025-09-17 09:42:25","https://is1-ssl.mzstatic.com/image/thumb/Music125/v4/a6/b8/45/a6b84589-6ff7-a462-9ff9-170b724980d5/dj.wjkdwlks.jpg/600x600bb.jpg"
"786","To Live Is To Die","...And Justice for All","Metallica","1988","1643","","2025-09-17 09:28:03","https://is1-ssl.mzstatic.com/image/thumb/Music114/v4/c3/65/83/c3658386-7e98-e77c-ac2f-15ea33898bfa/858978005929.png/600x600bb.jpg"
"787","You Took The Words","Bat Out Of Hell","Meatloaf","1977","702","828","2025-09-17 09:22:40","https://is1-ssl.mzstatic.com/image/thumb/Music125/v4/cd/90/b5/cd90b5c4-9379-92ae-da01-4b27ea00697b/886443775787.jpg/600x600bb.jpg"
"788","Jesus Christ Pose","Badmotorfinger","Soundgarden","1991","613","607","2025-09-17 09:16:27","https://is1-ssl.mzstatic.com/image/thumb/Music114/v4/2c/a2/84/2ca284fb-2ec8-6a6e-e739-bb019b594c5a/00602557233278.rgb.jpg/600x600bb.jpg"
"789","Night Moves","Night Moves","Bob Seger","1976","658","486","2025-09-17 09:12:23","https://is1-ssl.mzstatic.com/image/thumb/Music116/v4/6f/99/f7/6f99f718-71d6-c728-eb53-b1218c41195b/14UMGIM36915.rgb.jpg/1000x1000bb.jpg"
"790","Last Cup Of Sorrow","Album of the Year","Faith No More","1997","599","683","2025-09-17 09:06:29","https://is1-ssl.mzstatic.com/image/thumb/Music/71/1e/b1/mzi.mwlclnad.jpg/600x600bb.jpg"
"791","From Yesterday","A Beautiful Lie","30 Seconds To Mars","2005","866","540","2025-09-17 09:01:23","https://is1-ssl.mzstatic.com/image/thumb/Music124/v4/b3/59/d0/b359d085-aa84-aae8-d03c-5305d0bb0111/16UMGIM34076.rgb.jpg/600x600bb.jpg"
"792","House Of The Rising Sun","The Wrong Side of Heaven and the Righteous Side of Hell, Volume 2","Five Finger Death Punch","2013","462","1187","2025-09-17 08:50:55","https://is1-ssl.mzstatic.com/image/thumb/Music116/v4/0a/9c/0c/0a9c0cbc-0939-bcf6-c752-1902075a14a1/813985011721_GBAxcljFShWQbRcwjTBCundefined.jpg/600x600bb.jpg"
"793","Big Balls","Dirty Deeds Done Dirt Cheap","AC/DC","1976","803","1188","2025-09-17 08:47:58","https://is1-ssl.mzstatic.com/image/thumb/Music125/v4/51/b1/f7/51b1f7d1-f157-39b1-f850-e08e5206ff63/886443673489.jpg/600x600bb.jpg"
"794","Sweet Release","RED","Devilskin","2020","876","827","2025-09-17 08:39:51","https://is1-ssl.mzstatic.com/image/thumb/Music116/v4/dd/e9/98/dde998f9-ad0d-5ede-178e-4e356ebbd003/9420058742409.png/1000x1000bb.jpg"
"795","Wind Of Change","Crazy World","Scorpions","1991","723","680","2025-09-17 08:34:40","https://is1-ssl.mzstatic.com/image/thumb/Music125/v4/ba/31/55/ba3155b3-4c11-909c-1e32-8acea6f77ac4/00042284690829.rgb.jpg/600x600bb.jpg"
"796","Follow You","That's the Spirit","Bring Me The Horizon","2015","1132","1497","2025-09-17 08:29:48","https://is1-ssl.mzstatic.com/image/thumb/Music116/v4/bb/dc/1d/bbdc1dda-00d3-f989-0599-543da601acaf/886445386097.jpg/600x600bb.jpg"
"797","20th Century Boy","Tanx","T. Rex","1973","1732","1283","2025-09-17 08:25:37","https://is1-ssl.mzstatic.com/image/thumb/Music112/v4/d1/27/a6/d127a62c-c2af-61f3-3e79-1e3a5284bc36/cover.jpg/1000x1000bb.jpg"
"798","Beautiful War","Mechanical Bull","Kings Of Leon","2013","741","902","2025-09-17 08:15:49","https://is1-ssl.mzstatic.com/image/thumb/Music115/v4/07/ae/f4/07aef449-241e-fca0-028f-cc71fe65db52/886444064361.jpg/600x600bb.jpg"
"799","Scars","Getting Away With Murder","Papa Roach","2004","1441","1353","2025-09-17 08:10:22","https://is1-ssl.mzstatic.com/image/thumb/Music116/v4/99/f2/4e/99f24eba-4414-5f6f-d9c7-5ccdd3809433/15UMGIM34100.rgb.jpg/600x600bb.jpg"
"800","Blaze Of Glory","Blaze of Glory","Bon Jovi","1990","884","865","2025-09-17 08:05:45","https://is1-ssl.mzstatic.com/image/thumb/Music124/v4/91/2e/52/912e52d5-91e7-5071-45ab-644e26653d09/06UMGIM01792.rgb.jpg/600x600bb.jpg"
"801","Lit Up","Blindspott","Blindspott","2003","643","877","2025-09-16 17:41:56","https://is1-ssl.mzstatic.com/image/thumb/Music211/v4/31/7a/26/317a2697-0f02-7c45-2e78-9e178c2266c7/0724354352928.png/600x600bb.jpg"
"802","I Could Have Lied","Blood Sugar Sex Magik","Red Hot Chili Peppers","1991","404","601","2025-09-16 17:37:49","https://is1-ssl.mzstatic.com/image/thumb/Music125/v4/2b/2b/56/2b2b564c-e21e-bd40-a8cf-cb47dedcb7df/093624932147.jpg/600x600bb.jpg"
"803","Fight For Your Right","Licensed to Ill","Beastie Boys","1986","388","801","2025-09-16 17:27:10","https://is1-ssl.mzstatic.com/image/thumb/Music114/v4/e4/d7/81/e4d781e8-bd3f-486a-cd18-e9b3a7d12b34/00731452735126.rgb.jpg/1000x1000bb.jpg"
"804","Broken","Single Only","Seether ft Amy Lee","2004","541","345","2025-09-16 17:22:58","https://upload.wikimedia.org/wikipedia/en/6/62/SeetherDisclaimerIIAlbumCover.jpg"
"805","Barracuda","Little Queen","Heart","1977","700","330","2025-09-16 17:15:33","https://is1-ssl.mzstatic.com/image/thumb/Music115/v4/1b/83/f2/1b83f233-20c6-c876-ab7a-15757ad397b1/074643479929.jpg/600x600bb.jpg"
"806","Why Does Love (Do This To Me)?","Something Beginning with C","The Exponents","1992","715","636","2025-09-16 17:11:27","https://is1-ssl.mzstatic.com/image/thumb/Music118/v4/15/d9/b8/15d9b835-fd01-2841-49a1-449b7ad6efbd/09416339221022.rgb.jpg/600x600bb.jpg"
"807","Are You In?","Morning View","Incubus","2001","838","699","2025-09-16 17:05:58","https://is1-ssl.mzstatic.com/image/thumb/Music115/v4/2c/95/ec/2c95ecf2-8303-50b6-2e19-ea6b28424af9/mzi.yficmzdc.jpg/600x600bb.jpg"
"808","R**e Me","In Utero","Nirvana","1993","564","498","2025-09-16 17:03:09","https://is1-ssl.mzstatic.com/image/thumb/Music125/v4/e3/20/03/e32003a4-99bc-1c70-40ba-001882f35dba/00602537526840.rgb.jpg/600x600bb.jpg"
"809","Protect The Land","Protect The Land/Genocidal Humanoidz Single","System Of A Down","2021","623","720","2025-09-16 16:50:23","https://is1-ssl.mzstatic.com/image/thumb/Music125/v4/83/68/f1/8368f10d-70d0-a968-69c2-0835dddf76d2/886448869788.jpg/1000x1000bb.jpg"
"810","Over The Hills And Far Away","Houses of the Holy","Led Zeppelin","1973","983","599","2025-09-16 16:45:31","https://cdn.mediaworks.nz/therock/images/songs/led-zeppelin-angel-logo.jpeg"
"811","South of Heaven","South of Heaven","Slayer","1988","665","1317","2025-09-16 16:41:09","https://is1-ssl.mzstatic.com/image/thumb/Music115/v4/f5/d3/16/f5d31633-99cc-a335-a31d-47f3c8fd93a4/00602547577665.rgb.jpg/600x600bb.jpg"
"812","Black Summer","Unlimited Love","Red Hot Chili Peppers","2022","586","514","2025-09-16 16:29:29","https://is1-ssl.mzstatic.com/image/thumb/Music116/v4/6a/f5/6b/6af56b1d-1cc8-68e8-a428-5caccf20e69a/093624880639.jpg/600x600bb.jpg"
"813","Breathe","Hits 97","Prodigy","1996","930","964","2025-09-16 16:26:15","https://encrypted-tbn0.gstatic.com/images?q=tbn:ANd9GcT637ChosyQQQ8Q5maZobT_g3QlOY1KsX2gyA&s"
"814","The Rock Show","Take Off Your Pants And Jacket","Blink-182","2001","721","737","2025-09-16 16:21:17","https://is1-ssl.mzstatic.com/image/thumb/Music115/v4/a8/97/07/a897072c-644b-927a-b343-5cd932e37ce1/16UMGIM35660.rgb.jpg/600x600bb.jpg"
"815","Are You Ready","The Razor's Edge","AC/DC","1990","666","574","2025-09-16 16:17:17","https://is1-ssl.mzstatic.com/image/thumb/Features114/v4/fc/c2/f8/fcc2f850-1d81-7440-c0a0-de7fcef1e911/dj.rrgizfic.jpg/1000x1000bb.jpg"
"816","Souvenirs","Souvenirs","Midwave Breaks","2023","1354","198","2025-09-16 16:10:01","https://is1-ssl.mzstatic.com/image/thumb/Music116/v4/82/0c/43/820c435d-8d7b-97f4-1e81-cc3762fd263c/artwork.jpg/600x600bb.jpg"
"817","Fire Woman","Sonic Temple","The Cult","1989","615","810","2025-09-16 16:04:52","https://is1-ssl.mzstatic.com/image/thumb/Music122/v4/74/8f/87/748f8767-1bc2-49ab-50c6-f106afb73d22/607618009809.png/600x600bb.jpg"
"818","I Bet That You'd Look Good On The Dancefloor","Whatever People Say I Am, That's What I'm Not","Arctic Monkeys","2006","680","490","2025-09-16 15:53:40","https://upload.wikimedia.org/wikipedia/en/8/88/Whatever_People_Say_I_Am%2C_That%27s_What_I%27m_Not_%282006_Arctic_Monkeys_album%29.jpg"
"819","Lux Aeterna","72 Seasons","Metallica","2023","1346","438","2025-09-16 15:49:18","https://is1-ssl.mzstatic.com/image/thumb/Music126/v4/f7/50/56/f75056b7-d390-d215-51c5-3695dc6fe468/810083961095.png/600x600bb.jpg"
"820","Lonely Boy","El Camino","The Black Keys","2011","667","618","2025-09-16 15:45:26","https://is1-ssl.mzstatic.com/image/thumb/Music115/v4/55/39/ca/5539caf8-333e-5ad2-06ca-eaf5d84cd264/mzm.nmxwulyo.jpg/600x600bb.jpg"
"821","The Sound Of Madness","The Sound of Madness","Shinedown","2008","1378","1623","2025-09-16 15:34:20","https://is1-ssl.mzstatic.com/image/thumb/Features124/v4/2e/8e/08/2e8e0859-c522-a825-93fa-2db9c7524f38/dj.lcoxyovc.jpg/600x600bb.jpg"
"822","Bow River","Circus Animals","Cold Chisel","1983","672","281","2025-09-16 15:30:24","https://is1-ssl.mzstatic.com/image/thumb/Music128/v4/76/28/79/7628798c-08e3-1a18-89f2-1f6b10ab7f08/00602537562756.rgb.jpg/600x600bb.jpg"
"823","The Doomed","Eat The Elephant","A Perfect Circle","2018","515","735","2025-09-16 15:22:24","https://is1-ssl.mzstatic.com/image/thumb/Music113/v4/6a/41/49/6a41490a-b639-faf5-92ec-8d1dfc2889d1/4050538374193.jpg/600x600bb.jpg"
"824","I'd Do Anything For Love (But I Won't Do That)","Bat Out of Hell II: Back into Hell","Meatloaf","1993","746","837","2025-09-16 15:16:40","https://is1-ssl.mzstatic.com/image/thumb/Music115/v4/ca/46/04/ca460464-b911-0fdb-ff1a-a5b735c22cfe/00008811281021.rgb.jpg/600x600bb.jpg"
"825","Endo","Single Only - Red Album in 2020","Devilskin","2018","591","926","2025-09-16 15:10:03","https://images.genius.com/725f40c7296a15c57be1263ec817ebdf.660x660x1.jpg"
"826","Let Her Cry","Cracked Rear View","Hootie & The Blowfish","1994","825","1882","2025-09-16 15:05:19","https://is1-ssl.mzstatic.com/image/thumb/Music115/v4/de/a8/c7/dea8c705-2f1d-a0d3-b97f-a32d064f43f5/mzi.imcehhmk.jpg/600x600bb.jpg"
"827","Narcissistic Cannibal","The Path of Totality","Korn","2011","864","1536","2025-09-16 14:56:43","https://is1-ssl.mzstatic.com/image/thumb/Music115/v4/fb/af/91/fbaf9161-712c-0a72-f53d-90e03d926bb6/mzi.onstqehd.jpg/600x600bb.jpg"
"828","Blue On Black","Ledbetter Heights","Kenny Wayne Shepherd","1995","551","287","2025-09-16 14:50:28","https://m.media-amazon.com/images/I/81I2L4AM0PL._UF1000,1000_QL80_.jpg"
"829","The Hand That Feeds","With Teeth","Nine Inch Nails","2005","870","791","2025-09-16 14:47:19","https://is1-ssl.mzstatic.com/image/thumb/Music124/v4/55/63/3f/55633ff3-3f5d-4e27-2c42-136eb3ad6ab9/06UMGIM39326.rgb.jpg/600x600bb.jpg"
"830","Sweet Emotion","Toys in the Attic","Aerosmith","1975","690","702","2025-09-16 14:39:11","https://is1-ssl.mzstatic.com/image/thumb/Music112/v4/18/6e/ff/186eff4f-effc-0422-51c0-aa813e92e67d/22UM1IM35694.rgb.jpg/600x600bb.jpg"
"831","So Far Away","14 Shades Of Grey","Staind","2003","968","840","2025-09-16 14:34:24","https://is1-ssl.mzstatic.com/image/thumb/Music124/v4/62/31/86/62318628-e182-ed4b-7ff5-c9cf62cd489f/s03.qvmbzzpw.jpg/600x600bb.jpg"
"832","Beds Are Burning","Diesel & Dust","Midnight Oil","1987","652","492","2025-09-16 14:30:39","https://is1-ssl.mzstatic.com/image/thumb/Music124/v4/1d/ae/99/1dae999a-8d53-a45a-d14e-7e811c752b12/886971827323.jpg/1000x1000bb.jpg"
"833","Shine","Hints, Allegations and Things Left Unsaid","Collective Soul","1993","804","833","2025-09-16 14:26:01","https://is1-ssl.mzstatic.com/image/thumb/Music115/v4/7f/8a/35/7f8a35dc-336f-9b84-166b-d5e3ba25640c/18CRGIM06030.rgb.jpg/1000x1000bb.jpg"
"834","Black Betty","Tonight Alright","Spiderbait","2004","645","508","2025-09-16 14:20:43","https://is1-ssl.mzstatic.com/image/thumb/Music115/v4/8b/35/6b/8b356b05-d9b8-89e1-ea8d-d084a4cede1f/06UMGIM70353.rgb.jpg/600x600bb.jpg"
"835","Rocket Man","Honky Chateau","Elton John","1972","797","1896","2025-09-16 14:19:09","https://is1-ssl.mzstatic.com/image/thumb/Music116/v4/75/b6/da/75b6da76-a3e0-6a77-cbe5-ad6c42cb0692/06UMGIM48050.rgb.jpg/600x600bb.jpg"
"836","Opiate","Opiate","Tool","1992","1605","1925","2025-09-16 14:10:08","https://is1-ssl.mzstatic.com/image/thumb/Music124/v4/fa/33/9c/fa339ca0-0430-6e5f-123a-e7999f817f0e/886447824733.jpg/600x600bb.jpg"
"837","Headstrong","Trapt","Trapt","2002","784","571","2025-09-16 14:05:41","https://is1-ssl.mzstatic.com/image/thumb/Music115/v4/2a/14/e2/2a14e266-9d56-46be-f075-47928683da71/mzi.ybhdvgex.jpg/1000x1000bb.jpg"
"838","Young Lust","The Wall","Pink Floyd","1979","918","839","2025-09-16 14:02:06","https://is1-ssl.mzstatic.com/image/thumb/Music115/v4/3c/b4/e3/3cb4e3d0-cd77-8f18-7465-d60e6949b435/886445635850.jpg/600x600bb.jpg"
"839","Peace Sells... But Who's Buying?","Peace Sells ? But Who's Buying?","Megadeth","1986","657","645","2025-09-16 13:52:14","https://is1-ssl.mzstatic.com/image/thumb/Music124/v4/8d/e0/ec/8de0ec68-5e46-67ff-8a5e-570d265d8faf/05099902934556.jpg/600x600bb.jpg"
"840","Hey Jude","Single Only","The Beatles","1968","970","946","2025-09-16 13:46:24","https://upload.wikimedia.org/wikipedia/en/0/0a/Heyjudealbum.jpg"
"841","Way Down We Go","A/B","Kaleo","2016","829","620","2025-09-16 13:38:21","https://is1-ssl.mzstatic.com/image/thumb/Music125/v4/74/fb/5e/74fb5e22-3a1b-4468-dc14-e097dc635e44/075679911506.jpg/1000x1000bb.jpg"
"842","Hold The Line","Toto","Toto","1978","1052","897","2025-09-16 13:33:27","https://is1-ssl.mzstatic.com/image/thumb/Music115/v4/69/ce/d2/69ced240-07a7-2a04-bbab-2afbacf30809/074643772822.jpg/600x600bb.jpg"
"843","Deb's Night Out","Killjoy","Shihad","1995","830","820","2025-09-16 13:31:00","https://is1-ssl.mzstatic.com/image/thumb/Music124/v4/12/cd/ae/12cdaeb0-98c3-1b43-e66a-4d5cf43c51eb/825646137091.jpg/600x600bb.jpg"
"844","Sirens","Lightning Bolt","Pearl Jam","2013","939","1206","2025-09-16 13:24:44","https://is1-ssl.mzstatic.com/image/thumb/Music124/v4/60/9c/08/609c08bd-42b4-f344-465d-5cf49cbf9d75/13UAAIM09823.rgb.jpg/600x600bb.jpg"
"845","Chicago","The Boy Who Died Wolf","Highly Suspect","2016","468","488","2025-09-16 13:19:52","https://is1-ssl.mzstatic.com/image/thumb/Music114/v4/00/d6/4c/00d64c19-77df-c4c2-ba6a-498f2ec70c28/814908021889.jpg/1000x1000bb.jpg"
"846","Mother","The Wall","Pink Floyd","1979","729","597","2025-09-16 13:14:14","https://is1-ssl.mzstatic.com/image/thumb/Music115/v4/3c/b4/e3/3cb4e3d0-cd77-8f18-7465-d60e6949b435/886445635850.jpg/1000x1000bb.jpg"
"847","L Over","Single Only","Kora","2021","972","675","2025-09-16 13:09:50","https://f4.bcbits.com/img/a2560541465_10.jpg"
"848","Can't Get Enough","Traction","Supergroove","1994","1129","1136","2025-09-16 13:06:29","https://is1-ssl.mzstatic.com/image/thumb/Music/v4/f6/dd/93/f6dd9399-4000-5be7-f383-151829ca9425/886444055154.jpg/600x600bb.jpg"
"849","Backdoor","The Buddhafinger","Tadpole","2000","1798","","2025-09-16 13:03:16","https://is1-ssl.mzstatic.com/image/thumb/Music116/v4/e2/1c/59/e21c59ca-a09a-4dc5-0605-5d03fd283964/9421011165006.png/600x600bb.jpg"
"850","Cumbersome","Amercian Standard","Seven Mary Three","1996","1176","899","2025-09-16 12:53:24","https://is1-ssl.mzstatic.com/image/thumb/Music125/v4/be/14/77/be1477c6-3d55-ba24-701b-375f9988410f/mzi.xzstgsoc.jpg/600x600bb.jpg"
"851","Drain You","Nevermind","Nirvana","1991","834","771","2025-09-16 12:51:05","https://external-preview.redd.it/PVilxGidbEIEbHZzpqAP6CR1S1RLAkxl0GZOOzqPuCc.png?width=640&crop=smart&auto=webp&s=beda8d43df83839f3c2d14e6644a8bc642bd49f8"
"852","Tiny Dancer","Madman Across the Water","Elton John","1971","735","407","2025-09-16 12:44:22","https://is1-ssl.mzstatic.com/image/thumb/Music116/v4/46/d7/21/46d72100-a10b-902e-8ee6-98a22ad26769/06UMGIM52391.rgb.jpg/600x600bb.jpg"
"853","Second Chance","The Sound Of Madness","Shinedown","2008","881","1022","2025-09-16 12:36:10","https://is1-ssl.mzstatic.com/image/thumb/Features124/v4/2e/8e/08/2e8e0859-c522-a825-93fa-2db9c7524f38/dj.lcoxyovc.jpg/600x600bb.jpg"
"854","From The Inside","Meteora","Linkin Park","2003","503","445","2025-09-16 12:34:49","https://is1-ssl.mzstatic.com/image/thumb/Features125/v4/dd/7d/72/dd7d7259-d27f-5b3e-ce64-9e304d2cb40f/dj.rxzrauer.jpg/600x600bb.jpg"
"855","Shutting Down Our Town","My Criminal Record","Jimmy Barnes","2019","739","452","2025-09-16 12:29:59","https://is1-ssl.mzstatic.com/image/thumb/Music122/v4/6d/a2/55/6da2558e-33df-c9df-d542-7dd581f6df86/22UMGIM27876.rgb.jpg/600x600bb.jpg"
"856","Lounge Act","Nevermind","Nirvana","1991","726","751","2025-09-16 12:26:04","https://external-preview.redd.it/PVilxGidbEIEbHZzpqAP6CR1S1RLAkxl0GZOOzqPuCc.png?width=640&crop=smart&auto=webp&s=beda8d43df83839f3c2d14e6644a8bc642bd49f8"
"857","Immortality","Vitalogy","Pearl Jam","1994","912","1920","2025-09-16 12:22:17","https://is1-ssl.mzstatic.com/image/thumb/Music125/v4/5c/8c/6d/5c8c6d72-ff93-5182-be87-f224db0a41e3/dj.gxlpyxpu.jpg/600x600bb.jpg"
"858","Easy","King For A Day Fool For A Lifetime","Faith No More","1995","815","1061","2025-09-16 12:18:06","https://is1-ssl.mzstatic.com/image/thumb/Music115/v4/e1/c9/86/e1c9865c-a33e-0bcd-5db9-c980eb974fbf/190295920456.jpg/600x600bb.jpg"
"859","Straights","Powder Chutes","Powder Chutes","2025","DEBUT","","2025-09-16 12:15:25","https://cdn.mediaworks.nz/therock/images/songs/199066873403.jpg"
"860","Born In The U.S.A.","Born in the U.S.A.","Bruce Springsteen","1984","861","638","2025-09-16 12:10:55","https://is1-ssl.mzstatic.com/image/thumb/Music115/v4/32/72/68/327268ba-b9dd-b322-2a16-bdd0212df48c/074643865326.jpg/600x600bb.jpg"
"861","Radioactive","Night Visions","Imagine Dragons","2012","722","793","2025-09-16 12:06:36","https://is1-ssl.mzstatic.com/image/thumb/Music112/v4/1f/fa/09/1ffa092f-f52f-4a66-7d10-4cc5982dc747/12UMGIM46901.rgb.jpg/600x600bb.jpg"
"862","If You Want Blood (You Got It)","Highway To Hell","AC/DC","1979","641","171","2025-09-16 12:02:45","https://is1-ssl.mzstatic.com/image/thumb/Music126/v4/b9/c8/ef/b9c8ef42-bbc9-64df-11f8-717571f6730f/886443673458.jpg/600x600bb.jpg"
"863","Never Again","Silver Side Up","Nickelback","2001","843","818","2025-09-16 11:52:50","https://is1-ssl.mzstatic.com/image/thumb/Music115/v4/ad/16/b7/ad16b7c9-2779-d2e5-0fca-83aeff09f4b6/mzi.exqcjkkz.jpg/600x600bb.jpg"
"864","Blister In The Sun","Violent Femmes","Violent Femmes","1983","877","1052","2025-09-16 11:50:13","https://is1-ssl.mzstatic.com/image/thumb/Music125/v4/92/ba/7f/92ba7f8c-77f0-23d2-fbcb-6617785f940e/18CRGIM06158.rgb.jpg/600x600bb.jpg"
"865","Out Of The Night","Out Of The Night","Racing","2023","318","","2025-09-16 11:46:30","https://cdn.mediaworks.nz/therock/images/songs/a4015527388_65.jpg"
"866","Dancing In The Dark","Born in the U.S.A.","Bruce Springsteen","1984","674","700","2025-09-16 11:37:34","https://is1-ssl.mzstatic.com/image/thumb/Music115/v4/32/72/68/327268ba-b9dd-b322-2a16-bdd0212df48c/074643865326.jpg/600x600bb.jpg"
"867","That's How I'm Feeling","No Name","Jack White","2024","DEBUT","","2025-09-16 11:34:01","https://cdn.mediaworks.nz/therock/images/songs/810074424233.jpg"
"868","Corduroy","Vitalogy","Pearl Jam","1994","631","757","2025-09-16 11:29:39","https://is1-ssl.mzstatic.com/image/thumb/Music125/v4/5c/8c/6d/5c8c6d72-ff93-5182-be87-f224db0a41e3/dj.gxlpyxpu.jpg/600x600bb.jpg"
"869","Smoko","Get This in Ya!!","The Chats","2017","786","1531","2025-09-16 11:27:29","https://is1-ssl.mzstatic.com/image/thumb/Music125/v4/3d/70/89/3d708963-e27d-451c-f7ce-137e68c922fb/194491638481.jpg/1000x1000bb.jpg"
"870","War Pigs","The Real Thing","Faith No More","1989","1791","","2025-09-16 11:19:30","https://is1-ssl.mzstatic.com/image/thumb/Music125/v4/1c/66/6c/1c666c64-4140-05c4-296b-54e8a69cb983/mzi.pqhqsipo.jpg/600x600bb.jpg"
"871","Spare Me The Details","Splinter","The Offspring","2003","956","658","2025-09-16 11:15:14","https://is1-ssl.mzstatic.com/image/thumb/Music115/v4/c7/80/26/c78026f2-c2fa-b967-8863-428ab97e735a/00602557271065.rgb.jpg/600x600bb.jpg"
"872","Mr Jones","August and Everything After","Counting Crows","1993","573","678","2025-09-16 11:11:09","https://is1-ssl.mzstatic.com/image/thumb/Music116/v4/3b/dc/90/3bdc90a2-3697-0c5e-3265-65ccaa7dcbb3/14UMGIM00847.rgb.jpg/1000x1000bb.jpg"
"873","All Fall Down","RED","Devilskin","2019","1154","1713","2025-09-16 11:07:37","https://is1-ssl.mzstatic.com/image/thumb/Music116/v4/dd/e9/98/dde998f9-ad0d-5ede-178e-4e356ebbd003/9420058742409.png/600x600bb.jpg"
"874","Cheap Wine","Cold Chisel","Cold Chisel","1978","342","304","2025-09-16 11:04:12","https://is1-ssl.mzstatic.com/image/thumb/Music114/v4/8c/ed/4b/8ced4ba5-8cb2-59bc-d9e9-cd3043601b72/13UAEIM00198.rgb.jpg/600x600bb.jpg"
"875","Walkie Talkie Man","Schmack!","Steriogram","2004","663","273","2025-09-16 11:02:14","https://is1-ssl.mzstatic.com/image/thumb/Music124/v4/64/af/b9/64afb9fe-6896-dda6-468d-dc4563285a13/00724358069150.jpg/1000x1000bb.jpg"
"876","Down To The Waterline","Dire Straits","Dire Straits","1978","1005","1268","2025-09-16 10:53:19","https://is1-ssl.mzstatic.com/image/thumb/Music/47/c3/21/mzi.ciyzkqao.jpg/1000x1000bb.jpg"
"877","Face To The Floor","Hats Off To The Bull","Chevelle","2012","734","909","2025-09-16 10:49:53","https://is1-ssl.mzstatic.com/image/thumb/Music114/v4/9f/9f/32/9f9f328d-3ab2-6aee-3aea-d61fd837e86a/886443249912.jpg/600x600bb.jpg"
"878","Great Southern Land","Primitive Man","Icehouse","1982","942","900","2025-09-16 10:44:52","https://is1-ssl.mzstatic.com/image/thumb/Music/v4/33/c4/2c/33c42c17-6261-45aa-b96b-021f646eaf10/Primitive_Man.jpg/600x600bb.jpg"
"879","How I Could Just Kill A Man","Renegades","Rage Against The Machine","2000","878","681","2025-09-16 10:36:07","https://is1-ssl.mzstatic.com/image/thumb/Music113/v4/2a/08/0a/2a080a61-4efe-0cab-863a-d37c8efe70d2/696998536920.jpg/600x600bb.jpg"
"880","Sunday Bloody Sunday","War","U2","1983","985","533","2025-09-16 10:30:51","https://is1-ssl.mzstatic.com/image/thumb/Music125/v4/d9/16/23/d916232d-5c06-94e6-abb2-52aea227250b/17UMGIM87714.rgb.jpg/600x600bb.jpg"
"881","Welcome To The Family","Nightmare","Avenged Sevenfold","2010","761","578","2025-09-16 10:30:25","https://is1-ssl.mzstatic.com/image/thumb/Music124/v4/4b/49/65/4b496511-1f23-22f9-4296-93584cb6d6ed/mzi.nqdykidi.jpg/1000x1000bb.jpg"
"882","So Far Away","Brothers In Arms","Dire Straits","1985","793","842","2025-09-16 10:21:26","https://is1-ssl.mzstatic.com/image/thumb/Music115/v4/e8/bd/54/e8bd54fd-6595-4ebf-aa4c-58139ed316e6/dj.bngafruf.jpg/600x600bb.jpg"
"883","Moving To Melbourne","Moving To Melbourne","Dartz","2025","DEBUT","","2025-09-16 10:19:13","https://cdn.mediaworks.nz/therock/images/songs/199350046940.jpg"
"884","Stripsearch","Album of the Year","Faith No More","1997","616","673","2025-09-16 10:12:46","https://is1-ssl.mzstatic.com/image/thumb/Music/71/1e/b1/mzi.mwlclnad.jpg/600x600bb.jpg"
"885","White Wedding","Billy Idol","Billy Idol","1982","920","1362","2025-09-16 10:09:38","https://is1-ssl.mzstatic.com/image/thumb/Music115/v4/73/0d/35/730d3508-1652-e2cc-82c5-b39379545bc9/00724353691950.jpg/600x600bb.jpg"
"886","White Trash","Schmack!","Steriogram","2004","778","881","2025-09-16 10:04:34","https://is1-ssl.mzstatic.com/image/thumb/Music124/v4/64/af/b9/64afb9fe-6896-dda6-468d-dc4563285a13/00724358069150.jpg/1000x1000bb.jpg"
"887","Porch","Ten","Pearl Jam","1991","1206","1183","2025-09-16 10:00:58","https://is1-ssl.mzstatic.com/image/thumb/Music125/v4/5e/91/c1/5e91c1ba-53cb-c5c8-15f1-d3c81f3b3592/dj.psrqglcw.jpg/600x600bb.jpg"
"888","Shoot To Thrill","Back In Black","AC/DC","1980","411","435","2025-09-16 09:51:01","https://is1-ssl.mzstatic.com/image/thumb/Music115/v4/1e/14/58/1e145814-281a-58e0-3ab1-145f5d1af421/886443673441.jpg/600x600bb.jpg"
"889","Undertow","Undertow","Tool","1993","1049","693","2025-09-16 09:45:33","https://is1-ssl.mzstatic.com/image/thumb/Music125/v4/48/4c/fa/484cfa09-4d6c-16c5-d195-8a8b6027f71e/886447824740.jpg/600x600bb.jpg"
"890","Space Oddity","Space Oddity","David Bowie","1969","785","730","2025-09-16 09:37:01","https://is1-ssl.mzstatic.com/image/thumb/Music125/v4/c9/7e/94/c97e9425-dd7f-1994-4e3b-dbfcadcc8873/mzi.rozdwzeg.jpg/600x600bb.jpg"
"891","Waffle","Home","Sevendust","1999","919","858","2025-09-16 09:33:24","https://is1-ssl.mzstatic.com/image/thumb/Music124/v4/ed/a4/0f/eda40f97-117d-5997-7ec0-e67baac0e741/mzi.zvudzedk.tif/600x600bb.jpg"
"892","Imagine","Imagine","John Lennon","1971","1282","1375","2025-09-16 09:30:54","https://is1-ssl.mzstatic.com/image/thumb/Music126/v4/21/e3/b0/21e3b048-c917-92c4-bd7d-ace44797b388/13UABIM52808.rgb.jpg/600x600bb.jpg"
"893","Le Manu","Ala Mai","Shepherds Reign","2019","1883","","2025-09-16 09:27:13","https://is1-ssl.mzstatic.com/image/thumb/Music126/v4/f4/3d/e8/f43de80d-5dbf-717b-1577-2c227a38bf7c/197189294310.jpg/600x600bb.jpg"
"894","Here I Go Again","Saints and Sinners","Whitesnake","1982","863","344","2025-09-16 09:21:24","https://is1-ssl.mzstatic.com/image/thumb/Music125/v4/c2/69/53/c2695381-d8b1-d122-0bef-be8663c848f8/603497864980.jpg/600x600bb.jpg"
"895","All Summer Long","Rock n Roll Jesus","Kid Rock","2008","1927","","2025-09-16 09:16:35","https://upload.wikimedia.org/wikipedia/en/0/0a/Single_All_Summer_Long_cover.jpg"
"896","Painkiller","Painkiller","Judas Priest","1990","1455","1824","2025-09-16 09:09:47","https://is1-ssl.mzstatic.com/image/thumb/Music115/v4/d0/f4/d9/d0f4d907-d333-1c26-703d-7245a348a519/dj.xjjnnhmb.jpg/600x600bb.jpg"
"897","Big Empty","Purple","Stone Temple Pilots","1994","1012","1018","2025-09-16 09:04:03","https://is1-ssl.mzstatic.com/image/thumb/Music113/v4/d7/15/cc/d715cc36-0741-14b3-39b5-1f1f5ac88dd2/603497851553.jpg/600x600bb.jpg"
"898","The River","The River","Bruce Springsteen","1980","916","852","2025-09-16 08:51:26","https://is1-ssl.mzstatic.com/image/thumb/Music125/v4/ac/29/8f/ac298fbd-fa23-e8de-09d7-dec9c977f912/074643685429.jpg/600x600bb.jpg"
"899","Ilah (Silent War)","Blindspott","Blindspott","2002","832","","2025-09-16 08:38:45","https://is1-ssl.mzstatic.com/image/thumb/Music211/v4/31/7a/26/317a2697-0f02-7c45-2e78-9e178c2266c7/0724354352928.png/600x600bb.jpg"
"900","My My Hey Hey (Out Of The Blue)","Rust Never Sleeps","Neil Young & Crazy Horse","1979","997","1084","2025-09-16 08:34:34","https://is1-ssl.mzstatic.com/image/thumb/Music1/v4/9a/65/18/9a6518c2-850f-f40a-5bad-540a9ef4ad70/093624924708.jpg/600x600bb.jpg"
"901","Killed By Death","No Remorse","Motorhead","1984","1151","1045","2025-09-16 08:28:55","https://is1-ssl.mzstatic.com/image/thumb/Music116/v4/25/a5/99/25a59923-bb2c-e18e-3538-f530867753db/4099964037623.jpg/1000x1000bb.jpg"
"902","Waste A Moment","Walls","Kings Of Leon","2016","847","1002","2025-09-16 08:23:01","https://is1-ssl.mzstatic.com/image/thumb/Music124/v4/e0/f8/fd/e0f8fda0-a669-4b92-2d65-875d66d82ddc/886446009971.jpg/600x600bb.jpg"
"903","Animal","Hysteria","Def Leppard","1987","760","576","2025-09-16 08:17:21","https://is1-ssl.mzstatic.com/image/thumb/Music115/v4/0f/76/fa/0f76fa8d-8341-c0af-84d8-543b9193c728/17UM1IM41552.rgb.jpg/1000x1000bb.jpg"
"904","No Quarter","Salival","Tool","2000","611","653","2025-09-16 08:05:53","https://upload.wikimedia.org/wikipedia/en/4/4f/Salival_audio_cover.jpg"
"905","One Of These Nights","One Of These Nights","The Eagles","1975","1852","","2025-09-15 17:29:04","https://is1-ssl.mzstatic.com/image/thumb/Music124/v4/db/d5/c4/dbd5c44a-a30f-08ff-256b-1e9b2ed6d4cd/075596032926.jpg/1000x1000bb.jpg"
"906","Silvera","Magma","Gojira","2016","677","954","2025-09-15 17:25:23","https://is1-ssl.mzstatic.com/image/thumb/Music125/v4/24/cd/f7/24cdf7d0-279d-316e-a39c-51c35e2cce32/016861747947.jpg/600x600bb.jpg"
"907","More Than A Feeling","Boston","Boston","1976","751","1162","2025-09-15 17:19:37","https://is1-ssl.mzstatic.com/image/thumb/Music126/v4/e3/08/9a/e3089ac9-a820-5ee9-64be-39500ad8a5e2/886444824972.jpg/600x600bb.jpg"
"908","Send The Pain Below","Wonder What's Next","Chevelle","2002","1267","1132","2025-09-15 17:12:20","https://is1-ssl.mzstatic.com/image/thumb/Music124/v4/5e/a4/00/5ea400c9-fba3-f453-c6b0-8572752263f8/mzi.jubchflz.jpg/600x600bb.jpg"
"909","American Pie","American Pie","Don Mclean","1971","683","272","2025-09-15 17:03:33","https://is1-ssl.mzstatic.com/image/thumb/Music116/v4/1a/54/65/1a546518-5709-5c11-3f30-90528331fbf6/15UMGIM65659.rgb.jpg/600x600bb.jpg"
"910","The Middle","Bleed American","Jimmy Eat World","2001","987","817","2025-09-15 16:52:18","https://is1-ssl.mzstatic.com/image/thumb/Music125/v4/8c/28/1b/8c281bbb-daad-c473-6adb-1b4ca33a5a44/00602577027420.rgb.jpg/600x600bb.jpg"
"911","Take It To The Limit","One of These Nights","The Eagles","1975","990","870","2025-09-15 16:47:33","https://is1-ssl.mzstatic.com/image/thumb/Music124/v4/db/d5/c4/dbd5c44a-a30f-08ff-256b-1e9b2ed6d4cd/075596032926.jpg/1000x1000bb.jpg"
"912","Street Spirit (Fade Out)","The Bends","Radiohead","1995","792","1384","2025-09-15 16:35:22","https://is1-ssl.mzstatic.com/image/thumb/Music126/v4/1b/a9/5c/1ba95cac-b245-d386-63fb-6b857aa9dce8/634904078065.png/600x600bb.jpg"
"913","Tunnel Of Love","Making Movies","Dire Straits","1980","887","795","2025-09-15 16:27:37","https://is1-ssl.mzstatic.com/image/thumb/Music/4d/de/03/mzi.ufzygzcb.jpg/600x600bb.jpg"
"914","One Headlight","Bringing Down The Horse","The Wallflowers","1996","835","734","2025-09-15 16:20:17","https://is1-ssl.mzstatic.com/image/thumb/Music115/v4/83/b6/3a/83b63a4d-2e5b-5471-c5ca-9ac9120c1811/00602547759221.rgb.jpg/600x600bb.jpg"
"915","Janie's Got A Gun","Pump","Aerosmith","1989","1058","991","2025-09-15 16:17:01","https://is1-ssl.mzstatic.com/image/thumb/Music114/v4/65/92/0c/65920cae-e1e0-03ce-812e-70de7bb03f86/00602537156665.rgb.jpg/600x600bb.jpg"
"916","Dig","Light Grenades","Incubus","2006","860","1081","2025-09-15 16:08:12","https://is1-ssl.mzstatic.com/image/thumb/Music115/v4/39/d6/b9/39d6b928-3782-0463-3108-5ba555039995/828768385227.jpg/600x600bb.jpg"
"917","Sleep Now In The Fire","The Battle of Los Angeles","Rage Against The Machine","1999","759","487","2025-09-15 16:04:56","https://is1-ssl.mzstatic.com/image/thumb/Music115/v4/10/7d/eb/107deb76-ee81-8151-2375-7b18f67591f0/074646963029.jpg/600x600bb.jpg"
"918","Mama Said","Re-Load","Metallica","1997","945","816","2025-09-15 15:52:31","https://is1-ssl.mzstatic.com/image/thumb/Music124/v4/4f/25/da/4f25da69-51a3-03da-5cf5-fa50eb455cb9/0093624986546.jpg/600x600bb.jpg"
"919","Powerslave","Powerslave","Iron Maiden","1984","842","789","2025-09-15 15:47:06","https://is1-ssl.mzstatic.com/image/thumb/Music62/v4/1b/7e/fd/1b7efd1c-ba04-4d58-2d83-687a0435e7b9/881034134462.jpg/600x600bb.jpg"
"920","Buddy Holly","Weezer (The Blue Album)","Weezer","1994","917","1030","2025-09-15 15:42:24","https://is1-ssl.mzstatic.com/image/thumb/Music221/v4/d0/16/da/d016da24-577e-b584-3a5a-116efb5ca362/16UMGIM52971.rgb.jpg/600x600bb.jpg"
"921","Once","Ten","Pearl Jam","1991","1066","903","2025-09-15 15:31:48","https://is1-ssl.mzstatic.com/image/thumb/Music125/v4/5e/91/c1/5e91c1ba-53cb-c5c8-15f1-d3c81f3b3592/dj.psrqglcw.jpg/600x600bb.jpg"
"922","Aneurysm","Smells Like Teen Spirit B-Side","Nirvana","1991","921","1066","2025-09-15 15:25:44","https://upload.wikimedia.org/wikipedia/en/0/09/Nirvana_aneurysm.png"
"923","The Way You Used To Do","Villains","Queens Of The Stone Age","2017","935","844","2025-09-15 15:19:38","https://is1-ssl.mzstatic.com/image/thumb/Music126/v4/d6/56/c2/d656c208-7525-0301-4c64-bdbc409fc48d/744861112563.png/600x600bb.jpg"
"924","I Love Rock 'n' Roll","I Love Rock n Roll","Joan Jett","1981","907","613","2025-09-15 15:16:21","https://is1-ssl.mzstatic.com/image/thumb/Music115/v4/09/8b/86/098b862d-7e7a-ff59-24cb-87eb83c7ee58/886447254332.jpg/600x600bb.jpg"
"925","Calling On","Geographica","Weta","2000","740","557","2025-09-15 15:09:01","https://is1-ssl.mzstatic.com/image/thumb/Music124/v4/e1/b3/61/e1b3614a-ecf0-c975-25e2-0814a63f556f/190295060909.jpg/600x600bb.jpg"
"926","Little Lies","Tango in the Night","Fleetwood Mac","1987","765","1096","2025-09-15 15:06:41","https://is1-ssl.mzstatic.com/image/thumb/Music125/v4/07/7a/2f/077a2f8e-d348-34be-fd5f-f7b655e1dc7c/603497872893.jpg/600x600bb.jpg"
"927","Hard Sun","Single Only","Eddie Vedder","2009","948","1043","2025-09-15 14:56:06","https://is1-ssl.mzstatic.com/image/thumb/Music115/v4/7d/20/b8/7d20b80e-a1eb-f983-4a06-9ce62297ee1a/00602567018261.rgb.jpg/600x600bb.jpg"
"928","Trippin'","A Trillion Shades of Happy","Push Push","1992","1184","1181","2025-09-15 14:51:17","https://is1-ssl.mzstatic.com/image/thumb/Music1/v4/5a/4e/34/5a4e3425-9f16-eaa0-8366-6725cd80863a/859713560406_cover.tif/600x600bb.jpg"
"929","Bennie and The Jets","Goodbye Yellow Brick Road","Elton John","1973","904","824","2025-09-15 14:42:33","https://is1-ssl.mzstatic.com/image/thumb/Music122/v4/b3/60/b6/b360b655-4d28-179d-d0d4-4e128ebdf4c9/13UAEIM19273.rgb.jpg/600x600bb.jpg"
"930","Naive","Inside In/Inside Out","The Kooks","2006","940","974","2025-09-15 14:38:28","https://is1-ssl.mzstatic.com/image/thumb/Music124/v4/0c/9d/f5/0c9df53b-daca-dd82-ede9-2fda67d9f529/13UADIM60831.rgb.jpg/600x600bb.jpg"
"931","Freak","Freak Show","Silverchair","1997","888","1212","2025-09-15 14:35:15","https://is1-ssl.mzstatic.com/image/thumb/Music/d4/ac/a2/mzi.ugufvfmk.jpg/600x600bb.jpg"
"932","Roxanne","Outlandos d'Amour","The Police","1978","900","929","2025-09-15 14:30:54","https://is1-ssl.mzstatic.com/image/thumb/Music126/v4/47/de/29/47de29d9-5109-2020-d296-1021a7378574/16UMGIM60880.rgb.jpg/600x600bb.jpg"
"933","Nearly Forgot My Broken Heart","Higher Truth","Chris Cornell","2015","811","564","2025-09-15 14:27:34","https://is1-ssl.mzstatic.com/image/thumb/Music115/v4/56/e5/8e/56e58eb1-7edf-1c15-d43d-75f08361cf67/00602547524089.rgb.jpg/600x600bb.jpg"
"934","Pretty Noose","Down on the Upside","Soundgarden","1996","890","814","2025-09-15 14:24:12","https://is1-ssl.mzstatic.com/image/thumb/Music125/v4/cc/d0/e1/ccd0e15b-b4d9-38c5-59db-2431f101616b/00602557008425.rgb.jpg/600x600bb.jpg"
"935","The End","The Doors","The Doors","1967","1028","1302","2025-09-15 14:12:02","https://is1-ssl.mzstatic.com/image/thumb/Features115/v4/03/c6/2d/03c62d8a-487f-78c3-8416-488cfac664eb/dj.sboowgda.jpg/600x600bb.jpg"
"936","Lemonade Hand Grenade","Lemonade Hand Grenade EP","Midwave Breaks","2021","926","807","2025-09-15 14:07:18","https://f4.bcbits.com/img/a2474860645_2.jpg"
"937","Where The Streets Have No Name","The Joshua Tree","U2","1987","998","937","2025-09-15 14:03:24","https://is1-ssl.mzstatic.com/image/thumb/Music115/v4/8f/e2/c3/8fe2c384-f6cb-9af7-371d-2b6a9b204e59/17UMGIM79292.rgb.jpg/600x600bb.jpg"
"938","Third Eye","?nima","Tool","1996","675","1772","2025-09-15 13:44:25","https://is1-ssl.mzstatic.com/image/thumb/Music113/v4/be/e3/59/bee35988-338f-f01a-6271-ceefdd3f8925/886447824757.jpg/600x600bb.jpg"
"939","A Horse With No Name","America","America","1971","988","1090","2025-09-15 13:37:50","https://is1-ssl.mzstatic.com/image/thumb/Music114/v4/ad/d9/22/add9226e-9c33-246b-e528-a1a96d05df48/mzi.onpokbmx.jpg/600x600bb.jpg"
"940","Arabella","AM","Arctic Monkeys","2013","883","622","2025-09-15 13:31:59","https://is1-ssl.mzstatic.com/image/thumb/Music113/v4/cc/0f/2d/cc0f2d02-5ff1-10e7-eea2-76863a55dbad/887828031795.png/600x600bb.jpg"
"941","Bad Medicine","New Jersey","Bon Jovi","1988","959","985","2025-09-15 13:26:51","https://is1-ssl.mzstatic.com/image/thumb/Music211/v4/00/49/77/004977a7-3c53-8f48-968d-404828e9573c/06UMGIM05419.rgb.jpg/600x600bb.jpg"
"942","Hey Man, Nice Shot","Short Bus","Filter","1995","669","592","2025-09-15 13:22:26","https://is1-ssl.mzstatic.com/image/thumb/Music115/v4/2d/c6/21/2dc6218c-4bd4-3c9c-23d5-d15b6a32b382/18CRGIM06036.rgb.jpg/600x600bb.jpg"
"943","Wild Side","Girls Girls Girls","Motley Crue","1987","980","1055","2025-09-15 13:17:59","https://is1-ssl.mzstatic.com/image/thumb/Music116/v4/bf/07/14/bf07145f-1042-4664-58b9-c9cf8509da63/4050538778700.jpg/600x600bb.jpg"
"944","High And Dry","The Bends","Radiohead","1995","1055","1154","2025-09-15 13:13:24","https://is1-ssl.mzstatic.com/image/thumb/Music126/v4/1b/a9/5c/1ba95cac-b245-d386-63fb-6b857aa9dce8/634904078065.png/600x600bb.jpg"
"945","About A Girl (MTV Unplugged)","MTV Unplugged","Nirvana","1994","845","1049","2025-09-15 13:09:57","https://is1-ssl.mzstatic.com/image/thumb/Music125/v4/46/24/33/462433f9-ee74-2d60-4538-859826a7bed7/00720642472729.rgb.jpg/600x600bb.jpg"
"946","Choir Girl","East","Cold Chisel","1980","981","942","2025-09-15 13:05:08","https://is1-ssl.mzstatic.com/image/thumb/Music114/v4/8c/ed/4b/8ced4ba5-8cb2-59bc-d9e9-cd3043601b72/13UAEIM00198.rgb.jpg/600x600bb.jpg"
"947","The Dope Show","Mechanical Animals","Marilyn Manson","1998","933","841","2025-09-15 13:02:42","https://i.pinimg.com/originals/78/88/37/78883762d79a263569dc6fbd5c6069cc.jpg"
"948","Jump","1984","Van Halen","1984","1209","1164","2025-09-15 12:53:28","https://upload.wikimedia.org/wikipedia/en/5/5f/Van_Halen_-_1984.jpg"
"949","The Light","Immortalized","Disturbed","2015","924","947","2025-09-15 12:49:02","https://is1-ssl.mzstatic.com/image/thumb/Music125/v4/32/2b/12/322b1228-a133-3317-8d05-742669b700ec/093624926245.jpg/600x600bb.jpg"
"950","High Voltage","High Voltage","AC/DC","1975","1023","1165","2025-09-15 12:46:02","https://is1-ssl.mzstatic.com/image/thumb/Features125/v4/2d/a8/b5/2da8b582-64aa-d25f-2cdf-ad63a3e04920/dj.jnlhrcpf.jpg/1000x1000bb.jpg"
"951","Re-Education","Appeal To Reason","Rise Against","2008","898","984","2025-09-15 12:36:40","https://is1-ssl.mzstatic.com/image/thumb/Music115/v4/c8/fa/6a/c8fa6acb-bd79-5399-0876-f5e6a0f226e8/08UMGIM18022.rgb.jpg/600x600bb.jpg"
"952","Good Times","Listen Like Thieves","Jimmy Barnes/INXS","1985","1026","738","2025-09-15 12:34:24","https://i.scdn.co/image/ab67616d00001e029747d32371a2d8ae811d32b4"
"953","Doesn't Remind Me","Out of Exile","Audioslave","2005","892","663","2025-09-15 12:30:02","https://is1-ssl.mzstatic.com/image/thumb/Music125/v4/97/6c/10/976c100f-a903-6981-066f-7f4919bce1eb/00602498815632.rgb.jpg/600x600bb.jpg"
"954","Take Out The Gunman","La G?rgola","Chevelle","2014","905","746","2025-09-15 12:24:41","https://is1-ssl.mzstatic.com/image/thumb/Music114/v4/53/0c/d9/530cd9f9-d9ac-3d23-c3ee-9e4a99d88031/886444450072.jpg/600x600bb.jpg"
"955","While My Guitar Gently Weeps","The Beatles (White Album)","The Beatles","1968","1416","765","2025-09-15 12:20:18","https://is1-ssl.mzstatic.com/image/thumb/Music116/v4/14/d1/3d/14d13df6-b66a-cdd8-b71c-7f678f7c7fbd/18UMGIM58178.rgb.jpg/600x600bb.jpg"
"956","Waiting On A War","Medicine At Midnight","Foo Fighters","2021","975","624","2025-09-15 12:15:26","https://is1-ssl.mzstatic.com/image/thumb/Music115/v4/ed/bd/f6/edbdf65c-e3db-17a8-b909-4f4cd708b653/886448658054.jpg/600x600bb.jpg"
"957","You're The Voice","Whispering Jack","John Farnham","1986","923","1001","2025-09-15 12:10:24","https://is1-ssl.mzstatic.com/image/thumb/Music124/v4/fa/68/b6/fa68b689-8f05-ddf5-c789-f9727344e20c/9399421014927.jpg/600x600bb.jpg"
"958","Why Don't You Get A Job?","Americana","The Offspring","1998","943","796","2025-09-15 12:08:06","https://is1-ssl.mzstatic.com/image/thumb/Music125/v4/74/79/7b/74797b37-ea15-e667-1e75-8f59053e41f3/00602557270945.rgb.jpg/600x600bb.jpg"
"959","Fire Water Burn","One Fierce Beer Coaster","Bloodhound Gang","1996","1001","811","2025-09-15 12:03:57","https://is1-ssl.mzstatic.com/image/thumb/Music124/v4/81/38/f4/8138f4f9-0be0-c2d3-7961-2a1b0e244383/00720642512425.rgb.jpg/600x600bb.jpg"
"960","My Happiness","Odyssey Number 5","Powderfinger","2000","941","863","2025-09-15 11:53:17","https://upload.wikimedia.org/wikipedia/en/0/0f/My_Happiness_-_Powderfinger.jpg"
"961","Breathe In The Air","Dark Side Of The Moon","Pink Floyd","1973","992","1150","2025-09-15 11:50:22","https://is1-ssl.mzstatic.com/image/thumb/Music115/v4/3c/1b/a9/3c1ba9e1-15b1-03b3-3bfd-09dbd9f1705b/dj.mggvbaou.jpg/600x600bb.jpg"
"962","Doin' Time","Sublime","Sublime","1996","899","761","2025-09-15 11:41:57","https://is1-ssl.mzstatic.com/image/thumb/Music125/v4/c2/44/52/c2445270-0ad1-c895-3ab1-24beedd6c422/06UMGIM01498.rgb.jpg/600x600bb.jpg"
"963","This Ain't A Scene It's An Arms Race","Infinity on High","Fall Out Boy","2007","1067","851","2025-09-15 11:38:35","https://is1-ssl.mzstatic.com/image/thumb/Music112/v4/1e/02/58/1e0258e0-d921-b7d1-7519-74f31fed4391/07UMGIM03661.rgb.jpg/600x600bb.jpg"
"964","Seventh Son Of A Seventh Son","Seventh Son of a Seventh Son","Iron Maiden","1998","927","773","2025-09-15 11:28:10","https://is1-ssl.mzstatic.com/image/thumb/Music124/v4/ae/b9/bc/aeb9bc49-7784-5f3c-4fb1-30122e76e9bf/881034134493.jpg/600x600bb.jpg"
"965","Loser","The Better Life","3 Doors Down","2000","1114","883","2025-09-15 11:23:23","https://is1-ssl.mzstatic.com/image/thumb/Music125/v4/61/2a/58/612a58ca-af10-cc8f-07ef-b3368ebc9564/07UMGIM12238.rgb.jpg/600x600bb.jpg"
"966","Since I've Been Loving You","III","Led Zeppelin","1970","966","857","2025-09-15 11:16:46","https://is1-ssl.mzstatic.com/image/thumb/Music125/v4/62/fd/14/62fd14aa-d202-a86a-d948-0a5550b35fc3/dj.rkzuiqye.jpg/600x600bb.jpg"
"967","Heaven Knows","Going To Hell","The Pretty Reckless","2014","1224","938","2025-09-15 11:12:43","https://upload.wikimedia.org/wikipedia/en/9/91/The_Pretty_Reckless_-_Heaven_Knows.png"
"968","You Got Nothing I Want","Circus Animals","Cold Chisel","1982","865","706","2025-09-15 11:09:24","https://is1-ssl.mzstatic.com/image/thumb/Music128/v4/76/28/79/7628798c-08e3-1a18-89f2-1f6b10ab7f08/00602537562756.rgb.jpg/600x600bb.jpg"
"969","Fly Away","5","Lenny Kravitz","1998","1121","1015","2025-09-15 11:06:22","https://upload.wikimedia.org/wikipedia/en/3/3b/LennyKravitz.jpg"
"970","Straight To Hell","Straight To Hell","Ozzy Osbourne","2019","DEBUT","","2025-09-15 11:02:02","https://cdn-p.smehost.net/sites/36a287df83ae4bd5bbf9a5628b66a36c/wp-content/uploads/2019/11/191122_straighttohell.jpg"
"971","Sex Type Thing","Core","Stone Temple Pilots","1992","969","1057","2025-09-15 10:53:51","https://is1-ssl.mzstatic.com/image/thumb/Music128/v4/9c/c1/4d/9cc14ddd-fc63-58eb-d911-98de74825324/603497869275.jpg/600x600bb.jpg"
"972","Turbo Lover","Turbo","Judas Priest","1986","1034","970","2025-09-15 10:48:23","https://is1-ssl.mzstatic.com/image/thumb/Music124/v4/4e/65/75/4e6575f5-c5a4-4f02-df55-d5906956ad27/886445603255.jpg/600x600bb.jpg"
"973","Feel Good Hit Of The Summer","Rated R","Queens Of The Stone Age","2000","814","898","2025-09-15 10:45:15","https://is1-ssl.mzstatic.com/image/thumb/Music114/v4/87/b4/aa/87b4aab6-8d32-5001-546d-71d829af1a12/00602527472270.rgb.jpg/600x600bb.jpg"
"974","Aces High","Powerslave","Iron Maiden","1984","1089","1025","2025-09-15 10:36:37","https://is1-ssl.mzstatic.com/image/thumb/Music62/v4/1b/7e/fd/1b7efd1c-ba04-4d58-2d83-687a0435e7b9/881034134462.jpg/600x600bb.jpg"
"975","Party Slow","Real Dancing","Racing","2018","790","541","2025-09-15 10:33:39","https://is1-ssl.mzstatic.com/image/thumb/Music128/v4/88/00/d5/8800d514-2c42-1e74-b443-fb9081fd71f2/cover_art_download.jpg/600x600bb.jpg"
"976","Blue Lady","Hello Sailor","Hello Sailor","1977","1102","1460","2025-09-15 10:29:33","https://is1-ssl.mzstatic.com/image/thumb/Music116/v4/9c/2c/bd/9c2cbd3e-1daa-5abe-0e77-7b00e1c75d2d/9419569102789.png/600x600bb.jpg"
"977","Pawn Shop","40 Oz. To Freedom","Sublime","1992","731","662","2025-09-15 10:22:55","https://is1-ssl.mzstatic.com/image/thumb/Music116/v4/e1/2b/fd/e12bfd3d-c621-5e4f-189d-bbff16314080/06UMGIM02702.rgb.jpg/1000x1000bb.jpg"
"978","More Human Than Human","Astro Creep: 2000","White Zombie","1995","874","661","2025-09-15 10:20:06","https://is1-ssl.mzstatic.com/image/thumb/Music128/v4/cf/b7/80/cfb7809d-bbb9-68a2-5d76-d0662d34b466/00720642480625.rgb.jpg/600x600bb.jpg"
"979","Legs","Eliminator","ZZ Top","1983","1047","805","2025-09-15 10:13:07","https://is1-ssl.mzstatic.com/image/thumb/Music116/v4/2d/1b/df/2d1bdf1c-e8bc-8361-a800-0f13ba944ad3/0603497921461.jpg/600x600bb.jpg"
"980","Hate Me","Foiled","Blue October","2006","862","774","2025-09-15 10:09:24","https://is1-ssl.mzstatic.com/image/thumb/Music124/v4/2a/1e/ca/2a1ecaab-0489-6227-9818-584f66ad3788/00602498578247.rgb.jpg/600x600bb.jpg"
"981","New Sensation","Kick","INXS","1987","1068","1441","2025-09-15 10:05:38","https://is1-ssl.mzstatic.com/image/thumb/Music116/v4/04/ca/65/04ca65d0-c796-3f9b-0446-f013dfc1a8d9/603497838899.jpg/600x600bb.jpg"
"982","My Michelle","Appetite for Destruction","Guns N' Roses","1987","894","924","2025-09-15 10:02:16","https://is1-ssl.mzstatic.com/image/thumb/Music125/v4/a0/4d/c4/a04dc484-03cc-02aa-fa82-5334fcb4bc16/18UMGIM24878.rgb.jpg/600x600bb.jpg"
"983","Not For You","Vitalogy","Pearl Jam","1994","1088","1515","2025-09-15 09:51:22","https://is1-ssl.mzstatic.com/image/thumb/Music125/v4/5c/8c/6d/5c8c6d72-ff93-5182-be87-f224db0a41e3/dj.gxlpyxpu.jpg/600x600bb.jpg"
"984","Postres","The Boy Who Died Wolf","Highly Suspect","2016","1161","1245","2025-09-15 09:49:13","https://is1-ssl.mzstatic.com/image/thumb/Music114/v4/00/d6/4c/00d64c19-77df-c4c2-ba6a-498f2ec70c28/814908021889.jpg/600x600bb.jpg"
"985","The Negative One","5. The Gray Chapter","Slipknot","2014","1033","754","2025-09-15 09:45:01","https://is1-ssl.mzstatic.com/image/thumb/Music115/v4/75/11/7c/75117c19-7669-13fc-4d6c-054daf7a8b07/016861754563.jpg/1000x1000bb.jpg"
"986","I Want It All","The Miricle","Queen","1989","619","605","2025-09-15 09:35:22","https://is1-ssl.mzstatic.com/image/thumb/Music122/v4/97/a2/27/97a2274e-0129-bcfd-74c8-5435a0f50b43/22UM1IM16451.rgb.jpg/600x600bb.jpg"
"987","Notion","Only By The Night","Kings Of Leon","2008","1010","944","2025-09-15 09:31:35","https://is1-ssl.mzstatic.com/image/thumb/Features125/v4/74/25/4c/74254c8b-e03d-44e8-304d-4cde508b8cfb/dj.swemfdrr.jpg/600x600bb.jpg"
"988","Heaven Beside You","Alice in Chains","Alice In Chains","1996","833","743","2025-09-15 09:25:57","https://is1-ssl.mzstatic.com/image/thumb/Music125/v4/be/b7/8d/beb78d71-fc7e-4d34-8b3e-dad066220416/mzi.jhabacat.jpg/600x600bb.jpg"
"989","Stop Crying Your Heart Out","Heathen Chemistry","Oasis","2002","1720","1786","2025-09-15 09:21:26","https://is1-ssl.mzstatic.com/image/thumb/Music124/v4/a7/69/f4/a769f4e4-a12e-c194-b293-f441ba8bbba1/5051083000406.jpg/600x600bb.jpg"
"990","Burning Down The House","Speaking in Tounges","Talking Heads","1983","944","1130","2025-09-15 09:16:36","https://is1-ssl.mzstatic.com/image/thumb/Music/70/db/13/mzi.drzsnbgi.jpg/600x600bb.jpg"
"991","Oceans","Ten","Pearl Jam","1991","995","1117","2025-09-15 09:13:53","https://is1-ssl.mzstatic.com/image/thumb/Music125/v4/5e/91/c1/5e91c1ba-53cb-c5c8-15f1-d3c81f3b3592/dj.psrqglcw.jpg/600x600bb.jpg"
"992","Hurt","The Downward Spiral","Nine Inch Nails","1994","747","781","2025-09-15 09:10:30","https://is1-ssl.mzstatic.com/image/thumb/Music125/v4/b5/42/5d/b5425d92-410d-9c4b-72b1-d0147bbb01dd/00602567931713.rgb.jpg/600x600bb.jpg"
"993","Undone (The Sweater Song)","Weezer (Blue Album)","Weezer","1996","1008","1244","2025-09-15 09:05:01","https://is1-ssl.mzstatic.com/image/thumb/Music221/v4/d0/16/da/d016da24-577e-b584-3a5a-116efb5ca362/16UMGIM52971.rgb.jpg/600x600bb.jpg"
"994","Back On Earth","The Ozzman Cometh","Ozzy Osbourne","1997","RE-ENTRY","","2025-09-15 08:51:34","https://cdn.mediaworks.nz/therock/images/songs/back_on_earth_400_ozzy_osbourne.jpg"
"995","Nice To Know You","Morning View","Incubus","2001","851","907","2025-09-15 08:47:24","https://is1-ssl.mzstatic.com/image/thumb/Music115/v4/2c/95/ec/2c95ecf2-8303-50b6-2e19-ea6b28424af9/mzi.yficmzdc.jpg/600x600bb.jpg"
"996","Name","A Boy Named Goo","Goo Goo Dolls","1995","1123","","2025-09-15 08:38:01","https://is1-ssl.mzstatic.com/image/thumb/Features/ca/da/d6/dj.yfuoytrn.jpg/600x600bb.jpg"
"997","People Are Strange","Strange Days","The Doors","1967","937","821","2025-09-15 08:35:02","https://is1-ssl.mzstatic.com/image/thumb/Music124/v4/cb/c8/9d/cbc89d71-796d-699f-6827-66cca5cdfa27/603497866854.jpg/600x600bb.jpg"
"998","River Of Deceit","Above","Mad Season","1995","950","802","2025-09-15 08:31:15","https://is1-ssl.mzstatic.com/image/thumb/Features115/v4/a0/db/ad/a0dbad6e-62df-6b44-6906-7c7ee010a1a1/dj.fbqtjmgj.jpg/600x600bb.jpg"
"999","The Boys Are Back In Town","Jailbreak","Thin Lizzy","1976","1065","1616","2025-09-15 08:26:04","https://is1-ssl.mzstatic.com/image/thumb/Music115/v4/83/4e/1c/834e1c5b-47b6-c49e-3512-dafe95d31224/06UMGIM05417.rgb.jpg/600x600bb.jpg"
"1000","Run","Concrete and Gold","Foo Fighters","2017","553","471","2025-09-15 08:14:35","https://is1-ssl.mzstatic.com/image/thumb/Music116/v4/f1/76/93/f176933e-6b89-25a5-1f78-2a0fb27c2b4c/886446580234.jpg/600x600bb.jpg"
"1001","Lay Down Your Guns","Two Fires","Jimmy Barnes","1990","1015","830","2025-09-15 08:07:24","https://is1-ssl.mzstatic.com/image/thumb/Music124/v4/31/6f/85/316f85c1-c466-27b7-db3d-0133ba211640/Two_Fires.jpg/600x600bb.jpg"
"1002","Feeling This","Blink-182","Blink-182","2003","745","687","2025-09-15 08:04:55","https://is1-ssl.mzstatic.com/image/thumb/Music122/v4/57/be/19/57be194f-7b85-86ed-f59b-afc86806b6e5/16UMGIM35664.rgb.jpg/600x600bb.jpg"
"1003","Indestructible","Indestructible","Disturbed","2008","682","766","2025-09-12 16:52:54","https://is1-ssl.mzstatic.com/image/thumb/Music124/v4/cf/9c/a0/cf9ca0a6-8c74-dbd6-bbb9-af1b1175bd2a/mzm.pmqvqauv.jpg/600x600bb.jpg"
"1004","Life In The Fast Lane","Hotel California","The Eagles","1976","1084","1042","2025-09-12 16:48:54","https://is1-ssl.mzstatic.com/image/thumb/Music115/v4/88/16/2c/88162c3d-46db-8321-61f3-3a47404cfe76/075596050920.jpg/600x600bb.jpg"
"1005","Ticks & Leeches","Lateralus","Tool","2001","703","764","2025-09-12 16:39:59","https://is1-ssl.mzstatic.com/image/thumb/Music113/v4/fb/99/8c/fb998c1e-1a11-2434-0fa7-0d90beba5d2b/886447824764.jpg/600x600bb.jpg"
"1006","Roll With It","(What's the Story) Morning Glory?","Oasis","1995","1912","1908","2025-09-12 16:29:02","https://is1-ssl.mzstatic.com/image/thumb/Music113/v4/04/92/e0/0492e08b-cbcc-9969-9ad6-8f5a0888068c/5051961007107.jpg/600x600bb.jpg"
"1007","No Rain","Blind Melon","Blind Melon","1992","689","713","2025-09-12 16:25:50","https://is1-ssl.mzstatic.com/image/thumb/Music112/v4/7e/de/2d/7ede2d15-82d9-3fe6-3d01-300e1f0dc53f/13UABIM59246.rgb.jpg/600x600bb.jpg"
"1008","Slaves and Bulldozers","Badmotorfinger","Soundgarden","1991","1025","1590","2025-09-12 16:18:16","https://is1-ssl.mzstatic.com/image/thumb/Music114/v4/2c/a2/84/2ca284fb-2ec8-6a6e-e739-bb019b594c5a/00602557233278.rgb.jpg/600x600bb.jpg"
"1009","Little Black Submarines","El Camino","The Black Keys","2011","594","660","2025-09-12 16:13:37","https://is1-ssl.mzstatic.com/image/thumb/Music115/v4/55/39/ca/5539caf8-333e-5ad2-06ca-eaf5d84cd264/mzm.nmxwulyo.jpg/600x600bb.jpg"
"1010","Going To California","Led Zeppelin IV","Led Zeppelin","1971","1018","989","2025-09-12 16:09:17","https://is1-ssl.mzstatic.com/image/thumb/Music115/v4/5c/15/9b/5c159b27-95ca-b9a7-84e3-28e795fffd39/dj.kvkrpptq.jpg/600x600bb.jpg"
"1011","A Tout Le Monde","Youthanasia","Megadeth","1994","776","1007","2025-09-12 16:04:23","https://is1-ssl.mzstatic.com/image/thumb/Music118/v4/81/ab/d0/81abd09b-e4ff-4cfd-0d5f-4244bf539a25/00724359862354.rgb.jpg/600x600bb.jpg"
"1012","We Didn't Start The Fire","Storm Front","Billy Joel","1989","846","589","2025-09-12 15:52:21","https://is1-ssl.mzstatic.com/image/thumb/Music125/v4/ea/ae/20/eaae20fd-8590-a964-6caf-aedd6a8b2409/dj.xpnohagl.jpg/1000x1000bb.jpg"
"1013","I Will Not Bow","Dear Agony","Breaking Benjamin","2009","1016","995","2025-09-12 15:50:01","https://is1-ssl.mzstatic.com/image/thumb/Music124/v4/21/98/eb/2198ebc5-d0e4-6fb7-47bc-baba445c38a1/00050087126407.rgb.jpg/600x600bb.jpg"
"1014","Hammer To Fall","The Works","Queen","1984","789","1658","2025-09-12 15:44:51","https://is1-ssl.mzstatic.com/image/thumb/Music126/v4/f3/cc/06/f3cc068f-8991-d6a0-24e9-9b9918dd0852/14DMGIM05611.rgb.jpg/600x600bb.jpg"
"1015","Plastic Shadow","Blindspott","Blindspott","2003","1207","1196","2025-09-12 15:33:51","https://is1-ssl.mzstatic.com/image/thumb/Music211/v4/31/7a/26/317a2697-0f02-7c45-2e78-9e178c2266c7/0724354352928.png/600x600bb.jpg"
"1016","Proud Mary","Bayou County","Creedence Clearwater Revival","1969","753","876","2025-09-12 15:29:21","https://upload.wikimedia.org/wikipedia/en/thumb/3/37/Creedence_Clearwater_Revival_-_Bayou_Country.jpg/220px-Creedence_Clearwater_Revival_-_Bayou_Country.jpg"
"1017","The Gentle Art of Making Enemies","King for a Day... Fool for a Lifetime","Faith No More","1995","1087","","2025-09-12 15:22:50","https://is1-ssl.mzstatic.com/image/thumb/Music124/v4/6c/ec/a6/6ceca642-6163-e88d-e98c-596a81d6d785/mzi.qcskatwc.jpg/600x600bb.jpg"
"1018","Start Me Up","Tattoo You","The Rolling Stones","1981","964","634","2025-09-12 15:18:39","https://is1-ssl.mzstatic.com/image/thumb/Music115/v4/c4/67/c7/c467c70a-f8d8-533f-7b8b-f79592d5bb1d/21UMGIM70502.rgb.jpg/600x600bb.jpg"
"1019","I Got You","True Colours, New Colours ? The Songs of Split Enz","Shihad","2021","879","809","2025-09-12 15:12:44","https://flyingout.co.nz/cdn/shop/products/TrueColours_NewColours-TheSongsOfSplitEnz_1200x1200.jpg?v=1605435410"
"1020","Us And Them","Dark Side Of The Moon","Pink Floyd","1973","869","792","2025-09-12 15:05:14","https://is1-ssl.mzstatic.com/image/thumb/Music115/v4/3c/1b/a9/3c1ba9e1-15b1-03b3-3bfd-09dbd9f1705b/dj.mggvbaou.jpg/600x600bb.jpg"
"1021","Some Might Say","(What's the Story) Morning Glory?","Oasis","1995","1574","1565","2025-09-12 14:52:41","https://is1-ssl.mzstatic.com/image/thumb/Music113/v4/04/92/e0/0492e08b-cbcc-9969-9ad6-8f5a0888068c/5051961007107.jpg/600x600bb.jpg"
"1022","Don't Tread On Me","Metallica (Black Album)","Metallica","1991","816","762","2025-09-12 14:49:21","https://is1-ssl.mzstatic.com/image/thumb/Music125/v4/18/93/db/1893db5c-ddd1-b95c-3112-b9b83bcceab0/0093624986553.jpg/600x600bb.jpg"
"1023","Your Song","Elton John","Elton John","1970","1094","1157","2025-09-12 14:44:21","https://is1-ssl.mzstatic.com/image/thumb/Music116/v4/a9/52/e6/a952e6c5-a5e1-a56d-a6f4-b01ca42a4368/06UMGIM50695.rgb.jpg/600x600bb.jpg"
"1024","No Surprises","OK Computer","Radiohead","1997","974","1118","2025-09-12 14:36:24","https://is1-ssl.mzstatic.com/image/thumb/Music116/v4/07/60/ba/0760ba0f-148c-b18f-d0ff-169ee96f3af5/634904078164.png/600x600bb.jpg"
"1025","Anchor Me","Salty","The Mutton Birds","1993","1174","910","2025-09-12 14:32:11","https://upload.wikimedia.org/wikipedia/en/thumb/c/c5/The_Mutton_Birds_Salty.jpg/220px-The_Mutton_Birds_Salty.jpg"
"1026","Hey You","Divisive","Disturbed","2022","532","521","2025-09-12 14:26:33","https://is1-ssl.mzstatic.com/image/thumb/Music122/v4/bf/c7/fb/bfc7fb43-7cc3-a97d-ece2-b03248b305fa/093624867968.jpg/600x600bb.jpg"
"1027","Hot For Teacher","1984","Van Halen","1984","947","983","2025-09-12 14:23:23","https://upload.wikimedia.org/wikipedia/en/5/5f/Van_Halen_-_1984.jpg"
"1028","Animal","vs","Pearl Jam","1993","1031","1297","2025-09-12 14:20:11","https://is1-ssl.mzstatic.com/image/thumb/Music115/v4/60/a1/f7/60a1f7ee-72d8-0096-ac20-fe9c453211c7/dj.nyndmalc.jpg/600x600bb.jpg"
"1029","Song 27","A Trillion Shades of Happy","Push Push","1992","1140","1103","2025-09-12 14:13:15","https://is1-ssl.mzstatic.com/image/thumb/Music1/v4/5a/4e/34/5a4e3425-9f16-eaa0-8366-6725cd80863a/859713560406_cover.tif/1000x1000bb.jpg"
"1030","Life Is A Highway","Mad Mad World","Tom Cochrane","1991","961","978","2025-09-12 14:08:04","https://is1-ssl.mzstatic.com/image/thumb/Music114/v4/ed/2a/43/ed2a43b7-7a10-77af-d6b3-1f50a31813d3/00724359028354.jpg/600x600bb.jpg"
"1031","Hangar 18","Rust In Peace","Megadeth","1990","1080","1657","2025-09-12 14:02:22","https://is1-ssl.mzstatic.com/image/thumb/Music112/v4/fa/81/5a/fa815aa4-a361-34fe-8e9f-eab876a4f95b/13UABIM36806.rgb.jpg/600x600bb.jpg"
"1032","Evidence","King for a Day... Fool for a Lifetime","Faith No More","1995","982","918","2025-09-12 13:54:17","https://is1-ssl.mzstatic.com/image/thumb/Music115/v4/e1/c9/86/e1c9865c-a33e-0bcd-5db9-c980eb974fbf/190295920456.jpg/600x600bb.jpg"
"1033","Yellow","Parachutes","Coldplay","2000","977","1098","2025-09-12 13:50:16","https://is1-ssl.mzstatic.com/image/thumb/Music221/v4/f5/93/8c/f5938c49-964c-31d1-4b33-78b634f71fb7/190295978075.jpg/600x600bb.jpg"
"1034","No Shelter","Godzilla: The Album","Rage Against The Machine","1998","775","752","2025-09-12 13:46:19","https://cdn.mediaworks.nz/therock/images/songs/ab67616d00001e0216ed43ad144a217f9035aaca.jpg"
"1035","Purple Haze","Are You Experienced?","Jimi Hendrix","1967","934","646","2025-09-12 13:38:37","https://is1-ssl.mzstatic.com/image/thumb/Music124/v4/00/67/45/006745f5-95d5-5a06-35ed-d515e9cfd7d8/dj.tbwlxwoh.jpg/1000x1000bb.jpg"
"1036","Bartender","Broke","(Hed) P.E","2000","1173","1462","2025-09-12 13:34:38","https://is1-ssl.mzstatic.com/image/thumb/Music124/v4/75/60/04/7560040c-63c8-0f4c-8f54-2b94fad26e6b/mzi.hokjvmet.jpg/600x600bb.jpg"
"1037","Pride (In The Name Of Love)","The Unforgettable Fire","U2","1984","951","336","2025-09-12 13:31:38","https://is1-ssl.mzstatic.com/image/thumb/Music115/v4/85/1a/8b/851a8bcf-4ed0-b00b-83ec-7515cb12a9d2/06UMGIM03845.rgb.jpg/600x600bb.jpg"
"1038","My Friends","One Hot Minute","Red Hot Chili Peppers","1995","1046","933","2025-09-12 13:27:41","https://is1-ssl.mzstatic.com/image/thumb/Music124/v4/c1/af/b7/c1afb71d-3cf2-0781-ed3b-278a9677f5e8/093624931959.jpg/600x600bb.jpg"
"1039","Break On Through","The Doors","The Doors","1967","1086","1683","2025-09-12 13:24:53","https://is1-ssl.mzstatic.com/image/thumb/Features115/v4/03/c6/2d/03c62d8a-487f-78c3-8416-488cfac664eb/dj.sboowgda.jpg/600x600bb.jpg"
"1040","Hand In My Pocket","Jagged Little Pill","Alanis Morissette","1995","1037","1054","2025-09-12 13:19:38","https://is1-ssl.mzstatic.com/image/thumb/Music4/v4/8d/37/df/8d37df4b-3cb0-215b-da8c-f42d72a45549/603497885497.jpg/600x600bb.jpg"
"1041","I'm Shipping Up To Boston","The Warrior's Code","Dropkick Murphys","2005","885","875","2025-09-12 13:17:33","https://is1-ssl.mzstatic.com/image/thumb/Music116/v4/51/87/bd/5187bdfd-c95c-910f-cbd7-920886443c0d/0045778047260.png/600x600bb.jpg"
"1042","Everything","Pacifier","Shihad","2002","1400","945","2025-09-12 13:12:54","https://is1-ssl.mzstatic.com/image/thumb/Music124/v4/ff/ac/13/ffac13ff-d212-1f29-e175-948cec84bccc/190295035679.jpg/600x600bb.jpg"
"1043","Live and Let Die","Use Your Illusion I","Guns N' Roses","1991","737","800","2025-09-12 13:09:36","https://is1-ssl.mzstatic.com/image/thumb/Music112/v4/6a/e2/1f/6ae21fa9-c897-3be1-2967-50eefae22b93/06UMGIM05041.rgb.jpg/1000x1000bb.jpg"
"1044","The Bad Touch","Hooray For Boobies","Bloodhound Gang","1999","795","1039","2025-09-12 13:05:57","https://i.scdn.co/image/ab67616d0000b2735a64036bbe459aa6f3f0b18b"
"1045","Tourniquet","Antichrist Superstar","Marilyn Manson","1996","1462","1887","2025-09-12 13:01:05","https://is1-ssl.mzstatic.com/image/thumb/Music124/v4/27/c3/f4/27c3f4f6-89f8-9368-6a7b-4ffd4abcdea1/00602527220123.rgb.jpg/600x600bb.jpg"
"1046","Welcome To Paradise","Dookie","Green Day","1994","1136","1100","2025-09-12 12:53:05","https://is1-ssl.mzstatic.com/image/thumb/Music125/v4/88/83/e7/8883e74b-1b7c-0725-09de-21e4e00d54b5/093624915713.jpg/600x600bb.jpg"
"1047","Bad To The Bone","Bad to the Bone","George Thorogood","1982","1079","873","2025-09-12 12:48:09","https://is1-ssl.mzstatic.com/image/thumb/Music113/v4/fe/ce/51/fece5198-5cf8-3495-5f97-e138073263f9/19UMGIM73665.rgb.jpg/600x600bb.jpg"
"1048","The Freshmen","Villains","The Verve Pipe","1996","1228","1008","2025-09-12 12:43:09","https://is1-ssl.mzstatic.com/image/thumb/Features115/v4/3a/e2/82/3ae282e7-4699-2c5b-4d94-edd22e631d02/dj.lwjyqxep.jpg/600x600bb.jpg"
"1049","Territorial Pissings","Nevermind","Nirvana","1991","889","887","2025-09-12 12:37:12","https://external-preview.redd.it/PVilxGidbEIEbHZzpqAP6CR1S1RLAkxl0GZOOzqPuCc.png?width=640&crop=smart&auto=webp&s=beda8d43df83839f3c2d14e6644a8bc642bd49f8"
"1050","Overkill","Overkill","Motorhead","1979","1288","600","2025-09-12 12:31:41","https://is1-ssl.mzstatic.com/image/thumb/Music116/v4/1b/e9/e2/1be9e2a2-5b17-6daa-66f1-4f0c05b12575/4050538788907.jpg/1000x1000bb.jpg"
"1051","In The Meantime","Resident Alien","Spacehog","1996","1050","826","2025-09-12 12:26:26","https://is1-ssl.mzstatic.com/image/thumb/Music115/v4/07/90/9a/07909abb-c50e-16e0-e0e4-1231a0408345/s06.kmyxycpc.jpg/600x600bb.jpg"
"1052","Holiday","Glow On","Turnstile","2021","1165","1611","2025-09-12 12:22:55","https://is1-ssl.mzstatic.com/image/thumb/Music125/v4/bd/ed/05/bded05c9-3355-c885-3840-b9a4b427b118/075679792839.jpg/600x600bb.jpg"
"1053","Babe I'm Gonna Leave You","Led Zeppelin","Led Zeppelin","1969","1247","","2025-09-12 12:17:10","https://is1-ssl.mzstatic.com/image/thumb/Music115/v4/5c/15/9b/5c159b27-95ca-b9a7-84e3-28e795fffd39/dj.kvkrpptq.jpg/600x600bb.jpg"
"1054","Time Bomb","And Out Come The Wolves","Rancid","1995","1302","1156","2025-09-12 12:14:11","https://is1-ssl.mzstatic.com/image/thumb/Music116/v4/cd/92/ed/cd92eddc-3c7e-f0e5-06db-ac7fd4a511db/0045778744176.png/600x600bb.jpg"
"1055","Of Wolf And Man","Metallica (Black Album)","Metallica","1991","938","1174","2025-09-12 12:08:40","https://is1-ssl.mzstatic.com/image/thumb/Music125/v4/18/93/db/1893db5c-ddd1-b95c-3112-b9b83bcceab0/0093624986553.jpg/600x600bb.jpg"
"1056","Around The World","Californication","Red Hot Chili Peppers","1999","697","467","2025-09-12 12:06:01","https://is1-ssl.mzstatic.com/image/thumb/Music124/v4/4c/86/1d/4c861dab-5428-f3b7-8068-82bb69db5e89/093624932130.jpg/600x600bb.jpg"
"1057","Prayer of the Refugee","The Sufferer & the Witness","Rise Against","2006","1329","1825","2025-09-12 12:01:20","https://is1-ssl.mzstatic.com/image/thumb/Music114/v4/87/d3/7e/87d37ee6-ad9c-c676-9239-5f1651780001/00602537898824.rgb.jpg/600x600bb.jpg"
"1058","The Anthem","The Young And The Hopeless","Good Charlotte","2002","1286","886","2025-09-12 11:52:08","https://is1-ssl.mzstatic.com/image/thumb/Music115/v4/dd/f7/4e/ddf74e20-fce1-3a3d-ba39-397d9a3716df/mzi.dmfngvpi.jpg/600x600bb.jpg"
"1059","Walk This Way","Toys in the Attic","Aerosmith","1975","848","813","2025-09-12 11:49:13","https://is1-ssl.mzstatic.com/image/thumb/Music112/v4/18/6e/ff/186eff4f-effc-0422-51c0-aa813e92e67d/22UM1IM35694.rgb.jpg/600x600bb.jpg"
"1060","Out Of The Black","Royal Blood","Royal Blood","2014","1109","307","2025-09-12 11:43:59","https://i.scdn.co/image/ab67616d0000b2738c23906cd30a0564bcebb5e5"
"1061","Wicked Garden","Core","Stone Temple Pilots","1992","1042","912","2025-09-12 11:36:09","https://is1-ssl.mzstatic.com/image/thumb/Music128/v4/9c/c1/4d/9cc14ddd-fc63-58eb-d911-98de74825324/603497869275.jpg/600x600bb.jpg"
"1062","I Get Off","Halestorm","Halestorm","2009","910","768","2025-09-12 11:32:55","https://is1-ssl.mzstatic.com/image/thumb/Music125/v4/16/79/f1/1679f199-d5ae-d4b4-66f5-7425f4bfa22a/mzi.qqkfxhab.jpg/600x600bb.jpg"
"1063","My Friend Of Misery","Metallica (Black Album)","Metallica","1991","973","825","2025-09-12 11:25:43","https://is1-ssl.mzstatic.com/image/thumb/Music125/v4/18/93/db/1893db5c-ddd1-b95c-3112-b9b83bcceab0/0093624986553.jpg/600x600bb.jpg"
"1064","That Look In Your Eyes","Right First Time","Th' Dudes","1979","1164","1003","2025-09-12 11:20:17","https://is1-ssl.mzstatic.com/image/thumb/Music116/v4/8c/83/1d/8c831db3-d82e-6807-2fc0-ed02f4bbd691/9419569104417.png/600x600bb.jpg"
"1065","Think You're So Free","FVEY","Shihad","2014","1457","1179","2025-09-12 11:15:59","https://is1-ssl.mzstatic.com/image/thumb/Music1/v4/a0/35/dd/a035ddb8-c843-f9fa-665d-ebafaf81204f/5037300797182.jpg/600x600bb.jpg"
"1066","More Than You Know","One More Time...","Blink-182","2023","1923","","2025-09-12 11:13:41","https://is1-ssl.mzstatic.com/image/thumb/Music126/v4/0b/44/57/0b4457d2-b908-6eb6-0a17-a622d0913200/dj.rbgfyxfg.jpg/600x600bb.jpg"
"1067","Superbeast","Hellbilly Deluxe","Rob Zombie","1998","1202","1822","2025-09-12 11:08:22","https://is1-ssl.mzstatic.com/image/thumb/Music116/v4/57/a4/07/57a4070f-2d41-754b-90f1-ff14faa6133a/06UMGIM18800.rgb.jpg/600x600bb.jpg"
"1068","Let It Die","Echoes, Silence, Patience & Grace","Foo Fighters","2007","651","602","2025-09-12 11:04:00","https://is1-ssl.mzstatic.com/image/thumb/Music115/v4/1d/3a/32/1d3a32ba-d5a2-f2e6-ce98-276bb77adc6f/886971151626.jpg/600x600bb.jpg"
"1069","Every Breath You Take","Synchronicity","The Police","1983","1056","879","2025-09-12 11:00:25","https://is1-ssl.mzstatic.com/image/thumb/Music221/v4/91/22/4d/91224d23-76f8-0ca3-da49-41f9aeeba1d4/23UM1IM00741.rgb.jpg/600x600bb.jpg"
"1070","In Too Deep","All Killer, No Filler","Sum 41","2001","1160","812","2025-09-12 10:51:24","https://is1-ssl.mzstatic.com/image/thumb/Music122/v4/bd/32/bb/bd32bb0b-0bb4-88bb-f32a-9ff383579d54/06UMGIM15497.rgb.jpg/600x600bb.jpg"
"1071","Refugee","Damn the Torpedoes","Tom Petty and The Heartbreakers","1979","1187","1263","2025-09-12 10:48:32","https://is1-ssl.mzstatic.com/image/thumb/Music122/v4/95/c8/d5/95c8d554-d5af-4c45-0f01-b5e49d1a33e5/06UMGIM05167.rgb.jpg/600x600bb.jpg"
"1072","Pure Massacre","Frog Stomp","Silverchair","1994","762","760","2025-09-12 10:44:07","https://is1-ssl.mzstatic.com/image/thumb/Music115/v4/d5/4b/07/d54b073a-6422-3486-7545-557c5282a5ec/886445059557.jpg/600x600bb.jpg"
"1073","New California","The Midnight Demon Club","Highly Suspect","2022","603","","2025-09-12 10:37:02","https://is1-ssl.mzstatic.com/image/thumb/Music112/v4/59/7d/04/597d0463-5e2b-597c-2fa7-2e13b3946e54/075679740984.jpg/600x600bb.jpg"
"1074","Trippin' On A Hole In A Paper Heart","Tiny Music..Songs From The Vatican Giftshop","Stone Temple Pilots","1996","756","861","2025-09-12 10:34:52","https://cdn.mediaworks.nz/therock/images/songs/Stonetemplepilotstinymusic.jpeg"
"1075","Celebrity Skin","Celebrity Skin","Hole","1998","1035","980","2025-09-12 10:32:28","https://is1-ssl.mzstatic.com/image/thumb/Music115/v4/8e/16/87/8e16871e-270a-20f8-db2e-451b6e6749e7/00720642516423.rgb.jpg/600x600bb.jpg"
"1076","Rock And Roll Ain't Noise Pollution","Back In Black","AC/DC","1980","810","767","2025-09-12 10:27:43","https://is1-ssl.mzstatic.com/image/thumb/Music115/v4/1e/14/58/1e145814-281a-58e0-3ab1-145f5d1af421/886443673441.jpg/600x600bb.jpg"
"1077","12:51","Room on Fire","The Strokes","2003","1835","1327","2025-09-12 10:24:51","https://is1-ssl.mzstatic.com/image/thumb/Music124/v4/f7/e9/2a/f7e92a48-0e20-8286-bbbf-80bd85fbb1af/mzi.gcledsjj.jpg/600x600bb.jpg"
"1078","Two Out Of Three Ain't Bad","Bat Out Of Hell","Meatloaf","1977","854","665","2025-09-12 10:18:49","https://is1-ssl.mzstatic.com/image/thumb/Music125/v4/cd/90/b5/cd90b5c4-9379-92ae-da01-4b27ea00697b/886443775787.jpg/600x600bb.jpg"
"1079","Weak And Powerless","Thirteenth Step","A Perfect Circle","2003","1130","1266","2025-09-12 10:16:20","https://is1-ssl.mzstatic.com/image/thumb/Music113/v4/1a/d1/f3/1ad1f325-3f3f-d8c1-dcc8-f1a6ffd8b326/13UMGIM85765.rgb.jpg/600x600bb.jpg"
"1080","Working Class Hero","Instant Karma: The Amnesty International Campaign To Save Darfur","Green Day","2007","1414","1019","2025-09-12 10:11:30","https://upload.wikimedia.org/wikipedia/en/f/fc/John-Lennon-Darfur-v2.jpg"
"1081","Down Under","Business as Usual","Men At Work","1981","859","690","2025-09-12 10:08:05","https://is1-ssl.mzstatic.com/image/thumb/Features115/v4/80/07/23/80072391-3543-cdb9-e298-08d5f0595f41/dj.uyepaoyc.jpg/600x600bb.jpg"
"1082","Hanging By A Moment","No Name Face","Lifehouse","2000","1382","","2025-09-12 10:04:33","https://is1-ssl.mzstatic.com/image/thumb/Music125/v4/28/f1/1f/28f11f2c-bea1-7b4f-a872-1d25c61086ef/00602527333472.rgb.jpg/600x600bb.jpg"
"1083","Eyes Red Heavy","RED","Devilskin","2020","620","504","2025-09-12 09:59:29","https://is1-ssl.mzstatic.com/image/thumb/Music116/v4/dd/e9/98/dde998f9-ad0d-5ede-178e-4e356ebbd003/9420058742409.png/1000x1000bb.jpg"
"1084","Orange Crush","Green","R.E.M","1988","1077","1256","2025-09-12 09:51:01","https://is1-ssl.mzstatic.com/image/thumb/Music124/v4/4b/25/78/4b2578c0-eab0-fd43-743b-9a757e5a8b24/00888072396098.rgb.jpg/600x600bb.jpg"
"1085","Take It Or Leave It","Powder Chutes","Powder Chutes","2025","DEBUT","","2025-09-12 09:48:31","https://cdn.mediaworks.nz/therock/images/songs/a3366901771_10.jpg"
"1086","You Don't Know How It Feels","Wildflowers","Tom Petty and The Heartbreakers","1994","897","609","2025-09-12 09:43:22","https://is1-ssl.mzstatic.com/image/thumb/Music115/v4/a0/04/20/a004206c-6830-2f4d-a99d-595b4964666d/093624937456.jpg/1000x1000bb.jpg"
"1087","Claudeland","Mister Asylum","Highly Suspect","2015","522","1258","2025-09-12 09:34:02","https://is1-ssl.mzstatic.com/image/thumb/Music124/v4/03/fa/34/03fa3470-4eb9-b17a-dbb9-ee234a0c39a5/857561005322.jpg/600x600bb.jpg"
"1088","Edie (Ciao Baby)","Sonic Temple","The Cult","1989","1060","1289","2025-09-12 09:30:39","https://is1-ssl.mzstatic.com/image/thumb/Music122/v4/74/8f/87/748f8767-1bc2-49ab-50c6-f106afb73d22/607618009809.png/600x600bb.jpg"
"1089","Another Way To Die","Asylum","Disturbed","2010","1230","711","2025-09-12 09:26:37","https://is1-ssl.mzstatic.com/image/thumb/Music5/v4/d2/a4/bc/d2a4bcac-25c6-9187-d66a-20dc97ba9c56/093624923336.jpg/600x600bb.jpg"
"1090","You Can't Always Get What You Want","Let It Bleed","The Rolling Stones","1969","1459","1338","2025-09-12 09:18:36","https://is1-ssl.mzstatic.com/image/thumb/Music115/v4/69/64/67/696467fe-9ed1-b65e-1016-a10d07e6464d/20UMGIM14087.rgb.jpg/600x600bb.jpg"
"1091","Wait And See","The General Electric","Shihad","1999","1419","1556","2025-09-12 09:12:41","https://is1-ssl.mzstatic.com/image/thumb/Music124/v4/39/00/d8/3900d8ae-9edd-ac0c-0649-e37078747ece/685738082124.jpg/600x600bb.jpg"
"1092","Outlook For Thursday","Single Only","DD Smash","1983","1092","1142","2025-09-12 09:08:57","https://cdn.mediaworks.nz/therock/images/songs/LTk5NzguanBlZw.jpeg"
"1093","Screaming Suicide","72 Seasons","Metallica","2023","872","496","2025-09-12 09:03:33","https://is1-ssl.mzstatic.com/image/thumb/Music126/v4/f7/50/56/f75056b7-d390-d215-51c5-3695dc6fe468/810083961095.png/600x600bb.jpg"
"1094","Stop Draggin' My Heart","Bella Donna","Stevie Nicks and Tom Petty","1981","662","437","2025-09-12 08:52:15","https://cdn.mediaworks.nz/therock/images/songs/ab67616d0000b273af14d74d5e308ce2f3ec22f8.jpg"
"1095","The Steeple","Back from the Dead","Halestorm","2022","1291","1041","2025-09-12 08:47:47","https://is1-ssl.mzstatic.com/image/thumb/Music126/v4/2d/31/14/2d3114a1-bee9-5673-b5de-9edcce12ea1e/075679777539.jpg/600x600bb.jpg"
"1096","God's Gonna Cut You Down","American V: A Hundred Highways","Johnny Cash","2006","1040","894","2025-09-12 08:37:18","https://is1-ssl.mzstatic.com/image/thumb/Music128/v4/65/0a/73/650a730d-9108-11e6-46fe-efea648207b5/00602537351183.rgb.jpg/600x600bb.jpg"
"1097","Chelsea Dagger","Costello Music","The Fratellis","2006","1120","1044","2025-09-12 08:34:23","https://is1-ssl.mzstatic.com/image/thumb/Music124/v4/ea/82/10/ea821036-3ef3-da6d-5b98-420968cbf86b/00602498472439.rgb.jpg/600x600bb.jpg"
"1098","Gimme All Your Lovin'","Eliminator","ZZ Top","1983","1240","1146","2025-09-12 08:29:07","https://is1-ssl.mzstatic.com/image/thumb/Music116/v4/2d/1b/df/2d1bdf1c-e8bc-8361-a800-0f13ba944ad3/0603497921461.jpg/600x600bb.jpg"
"1099","Polly","Nevermind","Nirvana","1991","1182","956","2025-09-12 08:27:16","https://external-preview.redd.it/PVilxGidbEIEbHZzpqAP6CR1S1RLAkxl0GZOOzqPuCc.png?width=640&crop=smart&auto=webp&s=beda8d43df83839f3c2d14e6644a8bc642bd49f8"
"1100","Walking On The Moon","Reggata de Blanc","The Police","1979","1096","1214","2025-09-12 08:17:44","https://upload.wikimedia.org/wikipedia/en/a/a9/Police-album-reggattadeblanc.jpg"
"1101","Hash Pipe","Weezer (The Green Album)","Weezer","2001","1039","1115","2025-09-12 08:14:21","https://is1-ssl.mzstatic.com/image/thumb/Music115/v4/fc/ef/19/fcef196c-3f81-e9da-f02a-b55d900e7d69/16UMGIM53162.rgb.jpg/600x600bb.jpg"
"1102","No Second Prize","Bodyswerve","Jimmy Barnes","1984","882","549","2025-09-12 08:07:42","https://is1-ssl.mzstatic.com/image/thumb/Music/v4/0f/0a/9f/0f0a9fca-e44b-79d7-1533-88040cf4a152/Bodyswerve.jpg/600x600bb.jpg"
"1103","Make Me Wanna Die","The Pretty Reckless E.P","The Pretty Reckless","2010","1106","772","2025-09-12 08:03:55","https://is1-ssl.mzstatic.com/image/thumb/Music128/v4/bd/b4/64/bdb46455-6d96-6407-f7c4-b6e795bc04fd/00602527448954.rgb.jpg/600x600bb.jpg"
"1104","Rockin' In The Free World","Freedom","Neil Young","1989","1324","1674","2025-09-11 16:54:20","https://is1-ssl.mzstatic.com/image/thumb/Music115/v4/64/5f/36/645f3612-b2ba-8cf1-c814-cb9d3a2216c5/dj.lmxzvmtb.jpg/600x600bb.jpg"
"1105","The Distance","Fashion Nugget","Cake","1996","1787","","2025-09-11 16:51:49","https://is1-ssl.mzstatic.com/image/thumb/Music122/v4/a6/3e/e1/a63ee10f-ca5b-d7f7-f654-f8ffb28d268b/614223286723.jpg/600x600bb.jpg"
"1106","K","Get In The Club","The Tutts","2008","822","717","2025-09-11 16:47:43","https://is1-ssl.mzstatic.com/image/thumb/Music128/v4/1e/2f/dc/1e2fdcec-3c41-3655-d637-cfdb237d530c/0885014865452.png/600x600bb.jpg"
"1107","Gasoline","Audioslave","Audioslave","2002","1063","1286","2025-09-11 16:36:44","https://is1-ssl.mzstatic.com/image/thumb/Features115/v4/9c/b6/c2/9cb6c246-3626-7789-26a9-79b787e5668d/dj.owymmnty.jpg/600x600bb.jpg"
"1108","Peaches","The Presidents Of The USA","The Presidents Of The United States Of America","1995","850","656","2025-09-11 16:32:45","https://upload.wikimedia.org/wikipedia/en/4/4c/The_Presidents_of_the_United_States_of_America-The_Presidents_of_the_United_States_of_America.jpg"
"1109","Slide","Dizzy Up the Girl","Goo Goo Dolls","1998","1930","","2025-09-11 16:30:14","https://is1-ssl.mzstatic.com/image/thumb/Music115/v4/2c/13/18/2c131801-00af-58b1-3cc2-13abf4ad5416/093624919162.jpg/600x600bb.jpg"
"1110","Personal Jesus","Lest We Forget","Marilyn Manson","2004","1085","1071","2025-09-11 16:24:18","https://is1-ssl.mzstatic.com/image/thumb/Music114/v4/e1/04/0a/e1040a03-80b5-333a-a44f-6a7e5b57082d/00602498639047.rgb.jpg/600x600bb.jpg"
"1111","Billie Jean","Carry On","Chris Cornell","2007","1021","1236","2025-09-11 16:20:13","https://encrypted-tbn0.gstatic.com/images?q=tbn:ANd9GcS2CrrtlLraFnCmIlba2W1asuj0e5xAhOwadw&s"
"1112","Dance, Kid, Dance","Three Six Five / Dance, Kid, Dance","Shinedown","2025","DEBUT","","2025-09-11 16:14:48","https://cdn.mediaworks.nz/therock/images/songs/075679622822.jpg"
"1113","Tweeter And The Monkey Man","Travelling Wilburys Vol. 1","Traveling Wilburys","1988","1074","1035","2025-09-11 16:08:40","https://upload.wikimedia.org/wikipedia/en/thumb/3/37/TravWilb1Cover.jpg/220px-TravWilb1Cover.jpg"
"1114","45","Handwritten","The Gaslight Anthem","2012","RE-ENTRY","","2025-09-11 16:05:34","https://cdn.mediaworks.nz/therock/images/songs/45_400_gaslight_anthem.jpg"
"1115","High Hopes","The Division Bell","Pink Floyd","1994","955","867","2025-09-11 15:52:22","https://is1-ssl.mzstatic.com/image/thumb/Music125/v4/c6/49/fc/c649fc21-4c65-d55d-71a4-dac0c39e7a56/886445627572.jpg/600x600bb.jpg"
"1116","Boom","Satellite","P.O.D.","2001","906","920","2025-09-11 15:49:19","https://is1-ssl.mzstatic.com/image/thumb/Music125/v4/8c/47/17/8c4717ac-02d4-10ed-556a-643f6a5c1149/mzi.cvvcmtpu.jpg/600x600bb.jpg"
"1117","One Tree Hill","The Joshua Tree","U2","1987","1119","1252","2025-09-11 15:36:16","https://is1-ssl.mzstatic.com/image/thumb/Music115/v4/8f/e2/c3/8fe2c384-f6cb-9af7-371d-2b6a9b204e59/17UMGIM79292.rgb.jpg/600x600bb.jpg"
"1118","Swerve City","Koi No Yokan","Deftones","2012","1100","1104","2025-09-11 15:32:25","https://is1-ssl.mzstatic.com/image/thumb/Music124/v4/0f/b0/5a/0fb05adc-3847-4e07-3fe7-3cf9eb898e4d/093624946793.jpg/600x600bb.jpg"
"1119","Pressure Man","Supersystem","The Feelers","1998","1193","1058","2025-09-11 15:27:54","https://is1-ssl.mzstatic.com/image/thumb/Music111/v4/8d/fc/5d/8dfc5d8c-35c0-0abe-0ec0-4f4c0bf98e72/825646967711.jpg/600x600bb.jpg"
"1120","Six Feet Deep","Keep Me Fed","The Warning","2024","DEBUT","","2025-09-11 15:24:55","https://cdn.mediaworks.nz/therock/images/songs/24UMGIM20617.rgb.jpg"
"1121","Unwell","More Than You Think You are","Matchbox 20","2002","873","916","2025-09-11 15:16:48","https://is1-ssl.mzstatic.com/image/thumb/Music125/v4/51/53/5a/51535acc-8ae7-f179-dcc1-5ebb9793563c/075679957559.jpg/600x600bb.jpg"
"1122","Descending","Fear Inoculum","Tool","2019","661","718","2025-09-11 15:05:04","https://is1-ssl.mzstatic.com/image/thumb/Music125/v4/fe/44/10/fe44109b-9bb0-8219-541b-dae56dd9af01/886447895856.jpg/600x600bb.jpg"
"1123","Starlight","Black Holes And Revelations","Muse","2006","928","860","2025-09-11 14:53:53","https://is1-ssl.mzstatic.com/image/thumb/Music124/v4/4a/c1/5d/4ac15dc9-2ae6-1d5b-3add-43bae227f941/825646095452.jpg/1000x1000bb.jpg"
"1124","Armageddon It","Hysteria","Def Leppard","1987","1145","1219","2025-09-11 14:48:38","https://is1-ssl.mzstatic.com/image/thumb/Music115/v4/0f/76/fa/0f76fa8d-8341-c0af-84d8-543b9193c728/17UM1IM41552.rgb.jpg/600x600bb.jpg"
"1125","Alive","Love Is The New Hate","Shihad","2005","RE-ENTRY","1222","2025-09-11 14:44:13","https://i.scdn.co/image/ab67616d0000b2730ab24b956a04eace4df9a17c"
"1126","Shout At The Devil","Shout At The Devil","Motley Crue","1983","1141","1005","2025-09-11 14:36:57","https://is1-ssl.mzstatic.com/image/thumb/Music126/v4/0a/80/11/0a8011c7-c1ea-cd65-9d5f-fabe2b6a0449/4050538778755.jpg/600x600bb.jpg"
"1127","The Lost Art Of Keeping A Secret","Rated R","Queens Of The Stone Age","2000","827","979","2025-09-11 14:33:08","https://is1-ssl.mzstatic.com/image/thumb/Music114/v4/87/b4/aa/87b4aab6-8d32-5001-546d-71d829af1a12/00602527472270.rgb.jpg/600x600bb.jpg"
"1128","Rock You Like A Hurricane","Love at First Sting","Scorpions","1984","1180","904","2025-09-11 14:29:00","https://images.genius.com/911c47710250feb177e432521349aa87.450x450x1.jpg"
"1129","Living on the 110","Prophets Of Rage","Prophets Of Rage","2017","820","550","2025-09-11 14:24:07","https://is1-ssl.mzstatic.com/image/thumb/Music115/v4/6c/4a/e6/6c4ae67e-7b5d-ee9c-3393-43a6c40d59c6/00888072032798.rgb.jpg/1000x1000bb.jpg"
"1130","Squealer","Dirty Deeds Done Dirt Cheap","AC/DC","1976","1110","1205","2025-09-11 14:19:44","https://is1-ssl.mzstatic.com/image/thumb/Music125/v4/51/b1/f7/51b1f7d1-f157-39b1-f850-e08e5206ff63/886443673489.jpg/600x600bb.jpg"
"1131","Fluorescent Adolescent","Favourite Worst Nightmare","Arctic Monkeys","2007","1226","1048","2025-09-11 14:16:28","https://is1-ssl.mzstatic.com/image/thumb/Music124/v4/82/90/14/829014ad-a301-62ab-bee6-f4cca4457411/mzi.hozudery.jpg/600x600bb.jpg"
"1132","Stellar","Make Yourself","Incubus","1999","1540","","2025-09-11 14:13:53","https://is1-ssl.mzstatic.com/image/thumb/Music125/v4/dd/a4/c1/dda4c166-da07-ba22-60e4-499b477c6e77/mzi.ffqrqnqb.jpg/600x600bb.jpg"
"1133","Dominion Road","The Mutton Birds","The Mutton Birds","1992","1127","1851","2025-09-11 14:08:32","https://is1-ssl.mzstatic.com/image/thumb/Music221/v4/14/16/be/1416be4e-8751-423e-528b-c88ab636dd2c/0724382826125.png/600x600bb.jpg"
"1134","Whiplash","Kill 'Em All","Metallica","1983","1782","1770","2025-09-11 14:04:45","https://is1-ssl.mzstatic.com/image/thumb/Features124/v4/73/06/19/73061928-34a2-6462-963a-039203d507fe/dj.cloeijsr.png/600x600bb.jpg"
"1135","Photograph","Pyromania","Def Leppard","1983","936","1040","2025-09-11 13:59:47","https://is1-ssl.mzstatic.com/image/thumb/Music124/v4/99/ef/71/99ef71ff-eaea-7bb7-c479-c079f14b0a5b/17UM1IM41551.rgb.jpg/600x600bb.jpg"
"1136","I Don't Like The Drugs (But The Drugs Like Me)","Mechanical Animals","Marilyn Manson","1998","738","787","2025-09-11 13:50:23","https://i.pinimg.com/originals/78/88/37/78883762d79a263569dc6fbd5c6069cc.jpg"
"1137","Larger Than Life","Playground Battle","The Feelers","2003","821","836","2025-09-11 13:47:25","https://is1-ssl.mzstatic.com/image/thumb/Features/v4/fe/45/c1/fe45c1f2-2b3b-3079-971f-044e604ca477/dj.uqwbwvmx.jpg/600x600bb.jpg"
"1138","Solway Firth","We Are Not Your Kind","Slipknot","2019","1555","1820","2025-09-11 13:41:50","https://is1-ssl.mzstatic.com/image/thumb/Music125/v4/f6/eb/9c/f6eb9cc6-91a4-a723-de7a-08bd45d483b0/016861741006.jpg/600x600bb.jpg"
"1139","Tell Me Baby","Stadium Arcadium","Red Hot Chili Peppers","2006","1624","1480","2025-09-11 13:33:07","https://is1-ssl.mzstatic.com/image/thumb/Music5/v4/5e/49/35/5e493511-d87b-5aa2-b379-30fffbae902b/093624932154.jpg/600x600bb.jpg"
"1140","We're Not Gonna Take It","Stay Hungry","Twisted Sister","1984","1137","1074","2025-09-11 13:30:11","https://is1-ssl.mzstatic.com/image/thumb/Music125/v4/95/fd/92/95fd92eb-1d33-2213-f78d-ac4bffc04bac/603497879861.jpg/600x600bb.jpg"
"1141","Safari Song","Black Smoke Rising","Greta Van Fleet","2017","788","797","2025-09-11 13:26:10","https://upload.wikimedia.org/wikipedia/en/b/bc/Greta_Van_Fleet_Black_Smoke_Rising.jpg"
"1142","Alive","Satellite","P.O.D.","2001","1211","1321","2025-09-11 13:22:04","https://is1-ssl.mzstatic.com/image/thumb/Music125/v4/8c/47/17/8c4717ac-02d4-10ed-556a-643f6a5c1149/mzi.cvvcmtpu.jpg/600x600bb.jpg"
"1143","A Kind Of Magic","A Kind of Magic","Queen","1986","1212","1068","2025-09-11 13:17:01","https://is1-ssl.mzstatic.com/image/thumb/Music115/v4/0e/8b/cf/0e8bcffc-0d50-f0ac-a853-6adf07b7042e/14DMGIM05613.rgb.jpg/600x600bb.jpg"
"1144","Burn It Down","Living Things","Linkin Park","2012","1095","1778","2025-09-11 13:13:20","https://is1-ssl.mzstatic.com/image/thumb/Features115/v4/ae/96/55/ae965544-a29d-5355-910a-1cc14dab7542/contsched.ltemslzy.jpg/600x600bb.jpg"
"1145","Let Me Breathe","Let Me Breathe","Devilskin","2023","1218","1635","2025-09-11 13:10:08","https://is1-ssl.mzstatic.com/image/thumb/Music211/v4/e1/63/9c/e1639cfe-435d-6bd4-d0b6-d362dd5c2010/9420076409087.png/600x600bb.jpg"
"1146","Loser","Mellow Gold","Beck","1994","911","1046","2025-09-11 13:08:09","https://i.discogs.com/bs8uA8wFAbZfDoaZjJH9SjgbGmR9qAPV0VHCaJ-sa3w/rs:fit/g:sm/q:90/h:600/w:600/czM6Ly9kaXNjb2dz/LWRhdGFiYXNlLWlt/YWdlcy9SLTEyNjMx/NzAtMTMwOTg5NDk0/OC5qcGVn.jpeg"
"1147","Anthem For The Year 2000","Neon Ballroom","Silverchair","1999","1022","1173","2025-09-11 13:02:20","https://is1-ssl.mzstatic.com/image/thumb/Music124/v4/2f/20/23/2f202398-e7b7-715f-2a1c-c42d1092edc2/mzi.fcbroobd.jpg/600x600bb.jpg"
"1148","Sex And Candy","Marcys Playground","Marcy Playground","1997","1171","855","2025-09-11 12:54:32","https://is1-ssl.mzstatic.com/image/thumb/Music115/v4/57/ce/c3/57cec344-c03a-db04-c03f-c387bbcacae5/13UABIM59219.rgb.jpg/600x600bb.jpg"
"1149","Disposable Heroes","Master Of Puppets","Metallica","1986","779","1433","2025-09-11 12:46:13","https://is1-ssl.mzstatic.com/image/thumb/Music118/v4/69/f9/05/69f905ed-ff04-58a2-8de2-1b5338745f19/858978005226.png/600x600bb.jpg"
"1150","Chemical Heart","New Detention","Grinspoon","2002","1465","1646","2025-09-11 12:37:34","https://is1-ssl.mzstatic.com/image/thumb/Music115/v4/80/23/cd/8023cdf7-688c-c345-bd07-0446371640b6/00602547654885.rgb.jpg/600x600bb.jpg"
"1151","Urutaa","Tu","Alien Weaponry","2018","1236","1295","2025-09-11 12:33:07","https://is1-ssl.mzstatic.com/image/thumb/Music62/v4/fa/05/90/fa05906f-4f3c-0677-5dd0-2ab09b878ed0/840588116683.jpg/1000x1000bb.jpg"
"1152","Eagle Rock","Daddy Who? Daddy Cool","Daddy Cool","1971","1370","1029","2025-09-11 12:28:47","https://is1-ssl.mzstatic.com/image/thumb/Music123/v4/2c/8a/4e/2c8a4e66-e049-c16b-7302-f074dcde7389/artwork.jpg/1000x1000bb.jpg"
"1153","Under You","But Here We Are","Foo Fighters","2023","430","146","2025-09-11 12:24:22","https://is1-ssl.mzstatic.com/image/thumb/Music126/v4/50/41/c9/5041c992-e078-77c1-442a-ff896abd59db/196871063197.jpg/600x600bb.jpg"
"1154","Breaking The Law","British Steel","Judas Priest","1980","1233","1124","2025-09-11 12:21:43","https://is1-ssl.mzstatic.com/image/thumb/Music3/v4/3e/ce/c7/3ecec7e6-66a3-7ca8-d70f-5a4512aa21ba/dj.stjulnox.jpg/600x600bb.jpg"
"1155","Smooth Sailing","Like Clockwork","Queens Of The Stone Age","2013","732","927","2025-09-11 12:17:35","https://is1-ssl.mzstatic.com/image/thumb/Music126/v4/0c/73/3c/0c733c12-fc9a-bb06-da19-9f25d7c99050/744861104063.png/600x600bb.jpg"
"1156","Just","The Bends","Radiohead","1995","1221","1409","2025-09-11 12:13:23","https://is1-ssl.mzstatic.com/image/thumb/Music126/v4/1b/a9/5c/1ba95cac-b245-d386-63fb-6b857aa9dce8/634904078065.png/600x600bb.jpg"
"1157","Song #3","Hydrograd","Stone Sour","2017","1004","1197","2025-09-11 12:08:57","https://is1-ssl.mzstatic.com/image/thumb/Music115/v4/db/ca/fc/dbcafc5a-0a92-753b-4d18-9d3e19233474/016861745431.jpg/600x600bb.jpg"
"1158","Great Gig In The Sky","The Dark Side of the Moon","Pink Floyd","1973","902","568","2025-09-11 12:04:35","https://is1-ssl.mzstatic.com/image/thumb/Music115/v4/3c/1b/a9/3c1ba9e1-15b1-03b3-3bfd-09dbd9f1705b/dj.mggvbaou.jpg/600x600bb.jpg"
"1159","Ain't My Bitch","Load","Metallica","1996","1215","1725","2025-09-11 11:53:47","https://is1-ssl.mzstatic.com/image/thumb/Music124/v4/4f/25/da/4f25da69-51a3-03da-5cf5-fa50eb455cb9/0093624986546.jpg/600x600bb.jpg"
"1160","My Immortal","Fallen","Evanescence","2003","1668","","2025-09-11 11:49:49","https://is1-ssl.mzstatic.com/image/thumb/Music115/v4/10/4c/21/104c21e6-9ef0-4d3a-d1bd-d47167f121e5/00601501406300.rgb.jpg/600x600bb.jpg"
"1161","Smoke Two Joints","40 Oz. To Freedom","Sublime","1992","787","745","2025-09-11 11:45:24","https://is1-ssl.mzstatic.com/image/thumb/Music116/v4/e1/2b/fd/e12bfd3d-c621-5e4f-189d-bbff16314080/06UMGIM02702.rgb.jpg/1000x1000bb.jpg"
"1162","Angel's Son","Animosity","Sevendust","2001","1486","1131","2025-09-11 11:38:09","https://is1-ssl.mzstatic.com/image/thumb/Music3/v4/f1/8a/ed/f18aed2b-5200-3132-5593-b59997d6fdc0/dj.juuefzkc.jpg/600x600bb.jpg"
"1163","I See Red","Frenzy","Split Enz","1981","1407","1599","2025-09-11 11:33:32","https://upload.wikimedia.org/wikipedia/en/9/9a/Frenzy-enz.jpg"
"1164","D.O.A.","In Your Honor","Foo Fighters","2005","991","712","2025-09-11 11:30:02","https://is1-ssl.mzstatic.com/image/thumb/Music124/v4/36/0c/34/360c3405-0a45-a006-7664-115f42fe283e/mzi.ytrcscra.jpg/600x600bb.jpg"
"1165","Jack and Dianne","American Fool","John Mellencamp","1982","1508","1585","2025-09-11 11:26:01","https://upload.wikimedia.org/wikipedia/en/2/2c/JC_American_Fool.jpg"
"1166","Want You Bad","Conspiracy Of One","The Offspring","2000","1191","1063","2025-09-11 11:21:36","https://is1-ssl.mzstatic.com/image/thumb/Music114/v4/e1/b7/16/e1b716c5-4c91-da68-b298-c686175e56a4/00602557270969.rgb.jpg/600x600bb.jpg"
"1167","Heart Of Gold","Harvest","Neil Young","1972","1225","1665","2025-09-11 11:18:48","https://is1-ssl.mzstatic.com/image/thumb/Music115/v4/ad/2b/57/ad2b57c5-78cf-741f-3f60-b61ecfcd5d00/s07.myunuhwl.jpg/600x600bb.jpg"
"1168","Let it Die","Scream","Ozzy Osbourne","2010","RE-ENTRY","","2025-09-11 11:14:42","https://cdn.mediaworks.nz/therock/images/songs/let_it_die_400_ozzy_osbourne.jpg"
"1169","Ruby Soho","And Out Come The Wolves","Rancid","1995","1134","1395","2025-09-11 11:11:03","https://is1-ssl.mzstatic.com/image/thumb/Music116/v4/cd/92/ed/cd92eddc-3c7e-f0e5-06db-ac7fd4a511db/0045778744176.png/600x600bb.jpg"
"1170","Smooth","Supernatural","Santana ft Rob Thomas","1999","895","779","2025-09-11 11:06:50","https://upload.wikimedia.org/wikipedia/en/7/7f/Santana_-_Supernatural_-_CD_album_cover.jpg"
"1171","Cover Me","Candlebox","Candlebox","1993","1029","788","2025-09-11 11:02:29","https://is1-ssl.mzstatic.com/image/thumb/Music125/v4/1f/21/9d/1f219d66-2298-0bf9-97f2-b26af580793e/mzm.nssvbgfk.jpg/600x600bb.jpg"
"1172","You And Me","Alice By The Moon","The Checks","2009","963","1085","2025-09-11 10:54:33","https://is1-ssl.mzstatic.com/image/thumb/Music/e7/e9/70/mzi.tgobljvr.jpg/600x600bb.jpg"
"1173","Good Times Roll","The Cars","The Cars","1978","1287","1810","2025-09-11 10:51:21","https://is1-ssl.mzstatic.com/image/thumb/Music125/v4/6b/3c/1d/6b3c1d3e-46a3-d0ac-e386-c2e60c8c8f49/mzm.hdqcumzx.jpg/600x600bb.jpg"
"1174","Nowhere To Run","Can We Please Have Fun","Kings Of Leon","2024","1999","","2025-09-11 10:46:45","https://is1-ssl.mzstatic.com/image/thumb/Music211/v4/dc/2c/f6/dc2cf60b-6420-983d-1138-21f97c1ccd9d/24UMGIM12739.rgb.jpg/600x600bb.jpg"
"1175","What's My Scene","Blow Your Cool","Hoodoo Gurus","1987","1625","","2025-09-11 10:38:24","https://is1-ssl.mzstatic.com/image/thumb/Music/11/cc/21/mzi.nepwiuir.jpg/600x600bb.jpg"
"1176","Wet Rubber","HLAH IV: Are You Gonna Kiss It or Shoot It?","Head Like A Hole","1998","1163","1082","2025-09-11 10:33:51","https://is1-ssl.mzstatic.com/image/thumb/Music116/v4/5b/e0/b3/5be0b3c5-8687-9d68-4d80-9710792733db/7432163495240.png/600x600bb.jpg"
"1177","Angie","Goats Head Soup","The Rolling Stones","1973","1273","1610","2025-09-11 10:29:17","https://is1-ssl.mzstatic.com/image/thumb/Music124/v4/ef/38/ab/ef38ab4c-2a84-7a8b-71c0-aebb006d856f/20UMGIM56409.rgb.jpg/600x600bb.jpg"
"1178","Shout (2000)","The Sickness","Disturbed","2000","1142","1176","2025-09-11 10:24:40","https://is1-ssl.mzstatic.com/image/thumb/Music125/v4/64/41/b4/6441b43f-6aad-4ac6-e262-1522459f9a4e/mzm.hmsfpetk.jpg/600x600bb.jpg"
"1179","Ana's Song (Open Fire)","Neon Ballroom","Silverchair","1999","1270","1411","2025-09-11 10:21:01","https://is1-ssl.mzstatic.com/image/thumb/Music124/v4/2f/20/23/2f202398-e7b7-715f-2a1c-c42d1092edc2/mzi.fcbroobd.jpg/600x600bb.jpg"
"1180","People Of The Sun","Evil Empire","Rage Against The Machine","1996","1013","1051","2025-09-11 10:18:39","https://is1-ssl.mzstatic.com/image/thumb/Music115/v4/42/d6/50/42d6501c-85bf-9929-9fa1-ba8ddecb80b1/884977724905.jpg/600x600bb.jpg"
"1181","Holy Grail","Cut","Hunters & Collectors","1992","1166","997","2025-09-11 10:15:20","https://upload.wikimedia.org/wikipedia/en/5/59/Huntercut.jpg"
"1182","Shot In The Dark","The Ultimate Sin","Ozzy Osbourne","1986","DEBUT","","2025-09-11 10:12:08","https://encrypted-tbn0.gstatic.com/images?q=tbn:ANd9GcSc4TINqTEa8beapTIf9jc4lYNti0AonvSF9w&s"
"1183","Motel Pool","Motel Pool","Racing","2017","840","936","2025-09-11 10:06:01","https://is1-ssl.mzstatic.com/image/thumb/Music128/v4/dd/e7/83/dde783c2-a28c-facb-b4c4-a1a1a7a42208/faf.jpg/600x600bb.jpg"
"1184","Need You Tonight","Kick","INXS","1987","1255","975","2025-09-11 10:03:16","https://is1-ssl.mzstatic.com/image/thumb/Music116/v4/04/ca/65/04ca65d0-c796-3f9b-0446-f013dfc1a8d9/603497838899.jpg/600x600bb.jpg"
"1185","Island In The Sun","Weezer (The Green Album)","Weezer","2001","901","872","2025-09-11 09:54:55","https://is1-ssl.mzstatic.com/image/thumb/Music115/v4/fc/ef/19/fcef196c-3f81-e9da-f02a-b55d900e7d69/16UMGIM53162.rgb.jpg/600x600bb.jpg"
"1186","Die, Die My Darling","Garage Inc","Metallica","1998","1124","657","2025-09-11 09:52:50","https://is1-ssl.mzstatic.com/image/thumb/Music125/v4/ec/2f/09/ec2f0972-db2a-ef0d-52eb-7167fee36d5a/0075596229968.jpg/600x600bb.jpg"
"1187","Everyday's A Saturday","Love & Disrespect","Elemeno P","2003","1246","1661","2025-09-11 09:44:41","https://is1-ssl.mzstatic.com/image/thumb/Music128/v4/d7/68/27/d76827f8-8a87-d73c-9306-cc2211e9d7d1/00602498091180.rgb.jpg/600x600bb.jpg"
"1188","No Quarter","Houses of the Holy","Led Zeppelin","1973","839","949","2025-09-11 09:39:22","https://cdn.mediaworks.nz/therock/images/songs/led-zeppelin-angel-logo.jpeg"
"1189","Time Is Running Out","Absolution","Muse","2003","1083","874","2025-09-11 09:35:17","https://is1-ssl.mzstatic.com/image/thumb/Music126/v4/4a/73/ab/4a73abdf-1d55-b3fe-484d-e023a507428e/5054197904233.jpg/1000x1000bb.jpg"
"1190","Sweet Soul Sister","Sonic Temple","The Cult","1989","1260","1403","2025-09-11 09:31:05","https://is1-ssl.mzstatic.com/image/thumb/Music122/v4/74/8f/87/748f8767-1bc2-49ab-50c6-f106afb73d22/607618009809.png/600x600bb.jpg"
"1191","Find Me","Walls","Kings Of Leon","2016","914","955","2025-09-11 09:27:32","https://is1-ssl.mzstatic.com/image/thumb/Music124/v4/e0/f8/fd/e0f8fda0-a669-4b92-2d65-875d66d82ddc/886446009971.jpg/600x600bb.jpg"
"1192","Cryin'","Get A Grip","Aerosmith","1993","1326","1605","2025-09-11 09:22:01","https://is1-ssl.mzstatic.com/image/thumb/Music126/v4/8b/04/87/8b048775-ed10-439d-18a6-5ecb21effcf8/06UMGIM14760.rgb.jpg/600x600bb.jpg"
"1193","The Call Of Ktulu","Ride The Lightning","Metallica","1984","1613","1102","2025-09-11 09:13:00","https://is1-ssl.mzstatic.com/image/thumb/Features125/v4/0f/7a/74/0f7a7472-92fa-e77d-384a-1e4304705e83/dj.jbiruenb.png/600x600bb.jpg"
"1194","Dance Of The Clairvoyants","Gigaton","Pearl Jam","2020","791","786","2025-09-11 09:08:40","https://is1-ssl.mzstatic.com/image/thumb/Music124/v4/eb/14/fb/eb14fb04-916d-e70f-542c-44fbe581c145/20UMGIM03561.rgb.jpg/600x600bb.jpg"
"1195","George","Greedy","Headless Chickens","1997","1526","1239","2025-09-11 09:05:01","https://is1-ssl.mzstatic.com/image/thumb/Music49/v4/97/8c/0c/978c0c6a-35e7-7272-157e-e31f21e5a559/889845511267.jpg/600x600bb.jpg"
"1196","Every You, Every Me","Without You I'm Nothing","Placebo","1998","1339","914","2025-09-11 08:53:01","https://is1-ssl.mzstatic.com/image/thumb/Music115/v4/39/4e/33/394e3318-f803-51f2-7f28-10e63b45a6d3/5060186926902_1.jpg/600x600bb.jpg"
"1197","American Girl","Tom Petty and the Heartbreakers","Tom Petty and The Heartbreakers","1977","1214","1026","2025-09-11 08:50:24","https://thebluegrasssituation.com/wp-content/uploads/2017/10/petty.jpg.webp"
"1198","Shade","Frogstomp","Silverchair","1995","1072","843","2025-09-11 08:39:31","https://is1-ssl.mzstatic.com/image/thumb/Music115/v4/d5/4b/07/d54b073a-6422-3486-7545-557c5282a5ec/886445059557.jpg/600x600bb.jpg"
"1199","Bed Of Roses","Keep The Faith","Bon Jovi","1992","1577","1287","2025-09-11 08:32:44","https://is1-ssl.mzstatic.com/image/thumb/Music125/v4/55/2b/c8/552bc84d-14d6-23b0-f4ec-dc2b8fd7bd53/14UMGIM44516.rgb.jpg/600x600bb.jpg"
"1200","The Passenger","Lust For Life","Iggy Pop","1977","1146","736","2025-09-11 08:28:47","https://is1-ssl.mzstatic.com/image/thumb/Music124/v4/fb/2c/56/fb2c56ca-05ad-f73f-a1b7-9917081db1b9/17UMGIM08423.rgb.jpg/600x600bb.jpg"
"1201","Coma","Use Your Illusion I","Guns N' Roses","1991","774","1341","2025-09-11 08:12:57","https://is1-ssl.mzstatic.com/image/thumb/Music112/v4/6a/e2/1f/6ae21fa9-c897-3be1-2967-50eefae22b93/06UMGIM05041.rgb.jpg/600x600bb.jpg"
"1202","Edging","EDGING","Blink-182","2022","1402","1534","2025-09-11 08:09:49","https://is1-ssl.mzstatic.com/image/thumb/Music112/v4/ed/03/cf/ed03cf4f-a4e0-3f45-4040-91402c8cc592/196589556110.jpg/600x600bb.jpg"
"1203","Sweating Bullets","Countdown to Extinction","Megadeth","1992","1499","971","2025-09-11 08:04:26","https://is1-ssl.mzstatic.com/image/thumb/Music116/v4/ff/79/20/ff79206c-4d9e-d991-a020-1e79651edf9a/13UABIM29570.rgb.jpg/600x600bb.jpg"
"1204","Lakini's Juice","Secret Samadhi","Live","1997","1195","1547","2025-09-10 16:51:54","https://is1-ssl.mzstatic.com/image/thumb/Music114/v4/57/41/33/5741333f-7c8f-d6a9-0d34-6f32f1ff330a/06UMGIM03463.rgb.jpg/600x600bb.jpg"
"1205","A Perfect Storm","Volume 2","Blindspott","2022","1931","","2025-09-10 16:47:58","https://is1-ssl.mzstatic.com/image/thumb/Music116/v4/7e/02/7c/7e027c04-58b8-6ec4-a940-5a5e3ca4ea5f/9420076402125.png/600x600bb.jpg"
"1206","Love Is Only A Feeling","Permission To Land","The Darkness","2003","1027","1037","2025-09-10 16:45:01","https://is1-ssl.mzstatic.com/image/thumb/Music115/v4/2d/91/27/2d912790-7afb-df39-4e7f-4f94ef109f07/s02.tbxlhqhj.jpg/600x600bb.jpg"
"1207","Run To You","Reckless","Bryan Adams","1984","1170","1191","2025-09-10 16:33:14","https://is1-ssl.mzstatic.com/image/thumb/Music125/v4/e4/9b/c2/e49bc283-607b-9f0b-d7d4-adaba6cd3ff3/14UMGIM34434.rgb.jpg/600x600bb.jpg"
"1208","Kings And Queens","This Is War","30 Seconds To Mars","2009","1183","906","2025-09-10 16:30:30","https://is1-ssl.mzstatic.com/image/thumb/Music124/v4/fb/58/03/fb5803f7-071b-adc2-73d1-928a772234ac/00602547996091.rgb.jpg/600x600bb.jpg"
"1209","Elegantly Wasted","Elegantly Wasted","INXS","1997","1242","1998","2025-09-10 16:22:05","https://is1-ssl.mzstatic.com/image/thumb/Music112/v4/66/f8/b1/66f8b13a-c79b-ff0c-290a-1092d89d1a4d/11UMGIM10221.rgb.jpg/600x600bb.jpg"
"1210","Figured You Out","The Long Road","Nickelback","2003","979","990","2025-09-10 16:19:27","https://is1-ssl.mzstatic.com/image/thumb/Music124/v4/ad/30/ed/ad30ed43-adb2-4e55-c685-4647630c08f9/mzi.epyljfva.jpg/600x600bb.jpg"
"1211","Life On Mars","Hunky Dory","David Bowie","1971","932","716","2025-09-10 16:13:18","https://is1-ssl.mzstatic.com/image/thumb/Music125/v4/f0/b9/68/f0b9680e-b028-b3d6-f793-7c268256499a/825646286034.jpg/600x600bb.jpg"
"1212","Weathered","Weathered","Creed","2001","1865","","2025-09-10 16:06:25","https://is1-ssl.mzstatic.com/image/thumb/Music125/v4/2b/d8/ff/2bd8ff78-9201-71dc-c931-503340d8b08a/00601501407529.rgb.jpg/600x600bb.jpg"
"1213","Venus","Supersystem","The Feelers","1998","766","405","2025-09-10 15:53:18","https://is1-ssl.mzstatic.com/image/thumb/Music111/v4/8d/fc/5d/8dfc5d8c-35c0-0abe-0ec0-4f4c0bf98e72/825646967711.jpg/600x600bb.jpg"
"1214","Crown Of Thorns","Apple","Mother Love Bone","1990","1243","1006","2025-09-10 15:47:01","https://is1-ssl.mzstatic.com/image/thumb/Music125/v4/3d/dd/2f/3ddd2f98-612a-a6bb-f2df-19c8ae671b4a/00042284319126.rgb.jpg/600x600bb.jpg"
"1215","The Thing That Should Not Be","Master Of Puppets","Metallica","1986","1277","1505","2025-09-10 15:40:34","https://is1-ssl.mzstatic.com/image/thumb/Music118/v4/69/f9/05/69f905ed-ff04-58a2-8de2-1b5338745f19/858978005226.png/600x600bb.jpg"
"1216","All Over You","Throwing Copper","Live","1994","931","1447","2025-09-10 15:30:56","https://is1-ssl.mzstatic.com/image/thumb/Music221/v4/45/d4/51/45d45175-4e14-6544-34b4-730d19cae4a0/06UMGIM02695.rgb.jpg/600x600bb.jpg"
"1217","Southern Lovers","Must Be the Moon","Racing","2022","908","251","2025-09-10 15:26:18","https://is1-ssl.mzstatic.com/image/thumb/Music122/v4/1f/92/db/1f92dbfb-6dd9-a1a0-6d9c-bc9f7968bb8e/1963620915583_cover.jpg/600x600bb.jpg"
"1218","Love Will Tear Us Apart","Single Only","Joy Division","1980","1318","1271","2025-09-10 15:22:40","https://upload.wikimedia.org/wikipedia/en/thumb/9/9d/Love_will_tear_us_apart.jpg/220px-Love_will_tear_us_apart.jpg"
"1219","Same In The End","Sublime","Sublime","1996","809","976","2025-09-10 15:17:10","https://is1-ssl.mzstatic.com/image/thumb/Music125/v4/c2/44/52/c2445270-0ad1-c895-3ab1-24beedd6c422/06UMGIM01498.rgb.jpg/600x600bb.jpg"
"1220","London Calling","London Calling","The Clash","1972","819","931","2025-09-10 15:13:34","https://is1-ssl.mzstatic.com/image/thumb/Music125/v4/45/d7/17/45d71740-b204-de23-3f9e-f2f823296f1d/886443520721.jpg/600x600bb.jpg"
"1221","Sophie","Good","Goodshirt","2001","949","1028","2025-09-10 15:08:23","https://is1-ssl.mzstatic.com/image/thumb/Music116/v4/eb/cb/9b/ebcb9b90-ad38-2c2a-0ca3-9aea90f1e60d/0724354151903.png/600x600bb.jpg"
"1222","Bullet The Blue Sky","The Joshua Tree","U2","1987","1229","1308","2025-09-10 15:03:12","https://is1-ssl.mzstatic.com/image/thumb/Music115/v4/8f/e2/c3/8fe2c384-f6cb-9af7-371d-2b6a9b204e59/17UMGIM79292.rgb.jpg/600x600bb.jpg"
"1223","Absolute Zero","House of Golden Bones Pt 2","Stone Sour","2013","993","1569","2025-09-10 14:54:09","https://is1-ssl.mzstatic.com/image/thumb/Music/v4/eb/0e/02/eb0e02c9-cbd7-3cf6-29d5-f2814da60a48/016861766399.jpg/1000x1000bb.jpg"
"1224","Right Now","For Unlawful Carnal Knowledge","Van Halen","1991","1266","1010","2025-09-10 14:48:31","https://is1-ssl.mzstatic.com/image/thumb/Music125/v4/2e/f7/ef/2ef7ef36-6f09-60ff-d59b-1dbe61ba7d74/mzi.ttokqkof.jpg/600x600bb.jpg"
"1225","In My Darkest Hour","So Far, So Good... So What!","Megadeth","1988","953","1501","2025-09-10 14:37:34","https://is1-ssl.mzstatic.com/image/thumb/Music128/v4/e9/8e/43/e98e432a-4c76-5640-8cc6-f891c0ca3384/00724359862651.rgb.jpg/600x600bb.jpg"
"1226","Once In A Lifetime","Remain In Light","Talking Heads","1980","1148","1144","2025-09-10 14:34:49","https://is1-ssl.mzstatic.com/image/thumb/Music125/v4/48/9c/21/489c217b-d228-59a3-296d-6fa1d90776b7/dj.bpkztuma.jpg/600x600bb.jpg"
"1227","Icky Thump","Icky Thump","The White Stripes","2007","1103","838","2025-09-10 14:30:14","https://is1-ssl.mzstatic.com/image/thumb/Music125/v4/be/f2/64/bef264da-3fb5-f4e9-a044-5b3655063ab9/886448800996.jpg/600x600bb.jpg"
"1228","Yesterdays","Use Your Illusion II","Guns N' Roses","1991","1832","1788","2025-09-10 14:27:06","https://is1-ssl.mzstatic.com/image/thumb/Music122/v4/db/8e/35/db8e356d-76e8-1e10-d7cb-87870bdbfad2/18UMGIM31437.rgb.jpg/600x600bb.jpg"
"1229","Freedom","Rage Against The Machine","Rage Against The Machine","1992","1113","1677","2025-09-10 14:19:40","https://static.tvtropes.org/pmwiki/pub/images/rageagainstthemachinepic.jpg"
"1230","Asshole","No Cure For Cancer","Denis Leary","1993","823","744","2025-09-10 14:15:07","https://is1-ssl.mzstatic.com/image/thumb/Music115/v4/a9/3e/a7/a93ea7e8-e859-34d7-dae6-b71dd08b2bc8/00731454005524.rgb.jpg/600x600bb.jpg"
"1231","Love Bites (So Do I)","A Strange Case Of ?.","Halestorm","2012","868","1348","2025-09-10 14:11:45","https://is1-ssl.mzstatic.com/image/thumb/Music114/v4/c1/5b/dc/c15bdc20-c9da-892a-4cf6-9a84cd94f8e9/075679968395.jpg/600x600bb.jpg"
"1232","Anarchy In The UK","Never Mind The Bollocks, Here's The Sex Pistols","Sex Pistols","1977","1294","1092","2025-09-10 14:09:31","https://is1-ssl.mzstatic.com/image/thumb/Music/4c/16/50/mzi.cipyvpqz.jpg/600x600bb.jpg"
"1233","Mudshovel","Dysfunction","Staind","1999","1479","1089","2025-09-10 14:03:58","https://is1-ssl.mzstatic.com/image/thumb/Music115/v4/0e/78/91/0e789149-3c5b-965f-6e5e-c749ddb5ac80/mzi.ppxxlnja.jpg/600x600bb.jpg"
"1234","War Machine","Black Ice","AC/DC","2008","1185","649","2025-09-10 13:56:14","https://is1-ssl.mzstatic.com/image/thumb/Features114/v4/e3/11/46/e3114613-1163-9c1a-f3ea-70f6a9b38d7e/dj.mtwvirjq.jpg/600x600bb.jpg"
"1235","Longview","Dookie","Green Day","1994","1090","893","2025-09-10 13:53:05","https://is1-ssl.mzstatic.com/image/thumb/Music125/v4/88/83/e7/8883e74b-1b7c-0725-09de-21e4e00d54b5/093624915713.jpg/600x600bb.jpg"
"1236","Little Monster","Royal Blood","Royal Blood","2014","1147","1161","2025-09-10 13:48:07","https://i.scdn.co/image/ab67616d0000b2738c23906cd30a0564bcebb5e5"
"1237","I Got You","True Colours","Split Enz","1980","1582","1978","2025-09-10 13:39:54","https://is1-ssl.mzstatic.com/image/thumb/Music113/v4/33/45/fc/3345fcf5-ba8c-f076-b13d-863d1efb76d1/18UMGIM40846.rgb.jpg/600x600bb.jpg"
"1238","Jesus I Was Evil","Jesus I Was Evil EP","Darcy Clay","1997","967","1172","2025-09-10 13:37:15","https://encrypted-tbn0.gstatic.com/images?q=tbn:ANd9GcS9QYfdkGQBUa4AWy4NOIzhnBp98NdN-eyBIQ&s"
"1239","Baker Street","Non-album single","Foo Fighters","1998","1144","1009","2025-09-10 13:32:42","https://upload.wikimedia.org/wikipedia/en/b/bf/Foo_fighters_my_hero.png"
"1240","Get Back","Let it Be","The Beatles","1970","1755","1500","2025-09-10 13:28:42","https://is1-ssl.mzstatic.com/image/thumb/Music115/v4/5f/ff/9a/5fff9a6a-bb13-6507-5e68-2793ef798834/21UMGIM61121.rgb.jpg/600x600bb.jpg"
"1241","Freak Like Me","The Strange Case Of?","Halestorm","2012","1521","1210","2025-09-10 13:26:10","https://is1-ssl.mzstatic.com/image/thumb/Music114/v4/c1/5b/dc/c15bdc20-c9da-892a-4cf6-9a84cd94f8e9/075679968395.jpg/600x600bb.jpg"
"1242","D'Yer Mak'er","Houses of the Holy","Led Zeppelin","1973","1264","1932","2025-09-10 13:21:21","https://cdn.mediaworks.nz/therock/images/songs/led-zeppelin-angel-logo.jpeg"
"1243","Moth Into Flame","Hardwired...to Self-Destruct","Metallica","2016","1188","939","2025-09-10 13:14:18","https://cdn.mediaworks.nz/therock/images/songs/Hardwired..._To_Self-Destruct_Album_Cover.jpeg"
"1244","Lucky Man","Urban Hymns","The Verve","1997","1460","1555","2025-09-10 13:08:49","https://is1-ssl.mzstatic.com/image/thumb/Music124/v4/02/b2/68/02b268c7-a234-cb8b-7ef3-a774340744eb/17UM1IM02768.rgb.jpg/600x600bb.jpg"
"1245","Ordinary Man","Ordinary Man","Ozzy Osbourne ft. Elton John","2020","RE-ENTRY","","2025-09-10 13:03:44","https://i.scdn.co/image/ab67616d0000b273048dd3ae0e24cf27db6ca17d"
"1246","Breakdown","Tom Petty and The Heartbreakers","Tom Petty and The Heartbreakers","1976","1220","1785","2025-09-10 12:56:41","https://thebluegrasssituation.com/wp-content/uploads/2017/10/petty.jpg.webp"
"1247","Emotion Sickness","In Times New Roman...","Queens Of The Stone Age","2023","718","569","2025-09-10 12:52:45","https://is1-ssl.mzstatic.com/image/thumb/Music126/v4/3e/4f/c2/3e4fc24f-af10-4e63-0c2f-9c70dde347ea/191401194778.png/1000x1000bb.jpg"
"1248","Green River","Green River","Creedence Clearwater Revival","1969","1251","1336","2025-09-10 12:45:55","https://is1-ssl.mzstatic.com/image/thumb/Music115/v4/88/16/20/881620df-9161-61e8-2295-99c6740871b8/00888072355972.rgb.jpg/600x600bb.jpg"
"1249","Dinosaur","Dinosaur","Theory Of A Deadman","2023","743","1170","2025-09-10 12:42:02","https://is1-ssl.mzstatic.com/image/thumb/Music122/v4/61/45/5f/61455f49-05b8-3f9c-711b-c60f80b5729c/075679706959.jpg/600x600bb.jpg"
"1250","Downhearted","The Boys Light Up","Australian Crawl","1980","1227","1234","2025-09-10 12:39:45","https://is1-ssl.mzstatic.com/image/thumb/Music114/v4/22/b0/47/22b04718-9717-7f7d-7014-d8c496674b10/13UAAIM12789.rgb.jpg/600x600bb.jpg"
"1251","Figure It Out","Royal Blood","Royal Blood","2014","772","829","2025-09-10 12:34:16","https://i.scdn.co/image/ab67616d0000b2738c23906cd30a0564bcebb5e5"
"1252","Message In A Bottle","Reggatta De Blanc","The Police","1979","1153","1160","2025-09-10 12:30:01","https://is1-ssl.mzstatic.com/image/thumb/Music116/v4/74/2a/da/742ada22-9a00-1620-b72e-6667745b010a/16UMGIM60881.rgb.jpg/600x600bb.jpg"
"1253","Another Time","moDE, Set, Clear","Villainy","2013","1271","928","2025-09-10 12:25:31","https://is1-ssl.mzstatic.com/image/thumb/Music124/v4/c5/a9/8a/c5a98a1c-5640-5008-f170-f39044aada85/dj.gfrkmuth.jpg/600x600bb.jpg"
"1254","Empire Of The Clouds","The Book of Souls","Iron Maiden","2015","1045","1380","2025-09-10 12:08:56","https://is1-ssl.mzstatic.com/image/thumb/Music62/v4/cc/37/c7/cc37c71c-2674-57b0-6cf6-d9bb62d68b80/4050538155013.jpg/600x600bb.jpg"
"1255","Nature","The Mutton Birds","The Mutton Birds","1992","1313","1364","2025-09-10 12:03:07","https://is1-ssl.mzstatic.com/image/thumb/Music221/v4/14/16/be/1416be4e-8751-423e-528b-c88ab636dd2c/0724382826125.png/600x600bb.jpg"
"1256","Diamond Eyes","Diamond Eyes","Deftones","2010","1057","1387","2025-09-10 11:54:59","https://is1-ssl.mzstatic.com/image/thumb/Music124/v4/cd/bd/cb/cdbdcbfd-0b6e-93ff-61f7-04c9d5da7368/093624919759.jpg/600x600bb.jpg"
"1257","Smooth Criminal","Anthology","Alien Ant Farm","2001","808","1400","2025-09-10 11:51:43","https://is1-ssl.mzstatic.com/image/thumb/Music115/v4/31/ab/5c/31ab5cde-ce71-8bed-618b-f32629f765c9/06UMGIM18711.rgb.jpg/600x600bb.jpg"
"1258","Leper Messiah","Master Of Puppets","Metallica","1986","1411","1519","2025-09-10 11:44:25","https://is1-ssl.mzstatic.com/image/thumb/Music118/v4/69/f9/05/69f905ed-ff04-58a2-8de2-1b5338745f19/858978005226.png/600x600bb.jpg"
"1259","Eddie","Return of the Dream Canteen","Red Hot Chili Peppers","2022","1566","442","2025-09-10 11:36:01","https://is1-ssl.mzstatic.com/image/thumb/Music122/v4/68/87/05/688705e6-ff03-16f6-2509-defaeea662be/093624875611.jpg/600x600bb.jpg"
"1260","Out Ta Get Me","Appetite For Destruction","Guns N' Roses","1987","1245","1343","2025-09-10 11:30:10","https://is1-ssl.mzstatic.com/image/thumb/Music125/v4/a0/4d/c4/a04dc484-03cc-02aa-fa82-5334fcb4bc16/18UMGIM24878.rgb.jpg/600x600bb.jpg"
"1261","Straight Lines","Young Modern","Silverchair","2007","1210","1682","2025-09-10 11:25:28","https://is1-ssl.mzstatic.com/image/thumb/Music124/v4/ff/f1/d0/fff1d0ce-cc34-a452-24fc-03f1346b028c/mzi.xaybayxh.jpg/600x600bb.jpg"
"1262","Suicide Blonde","X","INXS","1990","1361","1434","2025-09-10 11:22:17","https://is1-ssl.mzstatic.com/image/thumb/Music125/v4/93/20/58/93205875-e6af-b5d3-0b52-4f2b2991ce9b/075678214028.jpg/600x600bb.jpg"
"1263","Duality (Studio Cover)","Single Only","I Am Giant","2010","1265","988","2025-09-10 11:17:43","https://encrypted-tbn0.gstatic.com/images?q=tbn:ANd9GcQH_rzAs8Pnp9GhHlMSengKjXZGYXucL8UMlg&s"
"1264","Breakout","There Is Nothing Left To Lose","Foo Fighters","1999","798","784","2025-09-10 11:14:53","https://is1-ssl.mzstatic.com/image/thumb/Music125/v4/de/83/0a/de830a06-ba20-249b-909d-f46701a44f19/dj.aevpjurd.jpg/600x600bb.jpg"
"1265","Pinball Wizard","Tommy","The Who","1969","1351","1123","2025-09-10 11:12:02","https://is1-ssl.mzstatic.com/image/thumb/Music126/v4/f3/22/7f/f3227fd3-758e-2728-7db2-25b29373c8ae/18UMGIM35635.rgb.jpg/600x600bb.jpg"
"1266","Reverend","Walls","Kings Of Leon","2016","1219","868","2025-09-10 11:07:12","https://is1-ssl.mzstatic.com/image/thumb/Music124/v4/e0/f8/fd/e0f8fda0-a669-4b92-2d65-875d66d82ddc/886446009971.jpg/600x600bb.jpg"
"1267","Pride And Joy","Texas Flood","Stevie Ray Vaughan","1983","1181","1479","2025-09-10 11:03:12","https://is1-ssl.mzstatic.com/image/thumb/Features125/v4/4c/30/3b/4c303b15-31ec-2f95-5beb-370471968188/dj.fbyalctw.jpg/600x600bb.jpg"
"1268","Are You Gonna Be My Girl","Get Born","Jet","2003","1222","969","2025-09-10 10:53:53","https://is1-ssl.mzstatic.com/image/thumb/Features115/v4/b6/d5/0d/b6d50d9c-e1d1-26bb-69c0-6def7a0094c6/dj.qbbboqmi.jpg/600x600bb.jpg"
"1269","Psycho Man","Reunion","Black Sabbath","1998","RE-ENTRY","","2025-09-10 10:48:02","https://cdn.mediaworks.nz/therock/images/songs/psycho_man_400_black_sabbath.jpg"
"1270","Woke Up This Morning","Exile on Coldharbour Lane","Alabama 3","1997","1223","","2025-09-10 10:45:01","https://upload.wikimedia.org/wikipedia/en/8/82/A3_-_woke_up_this_morning.jpg"
"1271","We Care A Lot","We Care A Lot","Faith No More","1985","960","722","2025-09-10 10:37:09","https://upload.wikimedia.org/wikipedia/en/5/53/FNM_%E2%80%93_We_Care_a_Lot.jpg"
"1272","Mmm Mmm Mmm","God Shuffled His Feet","Crash Test Dummies","1993","1907","","2025-09-10 10:32:32","https://is1-ssl.mzstatic.com/image/thumb/Music/e9/e9/1a/mzi.nipvmkic.jpg/600x600bb.jpg"
"1273","Unf**k The World","Prophets Of Rage","Prophets Of Rage","2017","720","957","2025-09-10 10:28:03","https://is1-ssl.mzstatic.com/image/thumb/Music115/v4/6c/4a/e6/6c4ae67e-7b5d-ee9c-3393-43a6c40d59c6/00888072032798.rgb.jpg/600x600bb.jpg"
"1274","Should I Stay Or Should I Go","Combat Rock","The Clash","1982","1082","1243","2025-09-10 10:24:12","https://is1-ssl.mzstatic.com/image/thumb/Music115/v4/71/b6/8a/71b68ab0-f2d7-5cf0-636c-c27de6ce8aed/886443520707.jpg/600x600bb.jpg"
"1275","The Vengeful One","Immortalized","Disturbed","2015","1611","1097","2025-09-10 10:20:07","https://is1-ssl.mzstatic.com/image/thumb/Music125/v4/32/2b/12/322b1228-a133-3317-8d05-742669b700ec/093624926245.jpg/600x600bb.jpg"
"1276","Are You Gonna Go My Way","Are You Gonna Go My Way","Lenny Kravitz","1993","1630","1969","2025-09-10 10:17:09","https://is1-ssl.mzstatic.com/image/thumb/Music126/v4/9e/34/ce/9e34ced5-4d33-fbe0-1ddc-192593c827a9/13UABIM49119.rgb.jpg/600x600bb.jpg"
"1277","Rope","Back and Forth","Foo Fighters","2011","768","666","2025-09-10 10:11:37","https://is1-ssl.mzstatic.com/image/thumb/Music124/v4/65/2f/2e/652f2e28-ea8e-93ac-91bc-00c72b3b6c6a/884977880991.jpg/600x600bb.jpg"
"1278","Same Ol' Situation","Dr. Feelgood","Motley Crue","1989","1259","963","2025-09-10 10:08:43","https://is1-ssl.mzstatic.com/image/thumb/Music116/v4/99/22/96/992296f3-30cd-de42-f56a-14eae85a2c53/4050538778670.jpg/1000x1000bb.jpg"
"1279","This Is War","This Is War","30 Seconds To Mars","2009","1983","","2025-09-10 10:03:51","https://is1-ssl.mzstatic.com/image/thumb/Music124/v4/fb/58/03/fb5803f7-071b-adc2-73d1-928a772234ac/00602547996091.rgb.jpg/600x600bb.jpg"
"1280","Eye Of The Tiger","Eye of the Tiger","Survivor","1982","1197","1120","2025-09-10 09:54:48","https://is1-ssl.mzstatic.com/image/thumb/Music125/v4/f9/02/8f/f9028f63-7a55-235e-f789-1e8946430fa2/614223201122.jpg/600x600bb.jpg"
"1281","Beautiful Machine","Beautiful Machine","Shihad","2008","1533","1656","2025-09-10 09:49:39","https://is1-ssl.mzstatic.com/image/thumb/Music114/v4/cf/cc/f8/cfccf8fb-f48f-60c9-88b0-2a95c2769f40/085365730595.jpg/600x600bb.jpg"
"1282","Tush","Fandango!","ZZ Top","1975","1192","1075","2025-09-10 09:47:19","https://is1-ssl.mzstatic.com/image/thumb/Music116/v4/4a/07/8a/4a078a57-62a9-836b-1c86-e3c2bbf59741/0603497921416.jpg/600x600bb.jpg"
"1283","Paper Machete","In Times New Roman?","Queens Of The Stone Age","2023","405","","2025-09-10 09:39:00","https://is1-ssl.mzstatic.com/image/thumb/Music126/v4/3e/4f/c2/3e4fc24f-af10-4e63-0c2f-9c70dde347ea/191401194778.png/600x600bb.jpg"
"1284","Good Times Bad Times","Led Zeppelin","Led Zeppelin","1969","1316","1153","2025-09-10 09:36:24","https://is1-ssl.mzstatic.com/image/thumb/Music115/v4/5c/15/9b/5c159b27-95ca-b9a7-84e3-28e795fffd39/dj.kvkrpptq.jpg/600x600bb.jpg"
"1285","Pure Morning","Without You I'm Nothing","Placebo","1998","1213","1151","2025-09-10 09:32:23","https://is1-ssl.mzstatic.com/image/thumb/Music115/v4/39/4e/33/394e3318-f803-51f2-7f28-10e63b45a6d3/5060186926902_1.jpg/600x600bb.jpg"
"1286","Call Me A Dog","Temple Of The Dog","Temple Of The Dog","1991","1321","1319","2025-09-10 09:26:43","https://is1-ssl.mzstatic.com/image/thumb/Music125/v4/67/7d/7b/677d7b51-e664-d4ac-84f4-bc18920d95a0/00075021535022.rgb.jpg/600x600bb.jpg"
"1287","Crying Like A Bitch","The Oracle","Godsmack","2010","RE-ENTRY","","2025-09-10 09:23:18","https://cdn.mediaworks.nz/therock/images/songs/crying_like_a_bitch_400_godsmack.jpg"
"1288","Whaling","The Optimist","DD Smash","1984","1401","1012","2025-09-10 09:18:59","https://is1-ssl.mzstatic.com/image/thumb/Music124/v4/1d/72/12/1d72125c-d876-fce8-b7b1-616debcf29dd/mzi.gyfrxgxv.jpg/600x600bb.jpg"
"1289","Driven Under","Fragile","Seether","2000","1475","","2025-09-10 09:14:58","https://images.genius.com/1135f6307524862deebed26613ed30cd.205x205x1.png"
"1290","Jane Says","Jane's Addiction","Jane's Addiction","1987","1199","1113","2025-09-10 09:10:17","https://is1-ssl.mzstatic.com/image/thumb/Features124/v4/93/63/f1/9363f142-04d0-36b2-f899-08b5e219570d/dj.hlxjabze.jpg/600x600bb.jpg"
"1291","Hootenanny","Double Your Strength, Improve Your Health and Lengthen Your Life","Head Like A Hole","1996","1128","996","2025-09-10 09:04:46","https://is1-ssl.mzstatic.com/image/thumb/Music126/v4/b1/bd/2b/b1bd2b1c-ae7c-cf2d-e3b8-a6444a90702a/7432140814262.png/1000x1000bb.jpg"
"1292","Off He Goes","No Code","Pearl Jam","1996","1347","1564","2025-09-10 08:51:06","https://is1-ssl.mzstatic.com/image/thumb/Music125/v4/5a/91/88/5a91883f-7398-5b08-fd9a-cdedbe3ea8ab/dj.prtzuuhl.jpg/600x600bb.jpg"
"1293","Boilermaker","Typhoons","Royal Blood","2021","1006","941","2025-09-10 08:48:41","https://is1-ssl.mzstatic.com/image/thumb/Music115/v4/9c/7a/dc/9c7adc95-3e2f-26c9-1ff4-c9eab87386eb/190295028060.jpg/600x600bb.jpg"
"1294","Still Got The Blues (For You)","Still Got The Blues","Gary Moore","1990","1099","1014","2025-09-10 08:37:32","https://is1-ssl.mzstatic.com/image/thumb/Music124/v4/a2/ab/06/a2ab060c-86aa-3fe9-319f-d03dbf66095d/00077778616757.rgb.jpg/600x600bb.jpg"
"1295","Live Wire","Too Fast for Love","Motley Crue","1981","1466","1241","2025-09-10 08:33:44","https://is1-ssl.mzstatic.com/image/thumb/Music116/v4/24/f7/53/24f753b1-8ca3-a376-86d6-4119bcf41863/4050538778779.jpg/1000x1000bb.jpg"
"1296","Breaking The Girl","Blood Sugar Sex Magik","Red Hot Chili Peppers","1991","1073","1013","2025-09-10 08:27:04","https://is1-ssl.mzstatic.com/image/thumb/Music125/v4/2b/2b/56/2b2b564c-e21e-bd40-a8cf-cb47dedcb7df/093624932147.jpg/600x600bb.jpg"
"1297","All My Love","In Through The Outdoor","Led Zeppelin","1979","1608","1496","2025-09-10 08:22:02","https://is1-ssl.mzstatic.com/image/thumb/Music7/v4/32/33/78/32337882-4dcf-b4ff-c2b1-988297b1aa2a/dj.bazmvvpg.jpg/600x600bb.jpg"
"1298","Too Far Gone?","72 Seasons","Metallica","2023","579","","2025-09-10 08:11:07","https://is1-ssl.mzstatic.com/image/thumb/Music126/v4/f7/50/56/f75056b7-d390-d215-51c5-3695dc6fe468/810083961095.png/600x600bb.jpg"
"1299","Harmonic Generator","The Datsuns","The Datsuns","2002","1152","862","2025-09-10 08:07:39","https://is1-ssl.mzstatic.com/image/thumb/Music/d1/be/fe/mzi.rluluiis.jpg/600x600bb.jpg"
"1300","That's The Way I Wanna Rock 'N' Roll","Blow Up Your Video","AC/DC","1998","2000","","2025-09-10 08:04:46","https://is1-ssl.mzstatic.com/image/thumb/Features125/v4/07/3e/12/073e1254-041e-d5d3-3451-c5be6595efa9/dj.cbxnxrmm.jpg/600x600bb.jpg"
"1301","Te Ara","Tu","Alien Weaponry","2018","1617","1467","2025-09-09 16:51:58","https://is1-ssl.mzstatic.com/image/thumb/Music62/v4/fa/05/90/fa05906f-4f3c-0677-5dd0-2ab09b878ed0/840588116683.jpg/1000x1000bb.jpg"
"1302","My Own Worst Enemy","A Place in the Sun","Lit","1999","1509","","2025-09-09 16:49:00","https://is1-ssl.mzstatic.com/image/thumb/Music115/v4/27/a3/1d/27a31d33-79ff-845a-1e1f-648be676b782/078636777528.jpg/600x600bb.jpg"
"1303","Old Time Rock & Roll","Stranger In Town","Bob Seger","1978","1381","999","2025-09-09 16:45:39","https://is1-ssl.mzstatic.com/image/thumb/Music115/v4/ef/81/00/ef810009-1eea-c9af-aee0-aba2b4f2e59a/17UM1IM02539.rgb.jpg/1000x1000bb.jpg"
"1304","Gold On The Ceiling","El Camino","The Black Keys","2011","1024","806","2025-09-09 16:34:32","https://is1-ssl.mzstatic.com/image/thumb/Music115/v4/55/39/ca/5539caf8-333e-5ad2-06ca-eaf5d84cd264/mzm.nmxwulyo.jpg/600x600bb.jpg"
"1305","From The Blind Spot","Single Only","Blacklistt","2011","1303","1260","2025-09-09 16:31:04","https://is1-ssl.mzstatic.com/image/thumb/Music126/v4/bc/ca/f2/bccaf2cd-7b6e-02ca-037e-83d37cd1dc08/9421028855051.png/600x600bb.jpg"
"1306","I Used To Love Her","G N' R Lies","Guns N' Roses","1988","1464","1406","2025-09-09 16:24:32","https://is1-ssl.mzstatic.com/image/thumb/Music125/v4/8e/d9/ba/8ed9ba3b-bbb5-b7b1-7441-39e7f0f42699/00720642419823.rgb.jpg/1000x1000bb.jpg"
"1307","Redneck","Sacrament","Lamb Of God","2006","DEBUT","","2025-09-09 16:20:54","https://cdn.mediaworks.nz/therock/images/songs/ab67616d0000b273fd4ec2b2d9f36007ee69abb4.jpg"
"1308","Jokerman","Infedels","Bob Dylan","1983","1579","1812","2025-09-09 16:14:15","https://is1-ssl.mzstatic.com/image/thumb/Music114/v4/17/ca/f3/17caf345-4455-4602-39bf-e767a012acd8/827969239223.jpg/600x600bb.jpg"
"1309","Hit The Lights","No Life 'Til Leather","Metallica","1982","1684","","2025-09-09 16:07:36","https://is1-ssl.mzstatic.com/image/thumb/Features124/v4/73/06/19/73061928-34a2-6462-963a-039203d507fe/dj.cloeijsr.png/1000x1000bb.jpg"
"1310","Stacked Actors","There Is Nothing Left To Lose","Foo Fighters","1999","1081","948","2025-09-09 16:03:25","https://is1-ssl.mzstatic.com/image/thumb/Music125/v4/de/83/0a/de830a06-ba20-249b-909d-f46701a44f19/dj.aevpjurd.jpg/600x600bb.jpg"
"1311","Richard III","In It for the Money","Supergrass","1997","1331","1604","2025-09-09 15:53:27","https://is1-ssl.mzstatic.com/image/thumb/Music125/v4/94/7a/5e/947a5e93-459e-2488-1675-6846297017b9/4050538664331.jpg/600x600bb.jpg"
"1312","God's Gonna Cut You Down","24 Hours to Live","Marilyn Manson","2017","1446","1264","2025-09-09 15:49:41","https://i.scdn.co/image/ab67616d00001e0283c9b155c465d8b460142dce"
"1313","Everything Zen","Sixteen Stone","Bush","1995","1563","1454","2025-09-09 15:46:25","https://is1-ssl.mzstatic.com/image/thumb/Music115/v4/68/d3/3a/68d33ac9-34eb-e14a-6775-739689bd6a5c/886444857741.jpg/600x600bb.jpg"
"1314","Mustang","Can We Please Have Fun","Kings Of Leon","2024","465","","2025-09-09 15:35:06","https://is1-ssl.mzstatic.com/image/thumb/Music211/v4/dc/2c/f6/dc2cf60b-6420-983d-1138-21f97c1ccd9d/24UMGIM12739.rgb.jpg/600x600bb.jpg"
"1315","Phantom Of The Opera","Iron Maiden","Iron Maiden","1980","1097","940","2025-09-09 15:27:45","https://is1-ssl.mzstatic.com/image/thumb/Music124/v4/71/79/75/7179759f-2964-446d-368e-033fd9c5a41e/881034134424.jpg/600x600bb.jpg"
"1316","Prisoner Of Society","The Living End","The Living End","1998","1490","986","2025-09-09 15:21:05","https://is1-ssl.mzstatic.com/image/thumb/Music/c2/b7/c5/mzi.ntqdolxl.jpg/600x600bb.jpg"
"1317","Check My Brain","Black Gives Way to Blue","Alice In Chains","2009","1299","1701","2025-09-09 15:18:24","https://is1-ssl.mzstatic.com/image/thumb/Music112/v4/e6/12/75/e612758a-3a15-2f28-7f66-51621f50dcc4/197187154159.jpg/600x600bb.jpg"
"1318","Beautiful Day","All That You Can't Leave Behind","U2","2000","1194","981","2025-09-09 15:12:37","https://www.udiscovermusic.com/wp-content/uploads/2015/02/U2-All-That-You-Cant-Leave-Behind-1.jpg"
"1319","Mobscene","The Golden Age of Grotesque","Marilyn Manson","2003","1390","1313","2025-09-09 15:09:43","https://is1-ssl.mzstatic.com/image/thumb/Music124/v4/3a/78/6a/3a786a3c-d32e-52ab-a436-1838bbfbd1e4/00602498000380.rgb.jpg/600x600bb.jpg"
"1320","Duncan","Single Only","Slim Dusty","1980","1150","885","2025-09-09 15:06:19","https://upload.wikimedia.org/wikipedia/en/9/98/Slim_Dusty_Duncan_7%22_label.jpg"
"1321","If I Had A Tail","Like Clockwork","Queens Of The Stone Age","2013","1093","1325","2025-09-09 14:54:36","https://is1-ssl.mzstatic.com/image/thumb/Music126/v4/0c/73/3c/0c733c12-fc9a-bb06-da19-9f25d7c99050/744861104063.png/600x600bb.jpg"
"1322","No Sleep Till Brooklyn","Licensed To Ill","Beastie Boys","1986","1570","","2025-09-09 14:51:43","https://is1-ssl.mzstatic.com/image/thumb/Music114/v4/e4/d7/81/e4d781e8-bd3f-486a-cd18-e9b3a7d12b34/00731452735126.rgb.jpg/600x600bb.jpg"
"1323","I Don't Love You","The Black Parade","My Chemical Romance","2006","1857","1446","2025-09-09 14:42:58","https://is1-ssl.mzstatic.com/image/thumb/Music115/v4/7e/ac/69/7eac6998-7fa4-f1ab-9601-e8b791c736fa/mzi.fbpszunc.jpg/600x600bb.jpg"
"1324","Helter Skelter","The Beatles (The White Album)","The Beatles","1968","1289","958","2025-09-09 14:39:54","https://is1-ssl.mzstatic.com/image/thumb/Music116/v4/14/d1/3d/14d13df6-b66a-cdd8-b71c-7f678f7c7fbd/18UMGIM58178.rgb.jpg/600x600bb.jpg"
"1325","Tom Sawyer","Moving Pictures","Rush","1981","1863","1903","2025-09-09 14:33:43","https://is1-ssl.mzstatic.com/image/thumb/Music125/v4/19/39/78/19397873-9581-13e0-07f3-3071f38527ac/12UMGIM19114.rgb.jpg/600x600bb.jpg"
"1326","F**k Authority","Land of the Free?","Pennywise","2001","1126","869","2025-09-09 14:29:12","https://is1-ssl.mzstatic.com/image/thumb/Music122/v4/47/ac/2e/47ac2e2b-f52f-ddd1-3213-9947860592cb/0045778660063.png/600x600bb.jpg"
"1327","Why Go","Ten","Pearl Jam","1991","1995","1638","2025-09-09 14:25:23","https://is1-ssl.mzstatic.com/image/thumb/Music125/v4/5e/91/c1/5e91c1ba-53cb-c5c8-15f1-d3c81f3b3592/dj.psrqglcw.jpg/600x600bb.jpg"
"1328","Heroin","OK, I'M SICK","Badflower","2019","1017","1230","2025-09-09 14:19:55","https://is1-ssl.mzstatic.com/image/thumb/Music128/v4/bf/6a/5b/bf6a5b5b-ff11-a2b4-818a-8733191b057b/00843930038190.rgb.jpg/600x600bb.jpg"
"1329","Am I Evil?","Creeping Death B-Side","Metallica","1984","1362","1307","2025-09-09 14:12:11","https://upload.wikimedia.org/wikipedia/en/thumb/d/d0/Metallica_-_Creeping_Death_cover.jpg/220px-Metallica_-_Creeping_Death_cover.jpg"
"1330","For All The Cows","Foo Fighters","Foo Fighters","1995","1328","1507","2025-09-09 14:08:43","https://is1-ssl.mzstatic.com/image/thumb/Features125/v4/be/d0/cc/bed0cc3e-8f1f-0f62-a434-e624f847d96e/dj.qasnqsul.jpg/600x600bb.jpg"
"1331","Awake","Awake","Godsmack","2000","1380","1899","2025-09-09 14:04:36","https://is1-ssl.mzstatic.com/image/thumb/Music211/v4/6c/5f/86/6c5f8611-602e-4a4b-f086-2b8b262ef401/17UMGIM80973.rgb.jpg/600x600bb.jpg"
"1332","One Will Hear The Other","Beautiful Machine","Shihad","2008","1961","1711","2025-09-09 13:54:41","https://is1-ssl.mzstatic.com/image/thumb/Music114/v4/cf/cc/f8/cfccf8fb-f48f-60c9-88b0-2a95c2769f40/085365730595.jpg/600x600bb.jpg"
"1333","Road To Nowhere","Little Creatures","Talking Heads","1985","1306","1394","2025-09-09 13:49:48","https://is1-ssl.mzstatic.com/image/thumb/Music124/v4/80/dd/1a/80dd1a55-5975-8653-1455-25ae42c89123/mzi.hdkytcrn.jpg/600x600bb.jpg"
"1334","Between Angels And Insects","Infest","Papa Roach","2000","RE-ENTRY","","2025-09-09 13:46:22","https://cdn.mediaworks.nz/therock/images/songs/1450006102.jpg"
"1335","Bring Your Daughter To The Slaughter","No Prayer For The Dying","Iron Maiden","1990","1327","935","2025-09-09 13:37:01","https://is1-ssl.mzstatic.com/image/thumb/Music42/v4/77/25/4c/77254c99-f7fc-7755-e66f-b00355c6f804/881034134509.jpg/600x600bb.jpg"
"1336","Come With Me Now","Lunatic","Kongos","2012","1427","1852","2025-09-09 13:33:31","https://is1-ssl.mzstatic.com/image/thumb/Music125/v4/77/c7/b7/77c7b702-8d55-18fd-d02e-2ce04e0e11fb/886444442237.jpg/600x600bb.jpg"
"1337","Hey Joe","Are You Experienced?","Jimi Hendrix","1967","913","882","2025-09-09 13:29:53","https://is1-ssl.mzstatic.com/image/thumb/Music124/v4/00/67/45/006745f5-95d5-5a06-35ed-d515e9cfd7d8/dj.tbwlxwoh.jpg/1000x1000bb.jpg"
"1338","On A Plain","Nevermind","Nirvana","1991","1359","1180","2025-09-09 13:25:52","https://external-preview.redd.it/PVilxGidbEIEbHZzpqAP6CR1S1RLAkxl0GZOOzqPuCc.png?width=640&crop=smart&auto=webp&s=beda8d43df83839f3c2d14e6644a8bc642bd49f8"
"1339","I Disappear","Single Only","Metallica","2000","824","468","2025-09-09 13:22:03","https://m.media-amazon.com/images/I/71TjFGPlNmL._UF1000,1000_QL80_.jpg"
"1340","God Save The Queen","Never Mind The Bollocks, Here's The Sex Pistols","Sex Pistols","1977","1520","1412","2025-09-09 13:17:45","https://is1-ssl.mzstatic.com/image/thumb/Music/4c/16/50/mzi.cipyvpqz.jpg/600x600bb.jpg"
"1341","Back To School","White Pony","Deftones","2000","1677","1408","2025-09-09 13:13:51","https://is1-ssl.mzstatic.com/image/thumb/Music125/v4/f2/74/8c/f2748c3d-ca8c-75ac-f9fc-32f333aed8bd/093624893097.jpg/600x600bb.jpg"
"1342","The Evil That Men Do","Seventh Son of a Seventh Son","Iron Maiden","1988","1205","1121","2025-09-09 13:09:10","https://is1-ssl.mzstatic.com/image/thumb/Music124/v4/ae/b9/bc/aeb9bc49-7784-5f3c-4fb1-30122e76e9bf/881034134493.jpg/600x600bb.jpg"
"1343","Thunder Road","Born To Run","Bruce Springsteen","1975","1391","1432","2025-09-09 13:05:35","https://is1-ssl.mzstatic.com/image/thumb/Music115/v4/0a/02/f7/0a02f7a1-ca2a-c0d7-7192-50314971721f/884977157031.jpg/600x600bb.jpg"
"1344","Ten Tonne Skeleton","Royal Blood","Royal Blood","2014","989","892","2025-09-09 12:56:10","https://i.scdn.co/image/ab67616d0000b2738c23906cd30a0564bcebb5e5"
"1345","Road Trippin'","Californication","Red Hot Chili Peppers","1999","1936","1898","2025-09-09 12:52:45","https://is1-ssl.mzstatic.com/image/thumb/Music124/v4/4c/86/1d/4c861dab-5428-f3b7-8068-82bb69db5e89/093624932130.jpg/600x600bb.jpg"
"1346","Piece Of My Heart","Cheap Thrills","Janis Joplin","1968","1312","987","2025-09-09 12:48:47","https://is1-ssl.mzstatic.com/image/thumb/Music125/v4/9c/5c/f3/9c5cf3ff-b840-e1be-ee06-4d9220b36901/074646578421.jpg/600x600bb.jpg"
"1347","First","Hold My Home","Cold War Kids","2014","1000","1017","2025-09-09 12:40:54","https://is1-ssl.mzstatic.com/image/thumb/Music125/v4/d6/e1/a0/d6e1a047-f591-f789-6128-be00f5c474f9/16UMGIM35751.rgb.jpg/600x600bb.jpg"
"1348","Everybody Hurts","Automatic for the People","R.E.M","1992","1932","1901","2025-09-09 12:35:48","https://is1-ssl.mzstatic.com/image/thumb/Music115/v4/fb/d9/e2/fbd9e203-818c-06cf-405d-8906f2eae6ec/00888072396258.rgb.jpg/600x600bb.jpg"
"1349","Feet Don't Fail Me","Villains","Queens Of The Stone Age","2017","1003","943","2025-09-09 12:32:35","https://is1-ssl.mzstatic.com/image/thumb/Music126/v4/d6/56/c2/d656c208-7525-0301-4c64-bdbc409fc48d/744861112563.png/600x600bb.jpg"
"1350","Run To Paradise","Big Bad Noise","Choirboys","1987","1262","1088","2025-09-09 12:26:25","https://is1-ssl.mzstatic.com/image/thumb/Music116/v4/91/18/13/91181374-9c08-c8bb-970d-42834a358931/45056.jpg/1000x1000bb.jpg"
"1351","La La Land","Shihad (Fish Album)","Shihad","1996","1497","1489","2025-09-09 12:23:44","https://upload.wikimedia.org/wikipedia/en/e/eb/Shihad_shihad.jpg"
"1352","It's Only Natural","Woodface","Crowded House","1991","1363","1347","2025-09-09 12:20:36","https://is1-ssl.mzstatic.com/image/thumb/Music125/v4/1b/93/18/1b931893-b838-cecb-4943-2965ef6d23f9/00077779355952.rgb.jpg/600x600bb.jpg"
"1353","This Is How I Disappear","The Black Parade","My Chemical Romance","2006","1335","1456","2025-09-09 12:16:28","https://is1-ssl.mzstatic.com/image/thumb/Music115/v4/7e/ac/69/7eac6998-7fa4-f1ab-9601-e8b791c736fa/mzi.fbpszunc.jpg/600x600bb.jpg"
"1354","King Of The Rodeo","Aha Shake Heartbreak","Kings Of Leon","2004","1388","1495","2025-09-09 12:12:03","https://is1-ssl.mzstatic.com/image/thumb/Music123/v4/ac/72/3a/ac723ab3-0964-f0f4-7aee-4ff17fb57f8f/886448057239.jpg/600x600bb.jpg"
"1355","The Summoning","Take Me Back to Eden","Sleep Token","2023","DEBUT","","2025-09-09 12:04:51","https://upload.wikimedia.org/wikipedia/en/4/48/SleepTokenTMBTE.jpg"
"1356","Dancing In The Street","Single Only","David Bowie and Mick Jagger","1985","1342","1399","2025-09-09 12:03:00","https://cdn.mediaworks.nz/therock/images/songs/ab67616d0000b2733cc298f07d473f944016bd03.jpg"
"1357","MF From Hell","The Datsuns","The Datsuns","2002","1261","1067","2025-09-09 11:53:31","https://is1-ssl.mzstatic.com/image/thumb/Music/d1/be/fe/mzi.rluluiis.jpg/600x600bb.jpg"
"1358","Waterfront","Sparkle in the Rain","Simple Minds","1983","1314","1201","2025-09-09 11:48:43","https://is1-ssl.mzstatic.com/image/thumb/Music128/v4/98/21/36/982136f8-ac58-78f0-7b86-c800b48fafd2/00602547112187.rgb.jpg/600x600bb.jpg"
"1359","Mein Land","Made in Germany 1995?2011","Rammstein","2011","1429","1255","2025-09-09 11:44:19","https://is1-ssl.mzstatic.com/image/thumb/Music123/v4/99/1a/51/991a51f3-3179-6a05-4810-f4db34737a14/00602577624643.rgb.jpg/600x600bb.jpg"
"1360","You Gotta Know","Traction","Supergroove","1994","1667","1685","2025-09-09 11:36:34","https://is1-ssl.mzstatic.com/image/thumb/Music/v4/f6/dd/93/f6dd9399-4000-5be7-f383-151829ca9425/886444055154.jpg/600x600bb.jpg"
"1361","Pork and Beans","Weezer (The Red Album)","Weezer","2008","1511","1267","2025-09-09 11:33:38","https://is1-ssl.mzstatic.com/image/thumb/Music124/v4/43/7f/79/437f79e5-3658-3082-accd-07b27003ca14/16UMGIM53163.rgb.jpg/600x600bb.jpg"
"1362","Crazy Little Thing Called Love","The Game","Queen","1980","1133","965","2025-09-09 11:31:16","https://is1-ssl.mzstatic.com/image/thumb/Music125/v4/bb/d4/75/bbd475e4-71ce-65d3-f622-e212b0dc9ecb/14DMGIM05605.rgb.jpg/600x600bb.jpg"
"1363","Anna Molly","Light Grenades","Incubus","2006","1258","1813","2025-09-09 11:24:52","https://is1-ssl.mzstatic.com/image/thumb/Music115/v4/39/d6/b9/39d6b928-3782-0463-3108-5ba555039995/828768385227.jpg/600x600bb.jpg"
"1364","Rock 'N' Roll Train","Black Ice","AC/DC","2008","1308","1171","2025-09-09 11:20:43","https://is1-ssl.mzstatic.com/image/thumb/Features114/v4/e3/11/46/e3114613-1163-9c1a-f3ea-70f6a9b38d7e/dj.mtwvirjq.jpg/600x600bb.jpg"
"1365","Say You'll Haunt Me","Audio Secrecy","Stone Sour","2010","1694","1278","2025-09-09 11:17:25","https://is1-ssl.mzstatic.com/image/thumb/Music115/v4/56/b6/25/56b6251f-c605-173a-1e63-183ae53524de/mzi.mkvzgnuq.jpg/600x600bb.jpg"
"1366","Miss You","Some Girls","The Rolling Stones","1978","1131","1125","2025-09-09 11:14:10","https://is1-ssl.mzstatic.com/image/thumb/Music122/v4/d9/6d/64/d96d6477-52a7-2f7e-dcb3-64ca658e9da5/08UMGIM15738.rgb.jpg/600x600bb.jpg"
"1367","Crackerman","Core","Stone Temple Pilots","1992","1231","878","2025-09-09 11:09:15","https://is1-ssl.mzstatic.com/image/thumb/Music128/v4/9c/c1/4d/9cc14ddd-fc63-58eb-d911-98de74825324/603497869275.jpg/600x600bb.jpg"
"1368","Better Be Home Soon","Temple of Low Men","Crowded House","1988","1172","1296","2025-09-09 11:08:29","https://is1-ssl.mzstatic.com/image/thumb/Music125/v4/4f/71/9f/4f719f04-9c22-ec85-4251-60bf309483d1/00077774876353.jpg/600x600bb.jpg"
"1369","Don't Speak","Tragic Kingdom","No Doubt","1995","1911","","2025-09-09 11:01:59","https://is1-ssl.mzstatic.com/image/thumb/Music115/v4/fe/0a/68/fe0a687a-537e-e902-0778-90465c118f77/00602547870575.rgb.jpg/600x600bb.jpg"
"1370","One","Achtung Baby","U2","1991","1368","1557","2025-09-09 10:52:55","https://is1-ssl.mzstatic.com/image/thumb/Music116/v4/fe/5e/4f/fe5e4f79-c74f-c39e-39dc-4c8a952b9665/17UMGIM98829.rgb.jpg/600x600bb.jpg"
"1371","Love, Hate, Love","Facelift","Alice In Chains","1990","RE-ENTRY","","2025-09-09 10:45:57","https://cdn.mediaworks.nz/therock/images/songs/274953009.jpg"
"1372","Into The Great Wide Open","Into the Great Wide Open","Tom Petty and The Heartbreakers","1991","1500","1322","2025-09-09 10:42:04","https://is1-ssl.mzstatic.com/image/thumb/Music112/v4/82/7f/96/827f96f5-4ef5-3216-d68f-be3e11fe160f/06UMGIM07741.rgb.jpg/1000x1000bb.jpg"
"1373","Pepper","Electriclarry Land","Butthole Surfers","1996","1254","884","2025-09-09 10:32:42","https://is1-ssl.mzstatic.com/image/thumb/Music115/v4/33/79/3d/33793d49-2b29-73d7-6916-74f5fadddd09/00724382984252.rgb.jpg/600x600bb.jpg"
"1374","Cold Hard Bitch","Get Born","Jet","2003","1452","1108","2025-09-09 10:28:45","https://is1-ssl.mzstatic.com/image/thumb/Features115/v4/b6/d5/0d/b6d50d9c-e1d1-26bb-69c0-6def7a0094c6/dj.qbbboqmi.jpg/600x600bb.jpg"
"1375","Radio Nowhere","Magic","Bruce Springsteen","2007","1112","919","2025-09-09 10:25:37","https://is1-ssl.mzstatic.com/image/thumb/Music118/v4/55/61/a4/5561a4e0-9c02-5699-8d9c-756939e7194c/886446843957.jpg/600x600bb.jpg"
"1376","Nothing At All","But Here We Are","Foo Fighters","2023","277","","2025-09-09 10:21:39","https://is1-ssl.mzstatic.com/image/thumb/Music126/v4/50/41/c9/5041c992-e078-77c1-442a-ff896abd59db/196871063197.jpg/600x600bb.jpg"
"1377","What It Takes","Pump","Aerosmith","1989","1135","1261","2025-09-09 10:15:50","https://is1-ssl.mzstatic.com/image/thumb/Music114/v4/65/92/0c/65920cae-e1e0-03ce-812e-70de7bb03f86/00602537156665.rgb.jpg/600x600bb.jpg"
"1378","Society","Full Circle","Pennywise","1997","RE-ENTRY","1288","2025-09-09 10:13:05","https://cdn.mediaworks.nz/therock/images/songs/1609745793.jpg"
"1379","Let's Dance","Let's Dance","David Bowie","1983","1424","1326","2025-09-09 10:07:39","https://is1-ssl.mzstatic.com/image/thumb/Music115/v4/bd/df/9d/bddf9d26-d45a-278f-26c1-e5274094cb27/190295671600.jpg/600x600bb.jpg"
"1380","Life's Coming In Slow","Find Your Line: Official Music from GRAN TURISMO 7","Nothing But Thieves","2022","1439","1627","2025-09-09 10:05:28","https://m.media-amazon.com/images/I/41UPL0amc-L._UXNaN_FMjpg_QL85_.jpg"
"1381","Running With The Devil","Van Halen","Van Halen","1978","1237","1279","2025-09-09 10:02:03","https://is1-ssl.mzstatic.com/image/thumb/Music115/v4/34/15/80/341580d4-dae6-2809-8797-ee7930ddb643/603497891085.jpg/600x600bb.jpg"
"1382","Shepherd Of Fire","Hail To The King","Avenged Sevenfold","2013","1116","631","2025-09-09 09:52:50","https://is1-ssl.mzstatic.com/image/thumb/Music115/v4/c3/8f/cb/c38fcb39-bbca-3e38-4b5d-1add583d2e92/093624942214.jpg/600x600bb.jpg"
"1383","Fans","Because of the Times","Kings Of Leon","2007","634","606","2025-09-09 09:49:27","https://is1-ssl.mzstatic.com/image/thumb/Music115/v4/ad/53/ee/ad53ee45-d47c-f275-6143-695704675959/886447330272.jpg/600x600bb.jpg"
"1384","Vitamin R (Leading Us Along)","This Type of Thinking (Could Do Us In)","Chevelle","2004","1910","1910","2025-09-09 09:45:58","https://is1-ssl.mzstatic.com/image/thumb/Music124/v4/35/74/5f/35745f9d-8a40-0cb4-6fc9-c139dafd5d9b/696998690820.jpg/600x600bb.jpg"
"1385","Lullaby","Disintegration","The Cure","1989","RE-ENTRY","","2025-09-09 09:34:57","https://cdn.mediaworks.nz/therock/images/songs/371772227.jpg"
"1386","I'd Die To Be With You Tonight","For The Working Class Man","Jimmy Barnes","1985","1249","953","2025-09-09 09:30:51","https://is1-ssl.mzstatic.com/image/thumb/Music6/v4/d5/5d/7f/d55d7f36-b2f0-3efb-7456-deaba378b422/Working_Class_Man.jpg/600x600bb.jpg"
"1387","The Frayed Ends of Sanity","...And Justice for All","Metallica","1988","1305","1361","2025-09-09 09:22:55","https://is1-ssl.mzstatic.com/image/thumb/Music114/v4/c3/65/83/c3658386-7e98-e77c-ac2f-15ea33898bfa/858978005929.png/600x600bb.jpg"
"1388","Rise Above This","Finding Beauty in Negative Spaces","Seether","2008","1503","1158","2025-09-09 09:19:07","https://is1-ssl.mzstatic.com/image/thumb/Music115/v4/4c/ff/89/4cff8908-2853-d82e-cd41-7be4fca210bc/14CMGIM00766.rgb.jpg/600x600bb.jpg"
"1389","The Wicker Man","Brave New World","Iron Maiden","2000","1963","625","2025-09-09 09:15:00","https://is1-ssl.mzstatic.com/image/thumb/Music117/v4/ae/88/8f/ae888f8e-3b42-b3cb-b06b-e299fada94da/4050538293180.jpg/600x600bb.jpg"
"1390","Long Road To Ruin","Echoes, Silence, Patience & Grace","Foo Fighters","2007","812","747","2025-09-09 09:10:50","https://is1-ssl.mzstatic.com/image/thumb/Music115/v4/1d/3a/32/1d3a32ba-d5a2-f2e6-ce98-276bb77adc6f/886971151626.jpg/600x600bb.jpg"
"1391","Paralyzed","Blue Electric Light","Lenny Kravitz","2024","DEBUT","","2025-09-09 09:06:07","https://upload.wikimedia.org/wikipedia/en/1/1c/Lenny_Kravitz_-_Blue_Electric_Light.png"
"1392","I Am Mine","Riot Act","Pearl Jam","2002","1159","1703","2025-09-09 09:02:47","https://is1-ssl.mzstatic.com/image/thumb/Music/13/37/e4/mzi.jojevjqg.jpg/1000x1000bb.jpg"
"1393","Bullitproof","Pacifier","Shihad","2002","1559","1864","2025-09-09 08:51:53","https://is1-ssl.mzstatic.com/image/thumb/Music124/v4/ff/ac/13/ffac13ff-d212-1f29-e175-948cec84bccc/190295035679.jpg/600x600bb.jpg"
"1394","Warning","Morning View","Incubus","2001","1041","1110","2025-09-09 08:47:52","https://is1-ssl.mzstatic.com/image/thumb/Music115/v4/2c/95/ec/2c95ecf2-8303-50b6-2e19-ea6b28424af9/mzi.yficmzdc.jpg/600x600bb.jpg"
"1395","Movies","Anthology","Alien Ant Farm","2001","1333","1850","2025-09-09 08:45:19","https://is1-ssl.mzstatic.com/image/thumb/Music115/v4/31/ab/5c/31ab5cde-ce71-8bed-618b-f32629f765c9/06UMGIM18711.rgb.jpg/600x600bb.jpg"
"1396","School's Out","School's Out","Alice Cooper","1972","893","1293","2025-09-09 08:36:55","https://is1-ssl.mzstatic.com/image/thumb/Music115/v4/87/6d/ba/876dba99-aba4-1f03-43fd-a41bbdddb24a/081227858766.jpg/1000x1000bb.jpg"
"1397","The Fight Song","Holy Wood (In the Shadow of the Valley of Death)","Marilyn Manson","2000","RE-ENTRY","1922","2025-09-09 08:32:15","https://cdn.mediaworks.nz/therock/images/songs/1440906480.jpg"
"1398","Crawl","Only By The Night","Kings Of Leon","2008","826","871","2025-09-09 08:28:32","https://is1-ssl.mzstatic.com/image/thumb/Features125/v4/74/25/4c/74254c8b-e03d-44e8-304d-4cde508b8cfb/dj.swemfdrr.jpg/600x600bb.jpg"
"1399","Higher Ground","Mothers Milk","Red Hot Chili Peppers","1989","1330","1127","2025-09-09 08:25:12","https://i.scdn.co/image/ab67616d0000b273cb7df89ad21dd511aa5f818d"
"1400","Swamp Song","Undertow","Tool","1993","1454","1038","2025-09-09 08:25:12","https://is1-ssl.mzstatic.com/image/thumb/Music125/v4/48/4c/fa/484cfa09-4d6c-16c5-d195-8a8b6027f71e/886447824740.jpg/600x600bb.jpg"
"1401","Dam That River","Dirt","Alice In Chains","1992","1365","1363","2025-09-09 08:09:01","https://is1-ssl.mzstatic.com/image/thumb/Music112/v4/54/26/62/5426627b-4707-7867-acc0-ce616d250381/074645247526.jpg/600x600bb.jpg"
"1402","Runaway Train","Grave Dancers Union","Soul Asylum","1992","1201","1299","2025-09-09 08:05:36","https://m.media-amazon.com/images/M/MV5BYjdjM2UzNDMtNzBlNS00NGY2LWFmNDItOTlmMzgwZGUzMWZlXkEyXkFqcGdeQXVyNDE4OTY5NzI@._V1_.jpg"
"1403","A Place For My Head","Hybrid Theory","Linkin Park","2000","1844","","2025-09-08 16:52:31","https://is1-ssl.mzstatic.com/image/thumb/Features115/v4/f0/31/b2/f031b2b2-bcf0-6102-426f-e0b2c7437415/dj.vrgpwamf.jpg/600x600bb.jpg"
"1404","Indifference","vs.","Pearl Jam","1993","856","1294","2025-09-08 16:48:03","https://is1-ssl.mzstatic.com/image/thumb/Music115/v4/60/a1/f7/60a1f7ee-72d8-0096-ac20-fe9c453211c7/dj.nyndmalc.jpg/600x600bb.jpg"
"1405","Ava Adore","Adore","Smashing Pumpkins","1998","1806","1902","2025-09-08 16:43:25","https://is1-ssl.mzstatic.com/image/thumb/Music115/v4/3a/dc/08/3adc08b0-e98c-b5dd-943e-a37c7ed06205/13UABIM03615.rgb.jpg/600x600bb.jpg"
"1406","Bored To Death","California","Blink-182","2016","1275","1420","2025-09-08 16:32:01","https://is1-ssl.mzstatic.com/image/thumb/Music116/v4/44/15/65/4415653a-7fc5-d4c7-ade4-b5b9b630f61f/4050538212662.jpg/1000x1000bb.jpg"
"1407","Keep Talking","The Division Bell","Pink Floyd","1994","1358","1451","2025-09-08 16:28:08","https://is1-ssl.mzstatic.com/image/thumb/Music125/v4/c6/49/fc/c649fc21-4c65-d55d-71a4-dac0c39e7a56/886445627572.jpg/600x600bb.jpg"
"1408","Malibu","Celebrity Skin","Hole","1998","1698","1442","2025-09-08 16:22:17","https://is1-ssl.mzstatic.com/image/thumb/Music115/v4/8e/16/87/8e16871e-270a-20f8-db2e-451b6e6749e7/00720642516423.rgb.jpg/600x600bb.jpg"
"1409","My Wave","Superunknown","Soundgarden","1994","1345","1450","2025-09-08 16:16:25","https://is1-ssl.mzstatic.com/image/thumb/Music221/v4/ae/b6/d6/aeb6d672-2004-41eb-ccba-e2964643a2bc/06UMGIM18607.rgb.jpg/600x600bb.jpg"
"1410","How Far We've Come","Exile on Mainstream","Matchbox 20","2007","1536","1177","2025-09-08 16:13:32","https://is1-ssl.mzstatic.com/image/thumb/Music114/v4/ea/35/a1/ea35a127-b30c-0c76-941a-16db9757bea6/075679958501.jpg/600x600bb.jpg"
"1411","Walking In Light","Right First Time","Th' Dudes","1979","1442","1573","2025-09-08 16:08:38","https://is1-ssl.mzstatic.com/image/thumb/Music126/v4/a5/a1/4a/a5a14ab1-98ee-18a6-3b15-0a986759fb92/9419569104424.png/1000x1000bb.jpg"
"1412","Guilty All The Same","The Hunting Party","Linkin Park","2014","1341","1216","2025-09-08 16:04:20","https://is1-ssl.mzstatic.com/image/thumb/Music115/v4/2e/d4/0c/2ed40c04-6385-5dec-21bc-37eda2e09cff/093624936602.jpg/600x600bb.jpg"
"1413","Reptilia","Room on Fire","The Strokes","2003","1325","1345","2025-09-08 15:53:52","https://is1-ssl.mzstatic.com/image/thumb/Music124/v4/f7/e9/2a/f7e92a48-0e20-8286-bbbf-80bd85fbb1af/mzi.gcledsjj.jpg/600x600bb.jpg"
"1414","Do You Feel Like We Do","Frampton Comes Alive","Peter Frampton","1976","1471","1544","2025-09-08 15:40:34","https://is1-ssl.mzstatic.com/image/thumb/Music124/v4/61/d4/59/61d45930-47dd-f4e4-4086-a811247a6254/11UMGIM11755.rgb.jpg/600x600bb.jpg"
"1415","I Got Id","Single Only","Pearl Jam","1995","1367","1652","2025-09-08 15:26:56","https://is1-ssl.mzstatic.com/image/thumb/Music5/v4/16/3b/6a/163b6a3c-e487-5cc2-faf2-c1308c876aa7/dj.gaxkerjb.jpg/1000x1000bb.jpg"
"1416","For What It's Worth","Battle for the Sun","Placebo","2009","1538","1607","2025-09-08 15:24:41","https://is1-ssl.mzstatic.com/image/thumb/Music124/v4/0e/7c/e7/0e7ce723-c648-2f9f-c143-8cc91c08f301/5060186926858_1.jpg/1000x1000bb.jpg"
"1417","Run For Cover","Wonderful Wonderful","The Killers","2017","1309","1209","2025-09-08 15:19:05","https://is1-ssl.mzstatic.com/image/thumb/Music124/v4/c7/6d/d2/c76dd248-4387-109c-4d87-511abbb9b002/17UM1IM16584.rgb.jpg/600x600bb.jpg"
"1418","Young Years","Bondi Road","Dragon","1989","1445","1751","2025-09-08 15:14:13","https://is1-ssl.mzstatic.com/image/thumb/Music124/v4/2c/7d/49/2c7d4937-c51b-e63a-0a85-e4e1986e6cd4/9339718113797.jpg/600x600bb.jpg"
"1419","George","George","Tadpole","2025","DEBUT","","2025-09-08 15:11:47","https://d10j3mvrs1suex.cloudfront.net/s:bzglfiles/u/805375/da1e036c6a601590f6342a5cb7c2f97349647762/original/tadpole-george-pshot-1000x1000.jpg/!!/b%3AW1sicmVzaXplIiwxMDAwXSxbIm1heCJdLFsid2UiXV0%3D/meta%3AeyJzcmNCdWNrZXQiOiJiemdsZmlsZXMifQ%3D%3D.jpg"
"1420","Saturday Night's Alright For Fighting","Goodbye Yellow Brick Road","Elton John","1973","1409","1366","2025-09-08 15:06:05","https://is1-ssl.mzstatic.com/image/thumb/Music122/v4/b3/60/b6/b360b655-4d28-179d-d0d4-4e128ebdf4c9/13UAEIM19273.rgb.jpg/600x600bb.jpg"
"1421","For What You Burn","Killjoy","Shihad","1995","1413","1690","2025-09-08 14:54:34","https://is1-ssl.mzstatic.com/image/thumb/Music124/v4/12/cd/ae/12cdaeb0-98c3-1b43-e66a-4d5cf43c51eb/825646137091.jpg/600x600bb.jpg"
"1422","You Ain't Seen Nothing Yet","Not Fragile","Bachman Turner Overdrive","1974","1449","1483","2025-09-08 14:50:45","https://is1-ssl.mzstatic.com/image/thumb/Music114/v4/bb/31/2e/bb312e9f-9a97-a814-c746-d4a49c61d921/00042283017825.rgb.jpg/1000x1000bb.jpg"
"1423","She's Got Issues","Americana","The Offspring","1998","1433","1240","2025-09-08 14:40:58","https://is1-ssl.mzstatic.com/image/thumb/Music125/v4/74/79/7b/74797b37-ea15-e667-1e75-8f59053e41f3/00602557270945.rgb.jpg/600x600bb.jpg"
"1424","Boys Don't Cry","Boys Don't Cry","The Cure","1980","1292","1511","2025-09-08 14:38:52","https://upload.wikimedia.org/wikipedia/en/f/fa/Boys_Don%27t_Cry.jpg"
"1425","Sunshower","Great Expectations: Soundtrack","Chris Cornell","1998","1175","1122","2025-09-08 14:32:01","https://cdn.mediaworks.nz/therock/images/songs/ab67616d0000b273384765aca7a4341b9652d29e.jpg"
"1426","Love Removal Machine","Electric","The Cult","1987","1418","1455","2025-09-08 14:26:49","https://is1-ssl.mzstatic.com/image/thumb/Music126/v4/89/85/42/898542b6-c488-7cd3-8042-2dbef5310913/607618008000.png/600x600bb.jpg"
"1427","Take A Picture","Title of Record","Filter","1999","1111","1004","2025-09-08 14:22:01","https://is1-ssl.mzstatic.com/image/thumb/Music125/v4/38/d5/7d/38d57db2-a5bd-9017-a34f-2222d8b1465e/18CRGIM06050.rgb.jpg/600x600bb.jpg"
"1428","Devil Inside","Kick","INXS","1987","1463","","2025-09-08 14:17:22","https://is1-ssl.mzstatic.com/image/thumb/Music116/v4/04/ca/65/04ca65d0-c796-3f9b-0446-f013dfc1a8d9/603497838899.jpg/600x600bb.jpg"
"1429","Lydia","Pet","Fur Patrol","2000","1269","1540","2025-09-08 14:12:57","https://is1-ssl.mzstatic.com/image/thumb/Music128/v4/65/a6/41/65a64178-340f-e74a-ec7d-4575aec0e47d/9325583008665.jpg/600x600bb.jpg"
"1430","Saving Grace","Highway Companion","Tom Petty","2006","1379","973","2025-09-08 14:08:35","https://is1-ssl.mzstatic.com/image/thumb/Music114/v4/f9/b0/a9/f9b0a923-32a1-c5fc-88e3-4803c13d8611/093624937340.jpg/600x600bb.jpg"
"1431","Zombie","Idols","Yungblud","2025","DEBUT","","2025-09-08 14:04:48","https://i1.sndcdn.com/artworks-jiIczNCskvul-0-t500x500.jpg"
"1432","R.I.P. (Rock in Peace)","Dirty Deeds Done Dirt Cheap","AC/DC","1976","1703","","2025-09-08 13:55:01","https://is1-ssl.mzstatic.com/image/thumb/Music125/v4/51/b1/f7/51b1f7d1-f157-39b1-f850-e08e5206ff63/886443673489.jpg/600x600bb.jpg"
"1433","Like A Bird","Alcohol Fueled Brewtality","Black Label Society","2001","1939","","2025-09-08 13:51:32","https://is1-ssl.mzstatic.com/image/thumb/Music128/v4/02/51/12/0251129c-c971-700d-4bcc-bba4e55f31b9/634164603823.jpg/600x600bb.jpg"
"1434","Whatever","Definately Maybe","Oasis","1994","RE-ENTRY","","2025-09-08 13:40:38","https://i.scdn.co/image/ab67616d0000b2737c8f18614002cc5542f6c7aa"
"1435","Me Wise Magic","Best Of ? Volume I","Van Halen","1996","1420","1351","2025-09-08 13:33:45","https://upload.wikimedia.org/wikipedia/en/4/4d/Van_Halen_-_Best_of_Volume_I.jpg"
"1436","Tempest","Koi No Yokan","Deftones","2012","1636","1879","2025-09-08 13:29:47","https://is1-ssl.mzstatic.com/image/thumb/Music124/v4/0f/b0/5a/0fb05adc-3847-4e07-3fe7-3cf9eb898e4d/093624946793.jpg/600x600bb.jpg"
"1437","Lola","Lola Versus Powerman and the Moneygoround, Part One.","The Kinks","1970","1356","934","2025-09-08 13:25:06","https://is1-ssl.mzstatic.com/image/thumb/Music118/v4/28/af/39/28af39aa-6d9e-61d5-2364-095a7b0d3182/4050538365283.jpg/1000x1000bb.jpg"
"1438","Come A Little Closer","Melophobia","Cage The Elephant","2013","1505","1195","2025-09-08 13:22:11","https://is1-ssl.mzstatic.com/image/thumb/Music115/v4/73/34/af/7334affd-fc75-b3f7-04de-fad6e9f54c69/886444143073.jpg/600x600bb.jpg"
"1439","Falling To Pieces","The Real Thing","Faith No More","1989","1348","1119","2025-09-08 13:16:20","https://is1-ssl.mzstatic.com/image/thumb/Music125/v4/1c/66/6c/1c666c64-4140-05c4-296b-54e8a69cb983/mzi.pqhqsipo.jpg/600x600bb.jpg"
"1440","Don't Look Back","Life in Captivity","I Am Giant","2018","RE-ENTRY","1560","2025-09-08 13:10:44","https://cdn.mediaworks.nz/therock/images/songs/1795549606.jpg"
"1441","You're My Best Friend","A Night at the Opera","Queen","1976","1422","1285","2025-09-08 13:07:03","https://is1-ssl.mzstatic.com/image/thumb/Music125/v4/a7/00/d7/a700d715-a493-19a5-3de9-5753d139419f/14DMGIM05597.rgb.jpg/600x600bb.jpg"
"1442","The Boys Of Summer","So Long, Astoria","The Ataris","2003","1530","1238","2025-09-08 13:02:57","https://is1-ssl.mzstatic.com/image/thumb/Music115/v4/47/55/56/47555653-6269-9486-fe2e-07327ed21358/mzi.kvdsfigl.jpg/600x600bb.jpg"
"1443","White Room","Wheels Of Fire","Cream","1968","1189","1070","2025-09-08 12:53:48","https://is1-ssl.mzstatic.com/image/thumb/Music125/v4/c3/3d/f7/c33df7d6-72be-fefe-d517-907633e2aa59/00602537803163.rgb.jpg/600x600bb.jpg"
"1444","Sleepeater","Ignite","Shihad","2010","1531","1472","2025-09-08 12:50:07","https://is1-ssl.mzstatic.com/image/thumb/Music114/v4/25/85/97/25859756-850a-bfec-aaa3-4f0b19c645e3/825646781560.jpg/600x600bb.jpg"
"1445","I Wanna Rock","Stay Hungry","Twisted Sister","1984","1385","1316","2025-09-08 12:41:49","https://is1-ssl.mzstatic.com/image/thumb/Music125/v4/95/fd/92/95fd92eb-1d33-2213-f78d-ac4bffc04bac/603497879861.jpg/600x600bb.jpg"
"1446","This Is A Call","Foo Fighters","Foo Fighters","1995","1494","1912","2025-09-08 12:38:13","https://is1-ssl.mzstatic.com/image/thumb/Features125/v4/be/d0/cc/bed0cc3e-8f1f-0f62-a434-e624f847d96e/dj.qasnqsul.jpg/1000x1000bb.jpg"
"1447","Born To Be Wild","Steppenwolf","Steppenwolf","1968","1301","","2025-09-08 12:35:52","https://www.udiscovermusic.com/wp-content/uploads/2020/07/Steppenwolf-Born-To-Be-Wild.jpg"
"1448","You Never Knew My Mind","Johnny Cash: Forever Words","Chris Cornell","2018","1284","1742","2025-09-08 12:29:04","https://upload.wikimedia.org/wikipedia/commons/thumb/7/75/Johnny_Cash_-_Forever_Words.jpg/220px-Johnny_Cash_-_Forever_Words.jpg"
"1449","Cruise Control","Body Blow","Headless Chickens","1991","1458","1517","2025-09-08 12:24:28","https://is1-ssl.mzstatic.com/image/thumb/Music1/v4/4e/52/e6/4e52e644-5dc2-b58f-742f-8f221b4b7ee2/889845511250.jpg/600x600bb.jpg"
"1450","Light My Fire","The Doors","The Doors","1967","1450","1697","2025-09-08 12:17:25","https://is1-ssl.mzstatic.com/image/thumb/Features115/v4/03/c6/2d/03c62d8a-487f-78c3-8416-488cfac664eb/dj.sboowgda.jpg/600x600bb.jpg"
"1451","Sonnet","Urban Hymns","The Verve","1997","1488","1619","2025-09-08 12:11:37","https://is1-ssl.mzstatic.com/image/thumb/Music124/v4/02/b2/68/02b268c7-a234-cb8b-7ef3-a774340744eb/17UM1IM02768.rgb.jpg/600x600bb.jpg"
"1452","All Nightmare Long","Death Magnetic","Metallica","2008","837","1016","2025-09-08 12:04:47","https://is1-ssl.mzstatic.com/image/thumb/Music125/v4/40/89/68/40896869-db34-6b2e-3e6e-d778d188713b/0093624981565.jpg/600x600bb.jpg"
"1453","From Out Of Nowhere","The Real Thing","Faith No More","1989","1514","1668","2025-09-08 11:53:52","https://is1-ssl.mzstatic.com/image/thumb/Music125/v4/1c/66/6c/1c666c64-4140-05c4-296b-54e8a69cb983/mzi.pqhqsipo.jpg/600x600bb.jpg"
"1454","Kick","Kick","INXS","1987","1393","1518","2025-09-08 11:51:11","https://is1-ssl.mzstatic.com/image/thumb/Music116/v4/04/ca/65/04ca65d0-c796-3f9b-0446-f013dfc1a8d9/603497838899.jpg/600x600bb.jpg"
"1455","Blue Orchid","Get Behind Me Satan","The White Stripes","2005","1768","1449","2025-09-08 11:49:19","https://is1-ssl.mzstatic.com/image/thumb/Music124/v4/6f/9c/f1/6f9cf14a-9a03-7dca-5969-787c928a71bd/886448800347.jpg/600x600bb.jpg"
"1456","Running Free","Iron Maiden","Iron Maiden","1980","1257","1080","2025-09-08 11:45:38","https://is1-ssl.mzstatic.com/image/thumb/Music124/v4/71/79/75/7179759f-2964-446d-368e-033fd9c5a41e/881034134424.jpg/600x600bb.jpg"
"1457","Original Prankster","Conspiracy Of One","The Offspring","2000","1678","1435","2025-09-08 11:38:14","https://is1-ssl.mzstatic.com/image/thumb/Music114/v4/e1/b7/16/e1b716c5-4c91-da68-b298-c686175e56a4/00602557270969.rgb.jpg/600x600bb.jpg"
"1458","The Other Side","Pump","Aerosmith","1989","1469","","2025-09-08 11:35:23","https://is1-ssl.mzstatic.com/image/thumb/Music114/v4/65/92/0c/65920cae-e1e0-03ce-812e-70de7bb03f86/00602537156665.rgb.jpg/600x600bb.jpg"
"1459","Foxtrot Uniform Charlie Kilo","Hefty Fine","Bloodhound Gang","2005","1482","1574","2025-09-08 11:31:03","https://upload.wikimedia.org/wikipedia/en/thumb/5/56/Bloodhound_Gang_-_Foxtrot_Uniform_Charlie_Kilo.png/220px-Bloodhound_Gang_-_Foxtrot_Uniform_Charlie_Kilo.png"
"1460","Fishing For Lisa","Communicate","The Feelers","2001","1592","1292","2025-09-08 11:29:34","https://is1-ssl.mzstatic.com/image/thumb/Music/y2005/m09/d13/h23/mzi.fulllepd.jpg/600x600bb.jpg"
"1461","Industrial Disease","Love Over Gold","Dire Straits","1982","1353","994","2025-09-08 11:21:30","https://is1-ssl.mzstatic.com/image/thumb/Music/y2005/m06/d22/h07/s05.vercwljr.jpg/600x600bb.jpg"
"1462","Just A Girl","Tragic Kingdom","No Doubt","1995","704","992","2025-09-08 11:18:31","https://is1-ssl.mzstatic.com/image/thumb/Music115/v4/fe/0a/68/fe0a687a-537e-e902-0778-90465c118f77/00602547870575.rgb.jpg/600x600bb.jpg"
"1463","Weather With You","Woodface","Crowded House","1991","1430","","2025-09-08 11:14:27","https://is1-ssl.mzstatic.com/image/thumb/Music125/v4/1b/93/18/1b931893-b838-cecb-4943-2965ef6d23f9/00077779355952.rgb.jpg/600x600bb.jpg"
"1464","Blood","vs.","Pearl Jam","1993","1519","1688","2025-09-08 11:11:03","https://is1-ssl.mzstatic.com/image/thumb/Music115/v4/60/a1/f7/60a1f7ee-72d8-0096-ac20-fe9c453211c7/dj.nyndmalc.jpg/600x600bb.jpg"
"1465","Beverly Hills","Make Believe","Weezer","2005","1169","923","2025-09-08 11:07:43","https://is1-ssl.mzstatic.com/image/thumb/Music114/v4/47/40/48/474048e5-27ed-319e-1b60-73dae6a716d8/06UMGIM12419.rgb.jpg/600x600bb.jpg"
"1466","Blitzkrieg Bop","Ramones","The Ramones","1976","1375","960","2025-09-08 11:05:20","https://is1-ssl.mzstatic.com/image/thumb/Music/v4/eb/c0/ab/ebc0ab80-e4df-08fd-64fd-e3c464e6c607/603497909629.jpg/600x600bb.jpg"
"1467","Still Waiting","Does This Look Infected?","Sum 41","2002","RE-ENTRY","","2025-09-08 11:02:49","https://cdn.mediaworks.nz/therock/images/songs/still_waiting_400_sum_41.jpg"
"1468","Achilles Last Stand","Presence","Led Zeppelin","1976","1412","1031","2025-09-08 10:47:08","https://is1-ssl.mzstatic.com/image/thumb/Music7/v4/e2/a3/c4/e2a3c4ef-79a7-ce1e-bb6d-659c3a03c16d/dj.ntepxuqx.jpg/600x600bb.jpg"
"1469","Feelin' Way Too Damn Good","Silver Side Up","Nickelback","2002","1690","1765","2025-09-08 10:39:44","https://is1-ssl.mzstatic.com/image/thumb/Music115/v4/ad/16/b7/ad16b7c9-2779-d2e5-0fca-83aeff09f4b6/mzi.exqcjkkz.jpg/600x600bb.jpg"
"1470","Where The River Flows","Collective Soul","Collective Soul","1995","1190","1675","2025-09-08 10:35:40","https://is1-ssl.mzstatic.com/image/thumb/Music115/v4/1b/d1/3e/1bd13ea1-3110-95e6-e1ed-c5ee266c2701/18CRGIM05998.rgb.jpg/600x600bb.jpg"
"1471","Brain Damage/Eclipse","Dark Side Of The Moon","Pink Floyd","1973","755","854","2025-09-08 10:30:30","https://is1-ssl.mzstatic.com/image/thumb/Music115/v4/3c/1b/a9/3c1ba9e1-15b1-03b3-3bfd-09dbd9f1705b/dj.mggvbaou.jpg/600x600bb.jpg"
"1472","Megalomaniac","A Crow Left of the Murder","Incubus","2003","1369","1782","2025-09-08 10:24:52","https://is1-ssl.mzstatic.com/image/thumb/Music124/v4/fd/8f/33/fd8f3387-007f-c4de-c920-1a2255f6ee00/884977734911.jpg/600x600bb.jpg"
"1473","Mama","Genesis","Genesis","1983","1397","1167","2025-09-08 10:19:00","https://is1-ssl.mzstatic.com/image/thumb/Music115/v4/8b/7b/ce/8b7bcee5-4c31-aab1-7a65-82e757057e83/mzi.ykiyfzna.jpg/600x600bb.jpg"
"1474","Change","Blind Melon","Blind Melon","1992","1626","1739","2025-09-08 10:15:00","https://is1-ssl.mzstatic.com/image/thumb/Music112/v4/7e/de/2d/7ede2d15-82d9-3fe6-3d01-300e1f0dc53f/13UABIM59246.rgb.jpg/600x600bb.jpg"
"1475","Wishlist","Yield","Pearl Jam","1998","1557","1193","2025-09-08 10:10:51","https://is1-ssl.mzstatic.com/image/thumb/Music124/v4/a9/c6/38/a9c63889-8c3a-e58e-d4fc-c89dc2ac1a60/dj.gredyxzz.jpg/600x600bb.jpg"
"1476","A Beautiful Lie","A Beautiful Lie","30 Seconds To Mars","2005","1398","1315","2025-09-08 10:08:30","https://is1-ssl.mzstatic.com/image/thumb/Music124/v4/b3/59/d0/b359d085-aa84-aae8-d03c-5305d0bb0111/16UMGIM34076.rgb.jpg/600x600bb.jpg"
"1477","Let's Get Rocked","Adrenalize","Def Leppard","1992","1295","1314","2025-09-08 10:02:59","https://is1-ssl.mzstatic.com/image/thumb/Music124/v4/4d/76/28/4d76285a-c319-fd53-14b6-409f19c5e806/00602567295556.rgb.jpg/600x600bb.jpg"
"1478","Cold As Ice","Foreigner","Foreigner","1977","1562","1679","2025-09-08 09:55:10","https://is1-ssl.mzstatic.com/image/thumb/Music125/v4/af/7b/a2/af7ba295-c0c0-ba8d-17da-5cc52959a602/mzi.ykpmzuxm.jpg/600x600bb.jpg"
"1479","Wait For Me","Mechanical Bull","Kings Of Leon","2013","1448","1510","2025-09-08 09:51:45","https://is1-ssl.mzstatic.com/image/thumb/Music115/v4/07/ae/f4/07aef449-241e-fca0-028f-cc71fe65db52/886444064361.jpg/600x600bb.jpg"
"1480","People Live Here","The Black Market","Rise Against","2014","1512","1520","2025-09-08 09:47:15","https://is1-ssl.mzstatic.com/image/thumb/Music124/v4/93/63/97/9363972d-bfde-0762-af8c-b3e5a4b3fcb6/00602537911592.rgb.jpg/600x600bb.jpg"
"1481","Alive And Kicking","Once Upon a Time","Simple Minds","1985","1399","1465","2025-09-08 09:38:03","https://is1-ssl.mzstatic.com/image/thumb/Music115/v4/4e/81/03/4e810314-d72c-ff4f-ec73-34f9858344e2/00602547447647.rgb.jpg/600x600bb.jpg"
"1482","Do You Want To","You Could Have It So Much Better","Franz Ferdinand","2005","1542","1582","2025-09-08 09:34:49","https://is1-ssl.mzstatic.com/image/thumb/Features114/v4/87/09/3c/87093cd8-4f6f-23bc-221d-37d0571ccc10/dj.whujdjmh.jpg/600x600bb.jpg"
"1483","Knock Me Down","Mother's Milk","Red Hot Chili Peppers","1989","1487","1632","2025-09-08 09:31:27","https://upload.wikimedia.org/wikipedia/ru/2/21/RHCP_Knock_Me_Down.jpg"
"1484","I Drink Alone","Maverick","George Thorogood","1985","1589","1340","2025-09-08 09:24:50","https://is1-ssl.mzstatic.com/image/thumb/Music124/v4/ec/8a/8a/ec8a8abd-9465-b56b-6ed9-802334bf371e/05099968541156.jpg/600x600bb.jpg"
"1485","Psycho","Drones","Muse","2015","1355","1198","2025-09-08 09:22:49","https://is1-ssl.mzstatic.com/image/thumb/Music125/v4/fe/e2/d0/fee2d0c2-a1cc-4804-97d5-0db67a7895ed/825646121205.jpg/600x600bb.jpg"
"1486","The Sweetest Thing","Where the Streets Have No Name","U2","1987","1504","","2025-09-08 09:19:19","https://upload.wikimedia.org/wikipedia/en/b/b1/Where_the_Streets_Have_No_Name.png"
"1487","The Day That Never Comes","Death Magnetic","Metallica","2008","770","538","2025-09-08 09:10:47","https://is1-ssl.mzstatic.com/image/thumb/Music125/v4/40/89/68/40896869-db34-6b2e-3e6e-d778d188713b/0093624981565.jpg/600x600bb.jpg"
"1488","All Right Now","Fire And Water","Free","1970","1548","1637","2025-09-08 09:06:13","https://is1-ssl.mzstatic.com/image/thumb/Music125/v4/f9/7f/50/f97f5050-4780-d43f-63c5-ccd584052c52/08UMGIM02685.rgb.jpg/600x600bb.jpg"
"1489","All Around The World","Be Here Now","Oasis","1998","1614","","2025-09-08 08:55:25","https://is1-ssl.mzstatic.com/image/thumb/Music124/v4/1d/39/69/1d396929-1d10-5f46-f50a-7ac85d63f0de/5051961085136.jpg/600x600bb.jpg"
"1490","Blue Monday","Single Only","New Order","1993","1456","1429","2025-09-08 08:46:24","https://is1-ssl.mzstatic.com/image/thumb/Music115/v4/d2/3f/c8/d23fc8e7-3baa-eae3-7301-7a868d00ab09/825646053803.jpg/600x600bb.jpg"
"1491","Long Day","Yourself or Someone Like You","Matchbox 20","1996","1847","","2025-09-08 08:38:52","https://is1-ssl.mzstatic.com/image/thumb/Music125/v4/be/24/30/be243026-a149-dc9d-ef3b-d01fef6da03f/075679957535.jpg/600x600bb.jpg"
"1492","Rats","vs.","Pearl Jam","1993","1404","1000","2025-09-08 08:35:49","https://is1-ssl.mzstatic.com/image/thumb/Music115/v4/60/a1/f7/60a1f7ee-72d8-0096-ac20-fe9c453211c7/dj.nyndmalc.jpg/600x600bb.jpg"
"1493","Lost Control","New Detention","Grinspoon","2002","1629","1311","2025-09-08 08:29:28","https://is1-ssl.mzstatic.com/image/thumb/Music115/v4/80/23/cd/8023cdf7-688c-c345-bd07-0446371640b6/00602547654885.rgb.jpg/600x600bb.jpg"
"1494","The Man Who Sold The World","The Man Who Sold the World","David Bowie","1970","RE-ENTRY","1310","2025-09-08 08:24:51","https://cdn.mediaworks.nz/therock/images/songs/1039798902.jpg"
"1495","The Adventures Of Rain Dance Maggie","I'm With You","Red Hot Chili Peppers","2011","1421","1079","2025-09-08 08:16:57","https://is1-ssl.mzstatic.com/image/thumb/Music114/v4/00/8c/9a/008c9ad2-409a-a830-7e4d-ec5b5085415a/093624954811.jpg/600x600bb.jpg"
"1496","You Know My Name","Carry On","Chris Cornell","2007","1048","1083","2025-09-08 08:12:05","https://is1-ssl.mzstatic.com/image/thumb/Music124/v4/55/45/f3/5545f388-6f82-0e5a-1453-5300ca3df496/00602517298309.rgb.jpg/600x600bb.jpg"
"1497","Still Of The Night","Whitesnake","Whitesnake","1987","1834","1911","2025-09-08 08:06:24","https://is1-ssl.mzstatic.com/image/thumb/Music125/v4/c2/69/53/c2695381-d8b1-d122-0bef-be8663c848f8/603497864980.jpg/600x600bb.jpg"
"1498","Moments Gone","Single Only","Eight","2002","RE-ENTRY","-","2025-09-05 16:53:59","https://encrypted-tbn0.gstatic.com/images?q=tbn:ANd9GcRHlrsgcuXxcTB-JVkH3h6plEQGCwJGyQvmig&s"
"1499","My Hometown","Born in the U.S.A.","Bruce Springsteen","1984","1268","1634","2025-09-05 16:50:09","https://is1-ssl.mzstatic.com/image/thumb/Music115/v4/32/72/68/327268ba-b9dd-b322-2a16-bdd0212df48c/074643865326.jpg/600x600bb.jpg"
"1500","Knocked Up","Because of the Times","Kings Of Leon","2007","1727","1929","2025-09-05 16:42:31","https://is1-ssl.mzstatic.com/image/thumb/Music115/v4/ad/53/ee/ad53ee45-d47c-f275-6143-695704675959/886447330272.jpg/600x600bb.jpg"
"1501","Touch, Peel And Stand","Days of The New","Days Of The New","1997","1467","1185","2025-09-05 16:31:02","https://is1-ssl.mzstatic.com/image/thumb/Music115/v4/34/28/6e/34286e38-a30d-fc6f-89d5-042fe63a763c/00602567831426.rgb.jpg/600x600bb.jpg"
"1502","Debaser","Doolittle","The Pixies","1989","1888","1876","2025-09-05 16:27:02","https://is1-ssl.mzstatic.com/image/thumb/Music126/v4/f8/80/17/f8801798-6f7f-fa2a-446e-729a8b46e7ab/5014436905025.png/600x600bb.jpg"
"1503","Lifestyles Of The Rich And Famous","The Young and the Hopeless","Good Charlotte","2002","1996","1905","2025-09-05 16:22:57","https://is1-ssl.mzstatic.com/image/thumb/Music115/v4/dd/f7/4e/ddf74e20-fce1-3a3d-ba39-397d9a3716df/mzi.dmfngvpi.jpg/600x600bb.jpg"
"1504","Laid To Rest","Ashes Of The Wake","Lamb Of God","2004","DEBUT","","2025-09-05 16:18:58","https://cdn.mediaworks.nz/therock/images/songs/ab67616d0000b2738f5b754451ee8f8caaf5375b.jpg"
"1505","Semi Charmed Life","Third Eye Blind","Third Eye Blind","1997","1447","1091","2025-09-05 16:14:50","https://is1-ssl.mzstatic.com/image/thumb/Music115/v4/89/8f/21/898f2118-a3e1-2b4a-7481-d986d09ffc29/mzi.jbqxjhwg.jpg/600x600bb.jpg"
"1506","Easy Lover","Chinese Wall","Phil Collins & Philip Bailey","1984","1719","1618","2025-09-05 16:06:56","https://upload.wikimedia.org/wikipedia/en/c/c5/Chinese_Wall_%28Philip_Bailey_album_-_cover_art%29.jpg"
"1507","One Foot In The Grave","One Foot In The Grave","Head Like A Hole","2024","1423","","2025-09-05 16:02:45","https://is1-ssl.mzstatic.com/image/thumb/Music122/v4/23/1a/77/231a779f-a235-0a7d-601e-0ee9ee64ed49/9420076428439.png/600x600bb.jpg"
"1508","Detroit Rock City","Destroyer","Kiss","1976","1403","1231","2025-09-05 15:49:43","https://is1-ssl.mzstatic.com/image/thumb/Music116/v4/2c/41/ae/2c41ae90-a3ad-f279-fa55-84aa30cd6360/14UMGIM16027.rgb.jpg/600x600bb.jpg"
"1509","Parklife","Parklife","Blur","1994","1990","","2025-09-05 15:47:07","https://is1-ssl.mzstatic.com/image/thumb/Music126/v4/8a/71/66/8a71664b-3baa-537b-e008-b32d86da27bc/5099997227755.jpg/600x600bb.jpg"
"1510","Damage Inc","Master Of Puppets","Metallica","1986","965","1021","2025-09-05 15:41:45","https://is1-ssl.mzstatic.com/image/thumb/Music118/v4/69/f9/05/69f905ed-ff04-58a2-8de2-1b5338745f19/858978005226.png/600x600bb.jpg"
"1511","Flagpole Sitta","Where Have All the Merrymakers Gone?","Harvey Danger","1997","1584","1945","2025-09-05 15:30:15","https://is1-ssl.mzstatic.com/image/thumb/Music122/v4/47/e9/37/47e937d8-a54a-ddb2-0f0a-459c94782f1f/06UMGIM58976.rgb.jpg/600x600bb.jpg"
"1512","Super Charger Heaven","Astro-Creep: 2000 ? Songs of Love, Destruction and Other Synthetic Delusions of the Electric Head","White Zombie","1995","RE-ENTRY","1593","2025-09-05 15:26:29","https://cdn.mediaworks.nz/therock/images/songs/1440749898.jpg"
"1513","Lump","The Presidents","The Presidents Of The United States Of America","1995","1098","1087","2025-09-05 15:22:49","https://upload.wikimedia.org/wikipedia/en/4/4c/The_Presidents_of_the_United_States_of_America-The_Presidents_of_the_United_States_of_America.jpg"
"1514","Am I Ever Gonna See Your Face Again","The Angels","The Angels","1977","1812","1712","2025-09-05 15:17:45","https://upload.wikimedia.org/wikipedia/en/9/93/The_Angels_-_Am_I_Ever_Gonna_See_Your_Face_Again.jpg"
"1515","The Gift","Karma And Effect","Seether","2005","813","","2025-09-05 15:13:57","https://is1-ssl.mzstatic.com/image/thumb/Music211/v4/f4/8b/66/f48b66e4-81c7-3aef-705e-c78346f16004/14CMGIM00787.rgb.jpg/600x600bb.jpg"
"1516","Add It Up","Violent Femmes","Violent Femmes","1983","1609","1752","2025-09-05 15:07:06","https://is1-ssl.mzstatic.com/image/thumb/Music125/v4/92/ba/7f/92ba7f8c-77f0-23d2-fbcb-6617785f940e/18CRGIM06158.rgb.jpg/600x600bb.jpg"
"1517","Hit That","Splinter","The Offspring","2003","1809","1726","2025-09-05 15:03:05","https://is1-ssl.mzstatic.com/image/thumb/Music115/v4/c7/80/26/c78026f2-c2fa-b967-8863-428ab97e735a/00602557271065.rgb.jpg/600x600bb.jpg"
"1518","Hungry Heart","The River","Bruce Springsteen","1980","1517","1915","2025-09-05 14:53:31","https://is1-ssl.mzstatic.com/image/thumb/Music125/v4/ac/29/8f/ac298fbd-fa23-e8de-09d7-dec9c977f912/074643685429.jpg/600x600bb.jpg"
"1519","Read My Mind","Sam's Town","The Killers","2006","1059","896","2025-09-05 14:48:51","https://is1-ssl.mzstatic.com/image/thumb/Music116/v4/0d/d8/d7/0dd8d755-2147-9954-8b2e-991b25e49f51/17UM1IM06934.rgb.jpg/600x600bb.jpg"
"1520","Dirty Laundry","I Can't Stand Still","Don Henley","1982","1583","","2025-09-05 14:43:39","https://is1-ssl.mzstatic.com/image/thumb/Music116/v4/60/bc/36/60bc360a-05c0-ddbb-9f99-68f36351957c/603497828883.jpg/600x600bb.jpg"
"1521","Woman","Woman","Wolfmother","2006","957","","2025-09-05 14:37:04","https://is1-ssl.mzstatic.com/image/thumb/Music118/v4/c3/92/e5/c392e539-39e8-fb51-e891-ca5e5a8bcf15/00602498785720.rgb.jpg/600x600bb.jpg"
"1522","New York City Cops","Is This It","The Strokes","2001","1408","1350","2025-09-05 14:33:49","https://is1-ssl.mzstatic.com/image/thumb/Features115/v4/ea/04/d4/ea04d45d-6f5d-ede6-fb64-71f3e6a6e62f/dj.ojkzzidd.jpg/600x600bb.jpg"
"1523","Ain't Talkin' 'bout Love","Van Halen","Van Halen","1978","1474","1401","2025-09-05 14:29:55","https://is1-ssl.mzstatic.com/image/thumb/Music115/v4/34/15/80/341580d4-dae6-2809-8797-ee7930ddb643/603497891085.jpg/600x600bb.jpg"
"1524","Aeroplane","One Hot Minute","Red Hot Chili Peppers","1995","1560","1360","2025-09-05 14:25:28","https://is1-ssl.mzstatic.com/image/thumb/Music124/v4/c1/af/b7/c1afb71d-3cf2-0781-ed3b-278a9677f5e8/093624931959.jpg/600x600bb.jpg"
"1525","What You Need","Listen Like Thieves","INXS","1985","1546","1625","2025-09-05 14:21:18","https://is1-ssl.mzstatic.com/image/thumb/Music/v4/5b/1a/56/5b1a5665-0248-05df-258e-70ee6f8a4093/075678127724.jpg/600x600bb.jpg"
"1526","Neon Knights","Heaven and Hell","Black Sabbath","1980","RE-ENTRY","1476","2025-09-05 14:18:02","https://cdn.mediaworks.nz/therock/images/songs/298099519.jpg"
"1527","The Bandit","When You See Yourself","Kings Of Leon","2021","1070","1076","2025-09-05 14:13:09","https://is1-ssl.mzstatic.com/image/thumb/Music125/v4/ac/c6/8a/acc68af5-41ca-ddcc-6926-e117e9e1b198/886448318903.jpg/600x600bb.jpg"
"1528","Motorbreath","Kill 'Em All","Metallica","1983","RE-ENTRY","1378","2025-09-05 14:09:53","https://cdn.mediaworks.nz/therock/images/songs/579146130.jpg"
"1529","Hurts So Good","American Fool","John Mellencamp","1982","1763","1958","2025-09-05 14:05:27","https://upload.wikimedia.org/wikipedia/en/2/2c/JC_American_Fool.jpg"
"1530","Trouble's Coming","Typhoons","Royal Blood","2020","1069","799","2025-09-05 14:02:11","https://is1-ssl.mzstatic.com/image/thumb/Music115/v4/9c/7a/dc/9c7adc95-3e2f-26c9-1ff4-c9eab87386eb/190295028060.jpg/600x600bb.jpg"
"1531","You Freak Me","Traction ","Supergroove","1994","1524","1530","2025-09-05 13:52:59","https://is1-ssl.mzstatic.com/image/thumb/Music/v4/f6/dd/93/f6dd9399-4000-5be7-f383-151829ca9425/886444055154.jpg/600x600bb.jpg"
"1532","Audience Of One","Appeal To Reason","Rise Against","2008","1766","1918","2025-09-05 13:49:29","https://is1-ssl.mzstatic.com/image/thumb/Music115/v4/c8/fa/6a/c8fa6acb-bd79-5399-0876-f5e6a0f226e8/08UMGIM18022.rgb.jpg/600x600bb.jpg"
"1533","Take It Back","The Division Bell","Pink Floyd","1994","1775","1722","2025-09-05 13:43:24","https://is1-ssl.mzstatic.com/image/thumb/Music125/v4/c6/49/fc/c649fc21-4c65-d55d-71a4-dac0c39e7a56/886445627572.jpg/600x600bb.jpg"
"1534","Na Na Na (Na Na Na Na Na Na)","Danger Days: The True Lives of the Fabulous Killjoys","My Chemical Romance","2010","RE-ENTRY","1737","2025-09-05 13:35:24","https://cdn.mediaworks.nz/therock/images/songs/396793722.jpg"
"1535","Hard As A Rock","Ballbreaker","AC/DC","1995","1007","1766","2025-09-05 13:30:06","https://is1-ssl.mzstatic.com/image/thumb/Music125/v4/d2/eb/98/d2eb9865-9ce3-e2d9-24a7-836c0773c746/886443673366.jpg/600x600bb.jpg"
"1536","Hero","Music from and Inspired by Spider-Man","Chad Kroeger ft Josey Scott","2002","996","648","2025-09-05 13:27:30","https://encrypted-tbn0.gstatic.com/images?q=tbn:ANd9GcSrJWRykRMASfH5nm_FtUtkNeMzBNuHtj0Aeg&s"
"1537","Just Because","Strays","Jane's Addiction","2003","1360","1116","2025-09-05 13:22:31","https://is1-ssl.mzstatic.com/image/thumb/Music125/v4/df/e7/21/dfe721fb-74be-6a07-197f-2000b3492f4a/00724359018652.rgb.jpg/1000x1000bb.jpg"
"1538","Help","Crooked Teeth","Papa Roach","2017","RE-ENTRY","","2025-09-05 13:19:12","https://cdn.mediaworks.nz/therock/images/songs/1699431727.jpg"
"1539","Locomotive Breath","Aqualung","Jethro Tull","1971","1177","1304","2025-09-05 13:13:50","https://is1-ssl.mzstatic.com/image/thumb/Music115/v4/0a/a0/6f/0aa06f12-dcc9-1096-77cd-783af1bc393f/dj.kzxxwyvz.jpg/600x600bb.jpg"
"1540","Deep","Ten","Pearl Jam","1991","1632","1554","2025-09-05 13:08:16","https://is1-ssl.mzstatic.com/image/thumb/Music125/v4/5e/91/c1/5e91c1ba-53cb-c5c8-15f1-d3c81f3b3592/dj.psrqglcw.jpg/600x600bb.jpg"
"1541","One Way Ticket","One Way Ticket to Hell... and Back","The Darkness","2005","1252","849","2025-09-05 13:06:03","https://is1-ssl.mzstatic.com/image/thumb/Music/61/14/e4/mzi.rpxuxoor.jpg/600x600bb.jpg"
"1542","Last Nite","Is This It","The Strokes","2001","1208","1371","2025-09-05 13:02:50","https://is1-ssl.mzstatic.com/image/thumb/Features115/v4/ea/04/d4/ea04d45d-6f5d-ede6-fb64-71f3e6a6e62f/dj.ojkzzidd.jpg/600x600bb.jpg"
"1543","Fall At Your Feet","Woodface","Crowded House","1991","1568","1687","2025-09-05 12:53:46","https://is1-ssl.mzstatic.com/image/thumb/Music125/v4/1b/93/18/1b931893-b838-cecb-4943-2965ef6d23f9/00077779355952.rgb.jpg/600x600bb.jpg"
"1544","D'you Know What I Mean?","Be Here Now","Oasis","1997","RE-ENTRY","","2025-09-05 12:45:54","https://cdn.mediaworks.nz/therock/images/songs/do_you_know_what_i_mean_400_oasis.jpg"
"1545","Nothing As It Seems","Bianaural","Pearl Jam","2000","1537","1589","2025-09-05 12:34:15","https://upload.wikimedia.org/wikipedia/en/f/f3/PearlJam-Binaural.jpg"
"1546","Stay","End The Silence","Blindspott","2006","1940","1827","2025-09-05 12:32:00","https://is1-ssl.mzstatic.com/image/thumb/Music/a4/f7/7f/mzi.tzpszfzm.tif/600x600bb.jpg"
"1547","Misty Mountain Hop","Led Zeppelin IV","Led Zeppelin","1971","1550","1535","2025-09-05 12:27:44","https://is1-ssl.mzstatic.com/image/thumb/Music115/v4/5c/15/9b/5c159b27-95ca-b9a7-84e3-28e795fffd39/dj.kvkrpptq.jpg/600x600bb.jpg"
"1548","Distant Sun","He Will Have His Way","Chris Cheney","2010","1373","1997","2025-09-05 12:23:02","https://m.media-amazon.com/images/I/51EnK++kctL._UF894,1000_QL80_.jpg"
"1549","I Wanna Be Sedated","Road to Ruin","The Ramones","1978","1179","1539","2025-09-05 12:20:25","https://is1-ssl.mzstatic.com/image/thumb/Music6/v4/c2/86/19/c28619a9-e26c-20f7-fef6-0d21412aefb4/603497909568.jpg/600x600bb.jpg"
"1550","China Girl","Let's Dance","David Bowie","1983","1779","1396","2025-09-05 12:17:00","https://is1-ssl.mzstatic.com/image/thumb/Music115/v4/bd/df/9d/bddf9d26-d45a-278f-26c1-e5274094cb27/190295671600.jpg/600x600bb.jpg"
"1551","Prey","Reverence","Parkway Drive","2018","RE-ENTRY","1663","2025-09-05 12:11:02","https://cdn.mediaworks.nz/therock/images/songs/1485071485.jpg"
"1552","Don't Change","Shabooh Shoobah","INXS","1982","1280","1277","2025-09-05 12:06:19","https://is1-ssl.mzstatic.com/image/thumb/Music125/v4/f0/05/95/f0059533-fcf7-3278-8450-7e2f7a273326/075679007223.jpg/600x600bb.jpg"
"1553","Ohms","Ohms","Deftones","2020","1796","1367","2025-09-05 12:02:07","https://is1-ssl.mzstatic.com/image/thumb/Music115/v4/b4/b6/1a/b4b61aee-c236-4061-55de-15c8a57ca32a/093624892120.jpg/600x600bb.jpg"
"1554","Don't Stop","Rumours","Fleetwood Mac","1977","1867","1949","2025-09-05 11:53:06","https://is1-ssl.mzstatic.com/image/thumb/Music124/v4/4d/13/ba/4d13bac3-d3d5-7581-2c74-034219eadf2b/081227970949.jpg/600x600bb.jpg"
"1555","Break","Life Starts Now","Three Days Grace","2011","RE-ENTRY","","2025-09-05 11:51:00","https://cdn.mediaworks.nz/therock/images/songs/330253758.jpg"
"1556","December","Collective Soul","Collective Soul","1995","1278","1331","2025-09-05 11:41:56","https://is1-ssl.mzstatic.com/image/thumb/Music115/v4/1b/d1/3e/1bd13ea1-3110-95e6-e1ed-c5ee266c2701/18CRGIM05998.rgb.jpg/600x600bb.jpg"
"1557","Oblivion","Crack the Skye","Mastodon","2009","RE-ENTRY","1950","2025-09-05 11:37:41","https://cdn.mediaworks.nz/therock/images/songs/1218344932.jpg"
"1558","Cum On Feel The Noize","Metal Health ","Quiet Riot","1983","1336","1488","2025-09-05 11:31:08","https://is1-ssl.mzstatic.com/image/thumb/Music125/v4/2f/d9/e9/2fd9e9bb-995c-2061-5c11-4e275fad4efa/mzi.gthozawx.jpg/600x600bb.jpg"
"1559","Gotta Get Away","Smash","The Offspring","1994","1654","1549","2025-09-05 11:27:24","https://is1-ssl.mzstatic.com/image/thumb/Music221/v4/af/a3/6f/afa36ff7-01fd-f054-1e05-b257aff7cd20/0045778686865.png/600x600bb.jpg"
"1560","Blue Sky Mine","Blue Sky Mining","Midnight Oil","1990","1571","1140","2025-09-05 11:22:48","https://is1-ssl.mzstatic.com/image/thumb/Music125/v4/6a/51/d6/6a51d6d0-0e1d-05fa-e068-36a229117637/886444672726.jpg/600x600bb.jpg"
"1561","Can't Change Me","Euphoria Morning","Chris Cornell","1999","1662","1553","2025-09-05 11:19:04","https://upload.wikimedia.org/wikipedia/en/thumb/d/dd/ChrisCornell-EuphoriaMourning.jpg/220px-ChrisCornell-EuphoriaMourning.jpg"
"1562","Livin' On The Edge","Get a Grip","Aerosmith","1993","1054","1112","2025-09-05 11:11:50","https://is1-ssl.mzstatic.com/image/thumb/Music126/v4/8b/04/87/8b048775-ed10-439d-18a6-5ecb21effcf8/06UMGIM14760.rgb.jpg/600x600bb.jpg"
"1563","The Drugs Don't Work","Urban Hymns","The Verve","1997","1756","1858","2025-09-05 11:08:12","https://is1-ssl.mzstatic.com/image/thumb/Music124/v4/02/b2/68/02b268c7-a234-cb8b-7ef3-a774340744eb/17UM1IM02768.rgb.jpg/600x600bb.jpg"
"1564","Under The Milky Way","Starfish","The Church","1988","1575","1804","2025-09-05 11:02:11","https://is1-ssl.mzstatic.com/image/thumb/Music114/v4/a4/87/86/a48786f3-5c92-30d6-be13-de7b030d6d7e/dj.mhnucynb.jpg/600x600bb.jpg"
"1565","Chasing Cars","Eyes Open","Snow Patrol","2006","RE-ENTRY","1791","2025-09-05 10:53:05","https://cdn.mediaworks.nz/therock/images/songs/1447258529.jpg"
"1566","I Shot The Sheriff","461 Ocean Boulevard","Eric Clapton","1974","1581","","2025-09-05 10:47:10","https://is1-ssl.mzstatic.com/image/thumb/Music124/v4/40/96/c8/4096c8e5-f890-bcfd-1c5b-01d96e026bb8/00602498252468.rgb.jpg/600x600bb.jpg"
"1567","Dead!","The Black Parade","My Chemical Romance","2006","RE-ENTRY","","2025-09-05 10:43:39","https://cdn.mediaworks.nz/therock/images/songs/209388277.jpg"
"1568","Out In The Fields","Run For Cover","Gary Moore and Phil Lynott","1985","1716","1753","2025-09-05 10:36:09","https://i.scdn.co/image/ab67616d0000b273335f4d574fe93c68dbf88733"
"1569","The Bucket","Aha Shake Heartbreak","Kings Of Leon","2004","1754","1816","2025-09-05 10:32:36","https://is1-ssl.mzstatic.com/image/thumb/Music123/v4/ac/72/3a/ac723ab3-0964-f0f4-7aee-4ff17fb57f8f/886448057239.jpg/600x600bb.jpg"
"1570","Take Me There","Hunting Whales","The Checks","2007","1528","1622","2025-09-05 10:30:02","https://is1-ssl.mzstatic.com/image/thumb/Music/6a/c3/98/mzi.xitdkexi.jpg/600x600bb.jpg"
"1571","Leash","vs.","Pearl Jam","1993","1484","1405","2025-09-05 10:26:20","https://is1-ssl.mzstatic.com/image/thumb/Music115/v4/60/a1/f7/60a1f7ee-72d8-0096-ac20-fe9c453211c7/dj.nyndmalc.jpg/600x600bb.jpg"
"1572","Black Taxi","The Boondocks","The Boondocks","2024","886","","2025-09-05 10:23:01","https://is1-ssl.mzstatic.com/image/thumb/Music126/v4/f0/27/68/f02768f4-9d71-0d4a-d1a8-dcbbc955bc6e/9420076423366.png/600x600bf-60.jpg"
"1573","Control","Come Clean","Puddle Of Mudd","2001","RE-ENTRY","","2025-09-05 10:19:08","https://cdn.mediaworks.nz/therock/images/songs/control_400_puddle_of_mudd.jpg"
"1574","One Vision","A Kind of Magic","Queen","1985","1737","1814","2025-09-05 10:13:21","https://is1-ssl.mzstatic.com/image/thumb/Music115/v4/0e/8b/cf/0e8bcffc-0d50-f0ac-a853-6adf07b7042e/14DMGIM05613.rgb.jpg/600x600bb.jpg"
"1575","The Mephistopheles Of Los Angeles","The Pale Emperor","Marilyn Manson","2015","1204","1831","2025-09-05 10:09:31","https://is1-ssl.mzstatic.com/image/thumb/Music114/v4/c2/73/f9/c273f905-86e0-bbf9-8756-f70a4cd8fca1/00888072368538.rgb.jpg/600x600bb.jpg"
"1576","Paper In Fire","The Lonesome Jubilee","John Mellencamp","1987","1596","1678","2025-09-05 10:04:26","https://is1-ssl.mzstatic.com/image/thumb/Music112/v4/74/80/ad/7480adc9-56a7-43be-df82-0da85a53cfb6/06UMGIM20402.rgb.jpg/1000x1000bb.jpg"
"1577","Stay Away","Nevermind","Nirvana","1991","1725","1760","2025-09-05 10:01:59","https://cdn.mediaworks.nz/therock/images/songs/PVilxGidbEIEbHZzpqAP6CR1S1RLAkxl0GZOOzqPuCc.png"
"1578","Something From Nothing","Sonic Highways","Foo Fighters","2014","1253","856","2025-09-05 09:52:01","https://is1-ssl.mzstatic.com/image/thumb/Music124/v4/45/2b/85/452b858f-470d-5375-5eb9-c16bb6439292/886444654234.jpg/600x600bb.jpg"
"1579","A Small Victory","Angel Dust","Faith No More","1992","1569","1512","2025-09-05 09:46:32","https://is1-ssl.mzstatic.com/image/thumb/Music122/v4/82/bd/57/82bd57bd-bfa9-10b5-c9c6-02f36c629a96/639842820028.jpg/600x600bb.jpg"
"1580","Friday I'm In Love","Wish","The Cure","1992","1659","1710","2025-09-05 09:42:50","https://is1-ssl.mzstatic.com/image/thumb/Music115/v4/49/99/b4/4999b482-ac72-6aa2-0016-a6924355e72e/dj.tyyqcstw.jpg/600x600bb.jpg"
"1581","Over The Mountain","Diary of a Madman","Ozzy Osbourne","1981","RE-ENTRY","1849","2025-09-05 09:33:43","https://cdn.mediaworks.nz/therock/images/songs/437515100.jpg"
"1582","Wake Up","State of Emergency","The Living End","2006","1307","","2025-09-05 09:29:18","https://is1-ssl.mzstatic.com/image/thumb/Music116/v4/83/fa/3d/83fa3dff-94b3-b56b-caca-befe7fa10260/4050538463170.jpg/600x600bb.jpg"
"1583","Something So Strong","Crowded House","Crowded House","1986","1618","1718","2025-09-05 09:26:32","https://is1-ssl.mzstatic.com/image/thumb/Music124/v4/fe/c2/d7/fec2d7b9-34e3-fd2c-ea21-c888f966bba5/13UABIM52092.rgb.jpg/600x600bb.jpg"
"1584","Ruby","Yours Truly, Angry Mob","Kaiser Chiefs","2007","1680","1282","2025-09-05 09:22:59","https://is1-ssl.mzstatic.com/image/thumb/Music128/v4/c5/e6/83/c5e6833f-f0c8-a2e1-13b2-ba7e9a170eb5/00602547151865.rgb.jpg/600x600bb.jpg"
"1585","Pretty Violent","Volume 2","Blindspott","2022","RE-ENTRY","701","2025-09-05 09:18:29","https://cdn.mediaworks.nz/therock/images/songs/1776293785.jpg"
"1586","Big Gun","Last Action Hero: Music from the Original Motion Picture","AC/DC","1993","1272","961","2025-09-05 09:14:22","https://is1-ssl.mzstatic.com/image/thumb/Music124/v4/45/a2/22/45a22263-5599-41bc-c120-a7a216c1d28e/mzi.mvdvrivr.jpg/600x600bf-60.jpg"
"1587","Stone","The Devil Put Dinosaurs Here","Alice In Chains","2013","1567","1354","2025-09-05 09:10:06","https://is1-ssl.mzstatic.com/image/thumb/Music112/v4/2c/6f/b7/2c6fb774-7d4d-9daa-8d29-56ce3aa43dd2/197187168743.jpg/600x600bb.jpg"
"1588","I Want To Know What Love Is","Agent Provocteur","Foreigner","1984","1532","1427","2025-09-05 09:05:20","https://upload.wikimedia.org/wikipedia/en/4/48/Foreigner_-_Agent_Provocateur.JPG"
"1589","Are You Ready","Evolution","Disturbed","2018","1764","1545","2025-09-05 08:52:37","https://is1-ssl.mzstatic.com/image/thumb/Music115/v4/19/7b/4b/197b4be0-97ef-1039-f337-f664a0874a72/093624904809.jpg/600x600bb.jpg"
"1590","Eyes Without A Face","Rebel Yell","Billy Idol","1983","1203","1248","2025-09-05 08:49:05","https://is1-ssl.mzstatic.com/image/thumb/Music126/v4/18/05/fe/1805fea9-58d8-502a-573b-5711473bd5e4/13UABIM74015.rgb.jpg/600x600bb.jpg"
"1591","Cigaro","Mezmerize","System Of A Down","2005","984","1478","2025-09-05 08:41:24","https://is1-ssl.mzstatic.com/image/thumb/Music114/v4/65/6d/43/656d432b-e59c-361a-c3ad-2e6cccbf4b2d/827969064825.jpg/600x600bb.jpg"
"1592","Plateau (MTV Unplugged)","MTV Unplugged in New York","Nirvana","1994","1250","1265","2025-09-05 08:38:31","https://is1-ssl.mzstatic.com/image/thumb/Music125/v4/46/24/33/462433f9-ee74-2d60-4538-859826a7bed7/00720642472729.rgb.jpg/600x600bb.jpg"
"1593","Won't Get Fooled Again","Who's Next?","The Who","1971","1622","1655","2025-09-05 08:26:01","https://is1-ssl.mzstatic.com/image/thumb/Music114/v4/1c/e8/a4/1ce8a442-eef1-0af2-cf09-30ef0e734731/00602547269683.rgb.jpg/600x600bb.jpg"
"1594","Cornbag","Double Your Strength, Improve Your Health, & Lengthen Your Life","Head Like A Hole","1996","1501","1999","2025-09-05 08:21:47","https://is1-ssl.mzstatic.com/image/thumb/Music126/v4/b1/bd/2b/b1bd2b1c-ae7c-cf2d-e3b8-a6444a90702a/7432140814262.png/1000x1000bb.jpg"
"1595","Wild Flower","Electric","The Cult","1987","1502","1988","2025-09-05 08:13:14","https://is1-ssl.mzstatic.com/image/thumb/Music126/v4/89/85/42/898542b6-c488-7cd3-8042-2dbef5310913/607618008000.png/600x600bb.jpg"
"1596","Better Days","The Buddhafinger","Tadpole","2000","DEBUT","","2025-09-05 08:06:26","https://cdn.mediaworks.nz/therock/images/songs/ab67616d0000b273fc6fd7277204e732eb955a9c.jpg"
"1597","Golden Years","Station to Station","David Bowie","1975","1539","1410","2025-09-05 08:03:40","https://is1-ssl.mzstatic.com/image/thumb/Music124/v4/91/d8/47/91d847ac-8e39-85b0-36a6-ab3b8db46803/190295990268.jpg/600x600bb.jpg"
"1598","Back Down South","Come Around Sundown","Kings Of Leon","2010","1078","1397","2025-09-04 16:48:14","https://is1-ssl.mzstatic.com/image/thumb/Music124/v4/80/5c/ab/805cab32-df9c-ce43-be39-9f5af0e075b2/mzi.bwjyitjb.jpg/600x600bb.jpg"
"1599","Southern Man","After The Gold Rush","Neil Young","1970","1640","1727","2025-09-04 16:40:34","https://is1-ssl.mzstatic.com/image/thumb/Music124/v4/88/9f/0a/889f0afc-ca89-5968-ef83-ab07f7184eb6/093624924753.jpg/600x600bb.jpg"
"1600","Disposable Teens","Holy Wood (In the Shadow of the Valley of Death)","Marilyn Manson","2000","1248","1758","2025-09-04 16:38:41","https://is1-ssl.mzstatic.com/image/thumb/Music114/v4/d5/cd/7f/d5cd7f49-851d-e071-6b7e-3de6429f90ef/00602567118404.rgb.jpg/600x600bb.jpg"
"1601","Nobody's Fault But Mine","Presence","Led Zeppelin","1976","1478","1581","2025-09-04 16:23:45","https://is1-ssl.mzstatic.com/image/thumb/Music7/v4/e2/a3/c4/e2a3c4ef-79a7-ce1e-bb6d-659c3a03c16d/dj.ntepxuqx.jpg/600x600bb.jpg"
"1602","Be Like The River","Red","Devilskin","2020","DEBUT","","2025-09-04 16:20:00","https://cdn.mediaworks.nz/therock/images/songs/ab67616d0000b2734be039880ffe3288fa2cefbc.jpg"
"1603","Wild Hearted Son","Ceremony ","The Cult","1981","1510","1202","2025-09-04 16:13:09","https://is1-ssl.mzstatic.com/image/thumb/Music126/v4/47/ff/da/47ffdac0-b9e6-6ae7-619f-86bf42ff950e/607618012267.png/600x600bb.jpg"
"1604","Zombie","Disobey","Bad Wolves","2018","1619","","2025-09-04 16:10:49","https://is1-ssl.mzstatic.com/image/thumb/Music126/v4/99/c0/93/99c093fa-e23b-14bf-319e-87dbfebff0bc/849320030379.png/600x600bb.jpg"
"1605","So Lonely","Urgh! A Music War","The Police","1978","1603","1704","2025-09-04 16:02:35","https://blogger.googleusercontent.com/img/b/R29vZ2xl/AVvXsEhVgkbmbYWlgZ7tGH5-A5Ff0blWM7tW54bd9Cvceiad0ne3-AskM3B87bM7Ud8tvh3k5Rd1ETzz9UCQUJ4BqM5adHkT3YzxC9vG9SV80Vp4TQLPmoibdg3LkQ5Vqf65e4sRekqG2Q953Jqm/s1600/UrghMovie.jpg"
"1606","All That Glitters","Bleeders","Bleeders","2005","1019","950","2025-09-04 15:58:18","https://is1-ssl.mzstatic.com/image/thumb/Music/0b/c3/07/mzi.nhkqrazi.tif/600x600bb.jpg"
"1607","You Really Got Me","Van Halen","Van Halen","1978","1701","1641","2025-09-04 15:47:33","https://is1-ssl.mzstatic.com/image/thumb/Music115/v4/34/15/80/341580d4-dae6-2809-8797-ee7930ddb643/603497891085.jpg/600x600bb.jpg"
"1608","Only Love Can Save Me Now","Death by Rock and Roll","The Pretty Reckless","2021","1444","","2025-09-04 15:42:14","https://cdn.mediaworks.nz/therock/images/songs/220px_the_pretty_reckless_death_by_rock_and_roll_song.png"
"1609","Love You Like I Should","Loyal","Dave Dobbyn","1988","1453","1601","2025-09-04 15:37:26","https://is1-ssl.mzstatic.com/image/thumb/Music116/v4/42/79/93/427993fd-4eea-6674-3a88-9159c4effd18/9421031744748.png/600x600bb.jpg"
"1610","Tiny Little Island","Single First, Raised In The Dark Album in 2019","Villainy","2018","1736","1592","2025-09-04 15:29:07","https://i.scdn.co/image/ab67616d0000b2732b98de5962c1daedd20cc42d"
"1611","The Sky Is Crying","The Sky Is Crying","Stevie Ray Vaughan","1991","1565","1199","2025-09-04 15:24:34","https://is1-ssl.mzstatic.com/image/thumb/Music114/v4/09/09/fc/0909fc12-3709-3744-cc2b-3c9a8308ed4e/mzi.nsuimrfm.jpg/600x600bb.jpg"
"1612","The Hollow","Mer de Noms","A Perfect Circle","2000","1492","1139","2025-09-04 15:21:38","https://is1-ssl.mzstatic.com/image/thumb/Music124/v4/12/8c/22/128c225e-2d75-a283-c13f-0aaaf92ef865/13UABIM59271.rgb.jpg/600x600bb.jpg"
"1613","El Scorcho","Pinkerton","Weezer","1996","1646","1355","2025-09-04 15:15:56","https://is1-ssl.mzstatic.com/image/thumb/Music114/v4/64/4e/cd/644ecdf0-4c81-afa3-c4ed-e2a54fc5ec0f/00602557086515.rgb.jpg/600x600bb.jpg"
"1614","Angry","Hackney Diamonds","The Rolling Stones","2023","487","","2025-09-04 15:15:56","https://is1-ssl.mzstatic.com/image/thumb/Music126/v4/af/55/b7/af55b7c8-e6d2-d806-8186-a6207bef2638/23UMGIM99574.rgb.jpg/600x600bb.jpg"
"1615","Blind","The Buddhafinger","Tadpole","2000","1934","","2025-09-04 15:07:06","https://is1-ssl.mzstatic.com/image/thumb/Music116/v4/e2/1c/59/e21c59ca-a09a-4dc5-0605-5d03fd283964/9421011165006.png/600x600bb.jpg"
"1616","The World I Know","Collective Soul","Collective Soul","1995","1638","1521","2025-09-04 15:03:05","https://is1-ssl.mzstatic.com/image/thumb/Music115/v4/1b/d1/3e/1bd13ea1-3110-95e6-e1ed-c5ee266c2701/18CRGIM05998.rgb.jpg/600x600bb.jpg"
"1617","All I Want Is You","Rattle & Hum","U2","1988","1674","1714","2025-09-04 14:52:55","https://is1-ssl.mzstatic.com/image/thumb/Music125/v4/dc/6a/c0/dc6ac045-9bc7-be58-0a98-6932aa567343/17UMGIM95505.rgb.jpg/1000x1000bb.jpg"
"1618","Moths To The Flame","Moths To The Flame","Powder Chutes","2023","RE-ENTRY","1730","2025-09-04 14:48:54","https://cdn.mediaworks.nz/therock/images/songs/1776247117.jpg"
"1619","Absolute Beginners","Absolute Beginners: The Original Motion Picture Soundtrack","David Bowie","1986","1586","1597","2025-09-04 14:37:21","https://m.media-amazon.com/images/I/81ZI100BzwL._UF894,1000_QL80_.jpg"
"1620","The Last Fight","Libertad","Velvet Revolver","2007","1748","","2025-09-04 14:33:15","https://is1-ssl.mzstatic.com/image/thumb/Music124/v4/69/d3/c9/69d3c98a-c03e-f0ac-ecc0-dccce1590b76/mzi.ivgabvqb.jpg/600x600bb.jpg"
"1621","I Heard It Through The Grapevine","Cosmo's Factory","Creedence Clearwater Revival","1970","1525","1306","2025-09-04 14:23:10","https://is1-ssl.mzstatic.com/image/thumb/Music115/v4/f3/81/ca/f381ca2b-0779-4102-2c64-8b2563eedb96/00888072355996.rgb.jpg/600x600bb.jpg"
"1622","What's The Frequency Kenneth?","Monster","R.E.M","1994","1689","1576","2025-09-04 14:18:24","https://is1-ssl.mzstatic.com/image/thumb/Music116/v4/4d/ed/8c/4ded8c15-9b51-a8c1-2438-ba0dc34d20ec/19CRGIM14667.rgb.jpg/600x600bb.jpg"
"1623","Dyers Eve","...And Justice For All","Metallica","1988","1572","1939","2025-09-04 14:14:22","https://is1-ssl.mzstatic.com/image/thumb/Music114/v4/c3/65/83/c3658386-7e98-e77c-ac2f-15ea33898bfa/858978005929.png/600x600bb.jpg"
"1624","King Of The Mountain","Blue Sky Mine","Midnight Oil","1990","1836","1946","2025-09-04 14:08:03","https://is1-ssl.mzstatic.com/image/thumb/Music125/v4/6a/51/d6/6a51d6d0-0e1d-05fa-e068-36a229117637/886444672726.jpg/600x600bb.jpg"
"1625","Dark Times","Love Is the New Hate","Shihad","2005","1655","1700","2025-09-04 14:05:40","https://is1-ssl.mzstatic.com/image/thumb/Music114/v4/2b/d7/97/2bd79757-141f-52eb-670e-733431e97017/5050467812826.jpg/600x600bb.jpg"
"1626","Sgt Pepper's/With A Little Help From My Friends","Sgt. Peppers Lonely Hearts Club Band","The Beatles","1967","1647","1695","2025-09-04 14:00:21","https://is1-ssl.mzstatic.com/image/thumb/Music114/v4/6f/79/8d/6f798d84-7475-8525-fc91-f7b51b2b5a9b/00602567725428.rgb.jpg/600x600bb.jpg"
"1627","Ricochet","King for a Day... Fool for a Lifetime","Faith No More","1995","1549","1614","2025-09-04 13:52:02","https://is1-ssl.mzstatic.com/image/thumb/Music115/v4/e1/c9/86/e1c9865c-a33e-0bcd-5db9-c980eb974fbf/190295920456.jpg/600x600bb.jpg"
"1628","Riff Raff","Powerage","AC/DC","1978","1953","1960","2025-09-04 13:46:17","https://is1-ssl.mzstatic.com/image/thumb/Music115/v4/ff/d2/5c/ffd25c4b-28f6-e3e0-428a-093e45ff5e53/886443673465.jpg/600x600bb.jpg"
"1629","Radical Desire","Won't Be Fools","Dolphin Friendly","2022","1518","993","2025-09-04 13:42:10","https://is1-ssl.mzstatic.com/image/thumb/Music122/v4/ab/ba/6d/abba6d01-3730-5e00-b154-3d6ee018a851/artwork.jpg/600x600bb.jpg"
"1630","Dude (Looks Like A Lady)","Permanent Vacation","Aerosmith","1987","1685","1926","2025-09-04 13:34:16","https://is1-ssl.mzstatic.com/image/thumb/Music125/v4/a9/1c/b9/a91cb9be-db04-9f8f-47c7-c096a89dff47/00602537156641.rgb.jpg/600x600bb.jpg"
"1631","Until It's Gone","The Hunting Party","Linkin Park","2014","1607","1686","2025-09-04 13:30:08","https://is1-ssl.mzstatic.com/image/thumb/Music115/v4/2e/d4/0c/2ed40c04-6385-5dec-21bc-37eda2e09cff/093624936602.jpg/600x600bb.jpg"
"1632","Don't Stand So Close To Me","Zenyatta Mondatta","The Police","1980","1634","1492","2025-09-04 13:27:46","https://is1-ssl.mzstatic.com/image/thumb/Music126/v4/2b/6f/c1/2b6fc116-cb69-91eb-5401-e71383a7d1bc/16UMGIM60883.rgb.jpg/600x600bb.jpg"
"1633","Fever","Turn Blue","The Black Keys","2014","1585","","2025-09-04 13:22:00","https://is1-ssl.mzstatic.com/image/thumb/Music116/v4/a6/8f/0e/a68f0eb6-167e-edc0-d85c-32b4c4a6a9c2/075597955507.jpg/600x600bb.jpg"
"1634","Original Sin","The Swing","INXS","1984","1683","1689","2025-09-04 13:19:22","https://is1-ssl.mzstatic.com/image/thumb/Music/v4/6e/30/fe/6e30fe11-cf9e-5c80-96b8-8bdc2f1a121b/081227898168.jpg/600x600bb.jpg"
"1635","Help Is On The Way","Endgame","Rise Against","2011","1551","1670","2025-09-04 13:14:56","https://is1-ssl.mzstatic.com/image/thumb/Music114/v4/58/72/cb/5872cb65-1dd8-2178-2891-a779f099a131/00602537898787.rgb.jpg/600x600bb.jpg"
"1636","Who Loves Who The Most?","Something Beginning with C","The Exponents","1992","1591","1426","2025-09-04 13:10:32","https://is1-ssl.mzstatic.com/image/thumb/Music118/v4/15/d9/b8/15d9b835-fd01-2841-49a1-449b7ad6efbd/09416339221022.rgb.jpg/600x600bb.jpg"
"1637","Mystery Love","Mystery Love","Racing","2025","DEBUT","","2025-09-04 13:07:02","https://cdn.mediaworks.nz/therock/images/songs/199350449635.jpg"
"1638","You Wreck Me","Wildflowers","Tom Petty And The Heartbreakers","1994","1705","1775","2025-09-04 13:03:11","https://is1-ssl.mzstatic.com/image/thumb/Music115/v4/a0/04/20/a004206c-6830-2f4d-a99d-595b4964666d/093624937456.jpg/600x600bb.jpg"
"1639","Leo Song","Shihad (Fish Album)","Shihad","1996","1627","1208","2025-09-04 12:54:30","https://upload.wikimedia.org/wikipedia/en/e/eb/Shihad_shihad.jpg"
"1640","Right First Time","Right First Time","Th' Dudes","1979","1741","1832","2025-09-04 12:50:19","https://is1-ssl.mzstatic.com/image/thumb/Music116/v4/8c/83/1d/8c831db3-d82e-6807-2fc0-ed02f4bbd691/9419569104417.png/600x600bb.jpg"
"1641","First It Giveth","Songs For The Deaf","Queens Of The Stone Age","2002","1576","1305","2025-09-04 12:47:06","https://is1-ssl.mzstatic.com/image/thumb/Music125/v4/50/ca/f8/50caf865-3197-77d3-f416-abfa14e698bd/00602517417205.rgb.jpg/600x600bb.jpg"
"1642","The Gambler","The Gambler","Kenny Rogers","1978","RE-ENTRY","","2025-09-04 12:39:37","https://cdn.mediaworks.nz/therock/images/songs/1440840359.jpg"
"1643","Set It Off","Audioslave","Audioslave","2002","1660","1620","2025-09-04 12:35:10","https://is1-ssl.mzstatic.com/image/thumb/Features115/v4/9c/b6/c2/9cb6c246-3626-7789-26a9-79b787e5668d/dj.owymmnty.jpg/600x600bb.jpg"
"1644","I Still Haven't Found What I'm Looking For","The Joshua Tree","U2","1987","1274","1086","2025-09-04 12:31:15","https://is1-ssl.mzstatic.com/image/thumb/Music115/v4/8f/e2/c3/8fe2c384-f6cb-9af7-371d-2b6a9b204e59/17UMGIM79292.rgb.jpg/600x600bb.jpg"
"1645","Big Me","Foo Fighters","Foo Fighters","1995","1186","921","2025-09-04 12:27:32","https://is1-ssl.mzstatic.com/image/thumb/Features125/v4/be/d0/cc/bed0cc3e-8f1f-0f62-a434-e624f847d96e/dj.qasnqsul.jpg/600x600bb.jpg"
"1646","Hollywood Nights","Stranger in Town","Bob Seger","1978","1777","1847","2025-09-04 12:24:22","https://is1-ssl.mzstatic.com/image/thumb/Music115/v4/ef/81/00/ef810009-1eea-c9af-aee0-aba2b4f2e59a/17UM1IM02539.rgb.jpg/1000x1000bb.jpg"
"1647","Bones","Sam's Town","The Killers","2006","1713","1835","2025-09-04 12:19:32","https://is1-ssl.mzstatic.com/image/thumb/Music116/v4/0d/d8/d7/0dd8d755-2147-9954-8b2e-991b25e49f51/17UM1IM06934.rgb.jpg/600x600bb.jpg"
"1648","Sweat It Out","Heat","Jimmy Barnes","1993","1434","1023","2025-09-04 12:15:54","https://is1-ssl.mzstatic.com/image/thumb/Music4/v4/f4/8c/aa/f48caaa6-d234-b8b6-a13e-4161fe506b8d/Heat_reissue.jpg/600x600bb.jpg"
"1649","Antichrist Superstar","Antichrist Superstar","Marilyn Manson","1996","RE-ENTRY","","2025-09-04 12:09:54","https://cdn.mediaworks.nz/therock/images/songs/antichrist_superstar_400_marilyn_manson.jpg"
"1650","Lost for Words","The Division Bell","Pink Floyd","1994","1739","","2025-09-04 12:04:32","https://is1-ssl.mzstatic.com/image/thumb/Music125/v4/c6/49/fc/c649fc21-4c65-d55d-71a4-dac0c39e7a56/886445627572.jpg/600x600bb.jpg"
"1651","Let It Go","Geographica","Weta","2000","1357","1242","2025-09-04 12:04:32","https://is1-ssl.mzstatic.com/image/thumb/Music124/v4/e1/b3/61/e1b3614a-ecf0-c975-25e2-0814a63f556f/190295060909.jpg/600x600bb.jpg"
"1652","Hurricanes And Novacane","Single Only","Midwave Breaks","2022","1820","1253","2025-09-04 11:51:39","https://i.scdn.co/image/ab67616d0000b2730597e6c140b15072076fa089"
"1653","Can I Sit Next To You Girl","T.N.T.","AC/DC","1975","1771","1940","2025-09-04 11:47:07","https://encrypted-tbn0.gstatic.com/images?q=tbn:ANd9GcSFZdTaIicrxUvz7LFm-WZ_Cd2aVCeN9dPIvg&s"
"1654","One Armed Scissor","Relationship of Command","At The Drive-In","2000","1774","1865","2025-09-04 11:42:56","https://is1-ssl.mzstatic.com/image/thumb/Music125/v4/f9/cf/e0/f9cfe0be-f6dd-28f6-4ad2-3c6f0672671c/dj.bccbiggj.jpg/600x600bb.jpg"
"1655","The Joker","The Joker","Steve Miller Band","1973","1642","1438","2025-09-04 11:35:55","https://is1-ssl.mzstatic.com/image/thumb/Music124/v4/81/66/cb/8166cb76-95e3-07c2-420b-aaaed5513239/00602547847423.rgb.jpg/600x600bb.jpg"
"1656","I Should Have Known","Back and Forth","Foo Fighters","2011","1053","1024","2025-09-04 11:31:22","https://is1-ssl.mzstatic.com/image/thumb/Music124/v4/65/2f/2e/652f2e28-ea8e-93ac-91bc-00c72b3b6c6a/884977880991.jpg/600x600bb.jpg"
"1657","I Ran","A Flock of Seagulls","Flock Of Seagulls","1982","RE-ENTRY","","2025-09-04 11:26:22","https://cdn.mediaworks.nz/therock/images/songs/266222258.jpg"
"1658","Radioactive","Come Around Sundown","Kings Of Leon","2010","1770","1602","2025-09-04 11:22:25","https://is1-ssl.mzstatic.com/image/thumb/Music124/v4/80/5c/ab/805cab32-df9c-ce43-be39-9f5af0e075b2/mzi.bwjyitjb.jpg/600x600bb.jpg"
"1659","Waiting Room","Fugazi EP","Fugazi","1988","1938","1233","2025-09-04 11:18:19","https://upload.wikimedia.org/wikipedia/en/thumb/e/ef/Fugazi_-_Fugazi_cover.jpg/220px-Fugazi_-_Fugazi_cover.jpg"
"1660","Drive","Automatic for the People","R.E.M","1992","1714","","2025-09-04 11:14:05","https://is1-ssl.mzstatic.com/image/thumb/Music115/v4/fb/d9/e2/fbd9e203-818c-06cf-405d-8906f2eae6ec/00888072396258.rgb.jpg/600x600bb.jpg"
"1661","No Secrets","Dark Room","The Angels","1980","1966","1318","2025-09-04 11:09:24","https://is1-ssl.mzstatic.com/image/thumb/Music122/v4/52/ac/9c/52ac9c3d-0926-b94f-95e5-8a8146276c3a/22UMGIM28484.rgb.jpg/600x600bb.jpg"
"1662","Sun Hits The Sky","In It for the Money","Supergrass","1997","1644","1811","2025-09-04 11:05:38","https://is1-ssl.mzstatic.com/image/thumb/Music125/v4/94/7a/5e/947a5e93-459e-2488-1675-6846297017b9/4050538664331.jpg/600x600bb.jpg"
"1663","I Predict A Riot","Employment","Kaiser Chiefs","2005","RE-ENTRY","1977","2025-09-04 11:01:40","https://cdn.mediaworks.nz/therock/images/songs/1440954595.jpg"
"1664","Radar Love","Moontan","Golden Earring","1973","1765","1781","2025-09-04 10:51:30","https://upload.wikimedia.org/wikipedia/en/8/82/Radar_love.jpg"
"1665","Go","vs.","Pearl Jam","1993","1759","1344","2025-09-04 10:48:33","https://is1-ssl.mzstatic.com/image/thumb/Music115/v4/60/a1/f7/60a1f7ee-72d8-0096-ac20-fe9c453211c7/dj.nyndmalc.jpg/600x600bb.jpg"
"1666","Rock 'N' Roll Singer","High Voltage (International Version)","AC/DC","1976","1506","1640","2025-09-04 10:37:32","https://upload.wikimedia.org/wikipedia/en/f/fc/Acdc_high_voltage_international_album.jpg"
"1667","Everybody's Fool","Fallen","Evanescence","2003","RE-ENTRY","","2025-09-04 10:34:09","https://cdn.mediaworks.nz/therock/images/songs/everybody_s_fool_400_evanescence.jpg"
"1668","Mean To Me","Crowded House","Crowded House","1986","1693","1740","2025-09-04 10:33:42","https://is1-ssl.mzstatic.com/image/thumb/Music124/v4/fe/c2/d7/fec2d7b9-34e3-fd2c-ea21-c888f966bba5/13UABIM52092.rgb.jpg/600x600bb.jpg"
"1669","Aurora","There Is Nothing Left to Lose","Foo Fighters","1999","699","1133","2025-09-04 10:25:34","https://is1-ssl.mzstatic.com/image/thumb/Music125/v4/de/83/0a/de830a06-ba20-249b-909d-f46701a44f19/dj.aevpjurd.jpg/600x600bb.jpg"
"1670","Brown Sugar","Sticky Fingers","The Rolling Stones","1971","1669","1630","2025-09-04 10:22:40","https://is1-ssl.mzstatic.com/image/thumb/Music112/v4/7f/e0/b4/7fe0b4da-36cd-a1d0-0f19-ef3fec18e3cd/08UMGIM15742.rgb.jpg/600x600bb.jpg"
"1671","Lips of an angel","Extreme Behavior","Hinder","2005","RE-ENTRY","","2025-09-04 10:16:02","https://cdn.mediaworks.nz/therock/images/songs/lips_of_an_angel_400_hinder.jpg"
"1672","Blinded By The Light","The Roaring Silence","Manfred Mann","1976","1671","1693","2025-09-04 10:08:03","https://is1-ssl.mzstatic.com/image/thumb/Music124/v4/70/49/d9/7049d944-e36d-be33-ea58-fb8a847ae442/cover.jpg/600x600bb.jpg"
"1673","The Evil Has Landed","Villains","Queens Of The Stone Age","2017","1688","1385","2025-09-04 10:04:10","https://is1-ssl.mzstatic.com/image/thumb/Music126/v4/d6/56/c2/d656c208-7525-0301-4c64-bdbc409fc48d/744861112563.png/600x600bb.jpg"
"1674","History Never Repeats","Waiata","Split Enz","1981","1610","1541","2025-09-04 10:00:27","https://is1-ssl.mzstatic.com/image/thumb/Music118/v4/b6/26/ff/b626ff98-ca71-49ab-c413-245fbb868ebd/00602527851884.rgb.jpg/600x600bb.jpg"
"1675","Girls and Boys","Parklife","Blur","1994","1709","1866","2025-09-04 09:52:37","https://is1-ssl.mzstatic.com/image/thumb/Music126/v4/8a/71/66/8a71664b-3baa-537b-e008-b32d86da27bc/5099997227755.jpg/600x600bb.jpg"
"1676","Down On The Corner","Willy and the Poor Boys","Creedence Clearwater Revival","1969","1637","1764","2025-09-04 09:48:34","https://is1-ssl.mzstatic.com/image/thumb/Music221/v4/29/1b/da/291bda3c-1743-c65c-41a6-f22a88936136/14CMGIM00939.rgb.jpg/600x600bb.jpg"
"1677","Shoots And Ladders","Korn","Korn","1995","DEBUT","","2025-09-04 09:43:25","https://i.scdn.co/image/ab67616d0000b2737153b1cf6ee990c2a9fa46cc"
"1678","Power and The Passion","10,9,8,7,6,5,4,3,2,1","Midnight Oil","1982","1757","","2025-09-04 09:33:22","https://is1-ssl.mzstatic.com/image/thumb/Music124/v4/17/7b/ef/177bef40-beb6-c13e-4d94-721fb5d7e1c7/888880706669.jpg/600x600bb.jpg"
"1679","Left Hand Free","This Is All Yours","Alt-J","2014","871","1303","2025-09-04 09:31:12","https://is1-ssl.mzstatic.com/image/thumb/Music125/v4/95/17/31/9517311d-9f85-d581-c95a-72be55f76721/075679937407.jpg/600x600bb.jpg"
"1680","Saturday Night Special","Nuthin' Fancy","Lynyrd Skynyrd","1975","1631","1377","2025-09-04 09:25:18","https://is1-ssl.mzstatic.com/image/thumb/Music112/v4/51/24/f4/5124f468-6d41-d062-4a21-49dbfb4bf0fa/14UMGIM00871.rgb.jpg/600x600bb.jpg"
"1681","I Choose","Ixnay on the Hombre","The Offspring","1997","1731","","2025-09-04 09:21:36","https://is1-ssl.mzstatic.com/image/thumb/Music128/v4/0a/bb/4f/0abb4fb8-d28e-3373-6abf-6632c4100f01/00602557271027.rgb.jpg/600x600bb.jpg"
"1682","Glorified G","vs.","Pearl Jam","1993","1786","1951","2025-09-04 09:18:11","https://is1-ssl.mzstatic.com/image/thumb/Music115/v4/60/a1/f7/60a1f7ee-72d8-0096-ac20-fe9c453211c7/dj.nyndmalc.jpg/600x600bb.jpg"
"1683","Hush","Shades of Deep Purple","Deep Purple","1968","1428","1320","2025-09-04 09:13:29","https://upload.wikimedia.org/wikipedia/en/8/84/Shades_UK.jpg"
"1684","Searching With My Good Eye Closed","Badmotorfinger","Soundgarden","1991","1793","1803","2025-09-04 09:07:27","https://is1-ssl.mzstatic.com/image/thumb/Music114/v4/2c/a2/84/2ca284fb-2ec8-6a6e-e739-bb019b594c5a/00602557233278.rgb.jpg/600x600bb.jpg"
"1685","Lady Evil","Heaven and Hell","Black Sabbath","1980","RE-ENTRY","","2025-09-04 09:02:40","https://cdn.mediaworks.nz/therock/images/songs/lady_evil_400_black_sabbath.jpg"
"1686","New Years Day","War","U2","1983","1708","","2025-09-04 08:51:27","https://is1-ssl.mzstatic.com/image/thumb/Music125/v4/d9/16/23/d916232d-5c06-94e6-abb2-52aea227250b/17UMGIM87714.rgb.jpg/600x600bb.jpg"
"1687","Country Song","Holding on to Strings Better Left to Fray","Seether","2011","1157","","2025-09-04 08:46:57","https://is1-ssl.mzstatic.com/image/thumb/Music211/v4/b5/4a/4d/b54a4d9c-12fe-3c43-5446-c6aed72bcca6/14CMGIM01025.rgb.jpg/600x600bb.jpg"
"1688","Ashes To Ashes","Scary Monsters (and Super Creeps)","David Bowie","1980","1773","1372","2025-09-04 08:37:12","https://is1-ssl.mzstatic.com/image/thumb/Music124/v4/71/fe/14/71fe14df-5d77-9d69-2968-c38b6bfa82a4/190295842598.jpg/600x600bb.jpg"
"1689","A Good Night's Sleep And A Cab Fare Home","Little Victories","The Strypes","2015","1216","1466","2025-09-04 08:34:36","https://upload.wikimedia.org/wikipedia/en/8/86/Strypes_LittleV.jpg"
"1690","I Hate Myself For Loving You","Up Your Alley","Joan Jett","1988","1790","1691","2025-09-04 08:29:47","https://is1-ssl.mzstatic.com/image/thumb/Music115/v4/49/f7/8b/49f78bb0-c748-1c5c-e634-b1cad8fbe803/074644414622.jpg/600x600bb.jpg"
"1691","Fake Tales Of San Francisco","Whatever People Say I Am That's What I'm Not","Arctic Monkeys","2006","1343","1269","2025-09-04 08:28:01","https://is1-ssl.mzstatic.com/image/thumb/Features125/v4/cf/9b/96/cf9b9637-f619-eceb-5382-e9b4d44e74fb/dj.npwkgmai.jpg/1000x1000bb.jpg"
"1692","Highway Star","Machine Head","Deep Purple","1972","1556","1485","2025-09-04 08:17:27","https://is1-ssl.mzstatic.com/image/thumb/Music125/v4/09/70/d0/0970d0fa-a46d-049b-125c-d131171fce1c/603497877393.jpg/600x600bb.jpg"
"1693","My Doorbell","Get Behind Me Satan","The White Stripes","2005","1784","1828","2025-09-04 08:08:34","https://is1-ssl.mzstatic.com/image/thumb/Music124/v4/6f/9c/f1/6f9cf14a-9a03-7dca-5969-787c928a71bd/886448800347.jpg/600x600bb.jpg"
"1694","It's Only Rock `N' Roll","It's Only Rock n Roll","The Rolling Stones","1974","1699","1624","2025-09-04 08:03:11","https://is1-ssl.mzstatic.com/image/thumb/Music112/v4/50/b8/2f/50b82fdb-a3db-b284-d323-a243e1abbe34/08UMGIM15718.rgb.jpg/1000x1000bb.jpg"
"1695","I've Got Friends","Mean Everything To Nothing","Manchester Orchestra","2009","1590","1642","2025-09-03 16:50:06","https://is1-ssl.mzstatic.com/image/thumb/Music211/v4/f0/68/56/f068561d-3a5c-5573-0a8a-4afe3a43552b/884977080605.jpg/600x600bb.jpg"
"1696","Headlong","Innuendo","Queen","1991","1702","1651","2025-09-03 16:46:29","https://is1-ssl.mzstatic.com/image/thumb/Music123/v4/af/c8/14/afc81460-737f-5d91-73b6-9f1da41afcdc/14DMGIM05559.rgb.jpg/600x600bb.jpg"
"1697","Smile Like You Mean It","Hot Fuss","The Killers","2004","RE-ENTRY","","2025-09-03 16:42:39","https://cdn.mediaworks.nz/therock/images/songs/smile_like_you_mean_it_400_the_killers.jpg"
"1698","Distant Sun","Together Alone","Crowded House","1993","1808","1664","2025-09-03 16:31:31","https://is1-ssl.mzstatic.com/image/thumb/Music125/v4/65/07/09/65070917-b017-020b-afd8-38a92653da01/00724382704850.jpg/1000x1000bb.jpg"
"1699","Feed My Frankenstein","Hey Stoopid","Alice Cooper","1991","1496","1169","2025-09-03 16:27:30","https://is1-ssl.mzstatic.com/image/thumb/Music18/v4/3b/d3/4c/3bd34cd1-ca6e-2595-3d9e-ea3af14bc2d2/dj.zvaniikp.jpg/600x600bb.jpg"
"1700","Resolve","In Your Honor","Foo Fighters","2005","1396","1034","2025-09-03 16:23:51","https://is1-ssl.mzstatic.com/image/thumb/Music124/v4/36/0c/34/360c3405-0a45-a006-7664-115f42fe283e/mzi.ytrcscra.jpg/600x600bb.jpg"
"1701","Pumping On Your Stereo","Supergrass","Supergrass","1999","1733","1826","2025-09-03 16:17:47","https://is1-ssl.mzstatic.com/image/thumb/Music118/v4/25/42/9e/25429ee6-fbaa-b52f-d64f-02849ffa27f5/0724357086059.jpg/600x600bb.jpg"
"1702","Out Of Exile","Out of Exile","Audioslave","2005","1652","1660","2025-09-03 16:13:57","https://is1-ssl.mzstatic.com/image/thumb/Music125/v4/97/6c/10/976c100f-a903-6981-066f-7f4919bce1eb/00602498815632.rgb.jpg/600x600bb.jpg"
"1703","The Hardest Button To Button","Elephant","The White Stripes","2003","1804","1983","2025-09-03 16:08:19","https://is1-ssl.mzstatic.com/image/thumb/Music114/v4/07/25/09/0725098a-09f4-f240-e551-94384a590371/886448799009.jpg/600x600bb.jpg"
"1704","W.M.A","vs.","Pearl Jam","1993","1383","1425","2025-09-03 16:02:01","https://is1-ssl.mzstatic.com/image/thumb/Music115/v4/60/a1/f7/60a1f7ee-72d8-0096-ac20-fe9c453211c7/dj.nyndmalc.jpg/600x600bb.jpg"
"1705","Been Caught Stealing","Ritual de lo Habitual","Jane's Addiction","1990","1814","1974","2025-09-03 15:48:54","https://i1.sndcdn.com/artworks-DtxJuNPPZxP4R2X3-3fGQMg-t500x500.jpg"
"1706","Round Here","August and Everything After","Counting Crows","1993","1044","1148","2025-09-03 15:41:27","https://is1-ssl.mzstatic.com/image/thumb/Music116/v4/3b/dc/90/3bdc90a2-3697-0c5e-3265-65ccaa7dcbb3/14UMGIM00847.rgb.jpg/600x600bb.jpg"
"1707","Swallowed","Razorblade Suitcase","Bush","1996","RE-ENTRY","","2025-09-03 15:38:10","https://cdn.mediaworks.nz/therock/images/songs/1443279735.jpg"
"1708","Stupid Girl","Garbage","Garbage","1995","1561","","2025-09-03 15:27:35","https://is1-ssl.mzstatic.com/image/thumb/Music114/v4/81/8e/64/818e6487-df77-bb60-7245-7f87c40d6f2d/00602547364890.rgb.jpg/1000x1000bb.jpg"
"1709","The Final Countdown","The Final Countdown","Europe","1986","1235","1259","2025-09-03 15:21:57","https://is1-ssl.mzstatic.com/image/thumb/Music221/v4/00/4d/a9/004da9d2-9b4f-99f4-d396-72ec786fb88c/696998575721.jpg/600x600bb.jpg"
"1710","Anything Goes","Appetite For Destruction","Guns N' Roses","1987","1746","1669","2025-09-03 15:16:44","https://is1-ssl.mzstatic.com/image/thumb/Music125/v4/a0/4d/c4/a04dc484-03cc-02aa-fa82-5334fcb4bc16/18UMGIM24878.rgb.jpg/600x600bb.jpg"
"1711","Stuck Here For Days","Smoke & Mirrors","The Datsuns","2006","1472","1414","2025-09-03 15:13:55","https://is1-ssl.mzstatic.com/image/thumb/Music211/v4/e6/6b/7f/e66b7f66-a10f-20e5-504e-c3ced6c6afa3/0094637335420.png/600x600bb.jpg"
"1712","God Gave Rock 'n' Roll To You II","Revenge","Kiss","1992","1801","","2025-09-03 15:06:02","https://is1-ssl.mzstatic.com/image/thumb/Music116/v4/e0/b5/b6/e0b5b643-d0e2-7460-0260-030b2c31ad3b/14UMGIM16029.rgb.jpg/600x600bb.jpg"
"1713","Juicy Lucy","HLAH IV: Are You Gonna Kiss It or Shoot It?","Head Like A Hole","1998","1740","1795","2025-09-03 15:01:40","https://is1-ssl.mzstatic.com/image/thumb/Music116/v4/5b/e0/b3/5be0b3c5-8687-9d68-4d80-9710792733db/7432163495240.png/600x600bb.jpg"
"1714","Who Are You?","Who Are You?","The Who","1978","1107","1138","2025-09-03 14:50:33","https://upload.wikimedia.org/wikipedia/en/7/75/Who_Are_You_album_cover.JPG"
"1715","Rush","The Globe","Big Audio Dynamite","1991","RE-ENTRY","","2025-09-03 14:47:03","https://cdn.mediaworks.nz/therock/images/songs/rush_400_big_audio_dynamite.jpg"
"1716","Short Skirt/Long Jacket","Comfort Eagle","Cake","2001","1239","","2025-09-03 14:39:01","https://is1-ssl.mzstatic.com/image/thumb/Music126/v4/ed/9f/91/ed9f9138-8c79-3a7f-4688-9b54c6657292/074646213223.jpg/600x600bb.jpg"
"1717","Black Magic Woman","Abraxas","Santana","1970","RE-ENTRY","","2025-09-03 14:35:22","https://cdn.mediaworks.nz/therock/images/songs/871146591.jpg"
"1718","Please Bleed","Burn to Shine","Ben Harper","1999","1374","1149","2025-09-03 14:30:28","https://is1-ssl.mzstatic.com/image/thumb/Music125/v4/11/b8/70/11b870fc-b893-52b9-d81b-ad5c5cecaffa/00602547811745.rgb.jpg/600x600bb.jpg"
"1719","Settle For Nothing","Rage Against The Machine","Rage Against The Machine","1992","1178","1178","2025-09-03 14:25:40","https://static.tvtropes.org/pmwiki/pub/images/rageagainstthemachinepic.jpg"
"1720","Are You Old Enough","O Zambezi","Dragon","1978","1721","1953","2025-09-03 14:21:20","https://upload.wikimedia.org/wikipedia/en/a/ac/Dragon_-_O_Zambezi_album_art.jpg"
"1721","Cope","Cope","Manchester Orchestra","2014","1750","1659","2025-09-03 14:18:46","https://is1-ssl.mzstatic.com/image/thumb/Music124/v4/0a/30/ba/0a30ba0e-4c68-3b8f-dc2c-d413e27e3537/00602537717958.rgb.jpg/600x600bb.jpg"
"1722","Throw Your Arms Around Me","Human Frailty","Hunters & Collectors","1984","1104","1383","2025-09-03 14:14:40","https://is1-ssl.mzstatic.com/image/thumb/Music/v4/d4/5e/01/d45e01e1-2454-15b5-6d5b-7037075870e5/05099969566752.jpg/600x600bb.jpg"
"1723","Long White Cross","Pipeline Under The Ocean","Pluto","2005","1366","1448","2025-09-03 14:09:31","https://is1-ssl.mzstatic.com/image/thumb/Music126/v4/80/4c/d1/804cd1aa-2479-77bc-76cc-8f4f59afdcb5/9420058721602.png/600x600bb.jpg"
"1724","Space Boogie","Space Boogie SIngle","Racing","2021","1794","1723","2025-09-03 14:06:08","https://is1-ssl.mzstatic.com/image/thumb/Music125/v4/6b/9a/fd/6b9afd63-0543-e8a4-c66f-a77f0108e88d/024543747475_cover.jpg/1000x1000bb.jpg"
"1725","Streets of Philadelphia","Philadelphia: Music From the Motion Picture","Bruce Springsteen","1993","1594","1579","2025-09-03 14:01:21","https://is1-ssl.mzstatic.com/image/thumb/Music/e5/d6/fc/mzi.npwnakpt.jpg/600x600bf-60.jpg"
"1726","Not Given Lightly","Seizure","Chris Knox","1989","1377","1525","2025-09-03 13:52:22","https://is1-ssl.mzstatic.com/image/thumb/Music6/v4/35/dd/59/35dd59a8-57ac-c699-28a9-ec701047a5a3/619688012528.jpg/600x600bb.jpg"
"1727","Heartbreaker","6twenty","The D4","2001","1664","1528","2025-09-03 13:47:09","https://is1-ssl.mzstatic.com/image/thumb/Music118/v4/76/39/42/76394292-8de2-59ec-81aa-1f241f1ac6b6/00720616238825.rgb.jpg/600x600bb.jpg"
"1728","Guns In The Sky","Kick","INXS","1987","1795","1873","2025-09-03 13:45:07","https://is1-ssl.mzstatic.com/image/thumb/Music116/v4/04/ca/65/04ca65d0-c796-3f9b-0446-f013dfc1a8d9/603497838899.jpg/600x600bb.jpg"
"1729","Lo/Hi","Let's Rock","The Black Keys","2019","RE-ENTRY","","2025-09-03 13:37:50","https://cdn.mediaworks.nz/therock/images/songs/lo_hi_400_the_black_keys.jpg"
"1730","The Boys Of Summer","Building the Perfect Beast ","Don Henley","1984","1730","1779","2025-09-03 13:32:40","https://is1-ssl.mzstatic.com/image/thumb/Music124/v4/89/fb/a0/89fba07e-3b4d-e92c-9e5b-ffebdc6c20b4/00602547138323.rgb.jpg/600x600bb.jpg"
"1731","Burn","PLEASE, JUST BREATHE","Written By Wolves","2024","1715","","2025-09-03 13:28:30","https://is1-ssl.mzstatic.com/image/thumb/Music122/v4/02/9c/c9/029cc9d8-6e16-9899-8a87-dd4ef6f6abff/198342180549_cover.jpg/600x600bb.jpg"
"1732","Behind The Sun","The Uplift Mofo Party Plan","Red Hot Chili Peppers","1987","1761","","2025-09-03 13:23:42","https://is1-ssl.mzstatic.com/image/thumb/Music128/v4/03/84/1f/03841f59-c00f-7100-f2e4-fb0296894972/00602537385652.rgb.jpg/600x600bb.jpg"
"1733","Pop Song 89","Green","R.E.M","1988","1783","","2025-09-03 13:20:37","https://is1-ssl.mzstatic.com/image/thumb/Music124/v4/4b/25/78/4b2578c0-eab0-fd43-743b-9a757e5a8b24/00888072396098.rgb.jpg/600x600bb.jpg"
"1734","Rhinosaur","Down on the Upside","Soundgarden","1996","1744","","2025-09-03 13:17:29","https://is1-ssl.mzstatic.com/image/thumb/Music125/v4/cc/d0/e1/ccd0e15b-b4d9-38c5-59db-2431f101616b/00602557008425.rgb.jpg/600x600bb.jpg"
"1735","The Invisible Man","The Miracle","Queen","1989","1723","1609","2025-09-03 13:13:09","https://is1-ssl.mzstatic.com/image/thumb/Music122/v4/97/a2/27/97a2274e-0129-bcfd-74c8-5435a0f50b43/22UM1IM16451.rgb.jpg/600x600bb.jpg"
"1736","Seal The Deal","Seal the Deal & Let's Boogie","Volbeat","2016","RE-ENTRY","1985","2025-09-03 13:09:51","https://cdn.mediaworks.nz/therock/images/songs/1440846298.jpg"
"1737","Another Day In Paradise","...But Seriously","Phil Collins","1989","RE-ENTRY","1771","2025-09-03 13:03:34","https://cdn.mediaworks.nz/therock/images/songs/1108855980.jpg"
"1738","Hats Off To The Bull","Hats Off To The Bull","Chevelle","2011","999","1881","2025-09-03 12:56:04","https://is1-ssl.mzstatic.com/image/thumb/Music114/v4/9f/9f/32/9f9f328d-3ab2-6aee-3aea-d61fd837e86a/886443249912.jpg/600x600bb.jpg"
"1739","Heart Of Glass","Parallel Lines","Blondie","1978","1681","1731","2025-09-03 12:48:46","https://is1-ssl.mzstatic.com/image/thumb/Music115/v4/2f/0b/25/2f0b252d-838e-4f19-3c08-91e49b269564/15UMGIM18445.rgb.jpg/600x600bb.jpg"
"1740","Gather Yourselves","Mode, Set, Clear ","Villainy","2012","RE-ENTRY","1452","2025-09-03 12:46:14","https://cdn.mediaworks.nz/therock/images/songs/990122185.jpg"
"1741","Youth Gone Wild","Skid Row","Skid Row","1989","1338","1105","2025-09-03 12:37:27","https://is1-ssl.mzstatic.com/image/thumb/Music116/v4/97/73/fb/9773fb18-0a19-d3dc-d702-47cc42beb64e/0603497880065.jpg/600x600bb.jpg"
"1742","Foolish","Foolish","Curlys Jewels","2025","DEBUT","","2025-09-03 12:33:37","https://cdn.mediaworks.nz/therock/images/songs/199066614952.jpg"
"1743","Selling The Drama","Throwing Copper","Live","1994","1882","1944","2025-09-03 12:30:01","https://is1-ssl.mzstatic.com/image/thumb/Music221/v4/45/d4/51/45d45175-4e14-6544-34b4-730d19cae4a0/06UMGIM02695.rgb.jpg/600x600bb.jpg"
"1744","Angel Of Harlem","Rattle & Hum","U2","1988","1819","1909","2025-09-03 12:25:37","https://is1-ssl.mzstatic.com/image/thumb/Music125/v4/dc/6a/c0/dc6ac045-9bc7-be58-0a98-6932aa567343/17UMGIM95505.rgb.jpg/1000x1000bb.jpg"
"1745","Rockit","Hysteria","Def Leppard","1987","1552","1533","2025-09-03 12:23:03","https://is1-ssl.mzstatic.com/image/thumb/Music115/v4/0f/76/fa/0f76fa8d-8341-c0af-84d8-543b9193c728/17UM1IM41552.rgb.jpg/600x600bb.jpg"
"1746","Tighten Up","Brothers","The Black Keys","2010","1641","1542","2025-09-03 12:18:51","https://is1-ssl.mzstatic.com/image/thumb/Music221/v4/d3/10/b2/d310b243-1412-0944-b80c-cced58de8fc6/075597961386.jpg/600x600bb.jpg"
"1747","Don't Bring Me Down","Discovery","Electric Light Orchestra","1979","1904","1566","2025-09-03 12:14:36","https://is1-ssl.mzstatic.com/image/thumb/Music124/v4/ee/c9/73/eec97392-48d6-e9fd-471f-984a37b9a43d/mzm.kgpjmniu.jpg/600x600bb.jpg"
"1748","The Bartender And The Thief","Performance and Cocktails","Stereophonics","1998","1776","1662","2025-09-03 12:09:42","https://is1-ssl.mzstatic.com/image/thumb/Music118/v4/09/09/da/0909da9d-3e1e-daaa-791d-5b338aa5d6f6/00600753313039.rgb.jpg/600x600bb.jpg"
"1749","The Logical Song","Breakfast in America","Supertramp","1979","1527","1475","2025-09-03 12:05:55","https://is1-ssl.mzstatic.com/image/thumb/Music114/v4/10/bd/ee/10bdee2b-e13b-b1c2-b264-484e37f5208e/10UMGIM21523.rgb.jpg/600x600bb.jpg"
"1750","I Am The Fire","Into the Wild Life","Halestorm","2015","946","834","2025-09-03 12:01:29","https://is1-ssl.mzstatic.com/image/thumb/Music124/v4/db/37/68/db376834-853f-a283-b6bf-cf9218b923c1/075679930866.jpg/600x600bb.jpg"
"1751","Just What I Needed","The Cars","The Cars","1978","1712","1800","2025-09-03 11:52:20","https://is1-ssl.mzstatic.com/image/thumb/Music125/v4/6b/3c/1d/6b3c1d3e-46a3-d0ac-e386-c2e60c8c8f49/mzm.hdqcumzx.jpg/600x600bb.jpg"
"1752","Father Of Mine","So Much for the Afterglow","Everclear","1997","1950","","2025-09-03 11:48:15","https://is1-ssl.mzstatic.com/image/thumb/Music118/v4/68/16/40/681640ff-5593-7c26-e231-138e7237e857/00602557471434.rgb.jpg/600x600bb.jpg"
"1753","Fell In Love With A Girl","White Blood Cells","The White Stripes","2001","1789","1900","2025-09-03 11:46:37","https://is1-ssl.mzstatic.com/image/thumb/Music115/v4/1c/fb/1d/1cfb1dec-aa4c-1cd7-da73-9d8b27e0ac41/886448798040.jpg/600x600bb.jpg"
"1754","Home By The Sea","Eponymous","Genesis","1983","1493","1522","2025-09-03 11:37:47","https://upload.wikimedia.org/wikipedia/en/2/27/Genesis83.jpg"
"1755","Transmission","science and survival","I Am Giant","2014","RE-ENTRY","","2025-09-03 11:34:51","https://cdn.mediaworks.nz/therock/images/songs/889357132.jpg"
"1756","Take Me To The River","More Songs About Buildings and Food","Talking Heads","1978","1679","1962","2025-09-03 11:27:42","https://is1-ssl.mzstatic.com/image/thumb/Music5/v4/ef/9a/42/ef9a424d-40c9-4922-407f-990e4a1b7759/dj.phknxsfv.jpg/600x600bb.jpg"
"1757","When The Sun Goes Down","Whatever People Say I Am, That's What I'm Not","Arctic Monkeys","2006","971","1309","2025-09-03 11:24:07","https://is1-ssl.mzstatic.com/image/thumb/Features125/v4/cf/9b/96/cf9b9637-f619-eceb-5382-e9b4d44e74fb/dj.npwkgmai.jpg/600x600bb.jpg"
"1758","Get It On","Electric Warrior","T. Rex","1971","1968","1461","2025-09-03 11:19:49","https://is1-ssl.mzstatic.com/image/thumb/Music115/v4/cb/1b/d3/cb1bd3a2-5c01-2ad8-8adb-f9389a7b38bd/dj.rkagqetp.jpg/600x600bb.jpg"
"1759","Fiji Baby","Fiji Baby","Goodshirt","2004","1337","1428","2025-09-03 11:16:54","https://is1-ssl.mzstatic.com/image/thumb/Music126/v4/19/bf/5b/19bf5b6a-10ad-2db8-1979-39da9dcf75a3/0724357709026.png/600x600bb.jpg"
"1760","Closer To The Edge","This Is War","30 Seconds To Mars","2009","1816","1818","2025-09-03 11:13:03","https://is1-ssl.mzstatic.com/image/thumb/Music124/v4/fb/58/03/fb5803f7-071b-adc2-73d1-928a772234ac/00602547996091.rgb.jpg/600x600bb.jpg"
"1761","Bicycle Race","Jazz","Queen","1978","1319","1368","2025-09-03 11:09:09","https://is1-ssl.mzstatic.com/image/thumb/Music125/v4/31/8e/d1/318ed180-c0f4-922e-d875-0c4639f052d2/14DMGIM05603.rgb.jpg/600x600bb.jpg"
"1762","Out Of Time","As Sweet as Sin","Bleeders","2006","1234","895","2025-09-03 11:04:50","https://is1-ssl.mzstatic.com/image/thumb/Music122/v4/13/33/02/1333026c-4387-fa27-0563-c24170f4eb82/06UMGIM51948.rgb.jpg/600x600bb.jpg"
"1763","Six Months In A Leaky Boat","Time and Tide","Split Enz","1982","RE-ENTRY","","2025-09-03 11:01:20","https://cdn.mediaworks.nz/therock/images/songs/1442297415.jpg"
"1764","The Violence","Wolves","Rise Against","2017","1802","1895","2025-09-03 10:52:40","https://is1-ssl.mzstatic.com/image/thumb/Music113/v4/6c/e4/03/6ce40315-eece-5c4a-611f-7596feab884d/17UMGIM90387.rgb.jpg/600x600bb.jpg"
"1765","Don't Talk To Strangers","Holy Diver","Dio","1983","RE-ENTRY","","2025-09-03 10:47:30","https://cdn.mediaworks.nz/therock/images/songs/1048475969.jpg"
"1766","Don't Cry (Alternate Lyrics)","Use Your Illusion II","Guns N' Roses","1991","1334","1291","2025-09-03 10:43:07","https://is1-ssl.mzstatic.com/image/thumb/Music122/v4/db/8e/35/db8e356d-76e8-1e10-d7cb-87870bdbfad2/18UMGIM31437.rgb.jpg/600x600bb.jpg"
"1767","Happy Pills","Happy Pills","Candlebox","1998","1822","1749","2025-09-03 10:35:25","https://is1-ssl.mzstatic.com/image/thumb/Music112/v4/9d/8e/d0/9d8ed059-268d-d62e-4d66-cb411f1f4ad4/093624697527.jpg/600x600bb.jpg"
"1768","Rock 'n' Roll All Nite","Dressed to Kill","Kiss","1975","1697","1733","2025-09-03 10:32:52","https://is1-ssl.mzstatic.com/image/thumb/Music115/v4/55/c8/fd/55c8fd86-f7f5-e7c3-abbd-3b2143dfe578/14UMGIM16085.rgb.jpg/600x600bb.jpg"
"1769","No Way Back","In Your Honor","Foo Fighters","2005","1384","1290","2025-09-03 10:30:07","https://is1-ssl.mzstatic.com/image/thumb/Music124/v4/36/0c/34/360c3405-0a45-a006-7664-115f42fe283e/mzi.ytrcscra.jpg/600x600bb.jpg"
"1770","Eat The Rich","Rock 'n' Roll","Motorhead","1987","RE-ENTRY","1846","2025-09-03 10:23:26","https://cdn.mediaworks.nz/therock/images/songs/1614257505.jpg"
"1771","Loose Change","Royal Blood","Royal Blood","2014","1946","1247","2025-09-03 10:21:38","https://d94thh4m1x8qv.cloudfront.net/eyJidWNrZXQiOiJkaXktbWFnYXppbmUiLCJrZXkiOiJkL2RpeS9BcnRpc3RzL1IvUm95YWwtQmxvb2QvMjAxNFJveWFsQmxvb2RfUm95YWxCbG9vZF8zMTA3MTQtMS5qcGciLCJlZGl0cyI6eyJqcGVnIjp7InF1YWxpdHkiOjgyLCJwcm9ncmVzc2l2ZSI6dHJ1ZSwidHJlbGxpc1F1YW50aXNhdGlvbiI6dHJ1ZSwib3ZlcnNob290RGVyaW5naW5nIjp0cnVlLCJvcHRpbWl6ZVNjYW5zIjp0cnVlfSwicmVzaXplIjp7IndpZHRoIjoxNTAwLCJoZWlnaHQiOjE1MDAsImZpdCI6ImNvdmVyIn0sInNoYXJwZW4iOnRydWV9fQ=="
"1772","Fool In The Rain","In Through the Out Door","Led Zeppelin","1979","1676","1228","2025-09-03 10:16:28","https://is1-ssl.mzstatic.com/image/thumb/Music7/v4/32/33/78/32337882-4dcf-b4ff-c2b1-988297b1aa2a/dj.bazmvvpg.jpg/600x600bb.jpg"
"1773","Acquiesce","The Masterplan","Oasis","1998","DEBUT","","2025-09-03 10:10:55","https://upload.wikimedia.org/wikipedia/en/b/b8/MasterplanOasisalbumcover.jpg"
"1774","Sake Bomb","Out of My Head","The D4","2005","1753","","2025-09-03 10:07:34","https://cvr.mp3caprice.com/covers/albums/053/015/230.jpg"
"1775","Four Seasons in One Day","Woodface","Crowded House","1991","1881","","2025-09-03 10:03:49","https://is1-ssl.mzstatic.com/image/thumb/Music125/v4/1b/93/18/1b931893-b838-cecb-4943-2965ef6d23f9/00077779355952.rgb.jpg/600x600bb.jpg"
"1776","Prophets Of Rage","The Party's Over (EP)","Prophets Of Rage","2016","1311","1323","2025-09-03 10:01:01","https://is1-ssl.mzstatic.com/image/thumb/Music128/v4/26/d7/27/26d72787-ee11-2c63-504c-f5f1457bae10/00861204000322.rgb.jpg/1000x1000bb.jpg"
"1777","Know Your Enemy","21st century breakdown ","Green Day","2008","RE-ENTRY","","2025-09-03 09:53:15","https://cdn.mediaworks.nz/therock/images/songs/1156538220.jpg"
"1778","Hey Little Girl","Meltdown","Icehouse","2002","1751","","2025-09-03 09:49:38","https://is1-ssl.mzstatic.com/image/thumb/Music116/v4/7b/ac/75/7bac7521-7d16-2939-0976-daad788e2a6a/23UMGIM13683.rgb.jpg/600x600bb.jpg"
"1779","Fall Down","Blindspott","Blindspott","2003","DEBUT","","2025-09-03 09:45:03","https://i.scdn.co/image/ab67616d0000b273734ce482c7b9b32f68d21dc2"
"1780","Closing Time","Feeling Strangely Fine","Semisonic","1998","1553","1404","2025-09-03 09:34:59","https://is1-ssl.mzstatic.com/image/thumb/Music125/v4/6e/02/9e/6e029e4e-66ee-11ec-f536-4f28c9db9a43/18UMGIM47330.rgb.jpg/600x600bb.jpg"
"1781","It's So Easy","Appetite For Destruction","Guns N' Roses","1987","1108","890","2025-09-03 09:30:54","https://is1-ssl.mzstatic.com/image/thumb/Music125/v4/a0/4d/c4/a04dc484-03cc-02aa-fa82-5334fcb4bc16/18UMGIM24878.rgb.jpg/600x600bb.jpg"
"1782","Desire","Rattle & Hum","U2","1988","1874","1894","2025-09-03 09:28:13","https://is1-ssl.mzstatic.com/image/thumb/Music125/v4/dc/6a/c0/dc6ac045-9bc7-be58-0a98-6932aa567343/17UMGIM95505.rgb.jpg/1000x1000bb.jpg"
"1783","Little Things","Sixteen Stone","Bush","1994","1718","1736","2025-09-03 09:23:44","https://is1-ssl.mzstatic.com/image/thumb/Music115/v4/68/d3/3a/68d33ac9-34eb-e14a-6775-739689bd6a5c/886444857741.jpg/600x600bb.jpg"
"1784","Run Like Hell","The Wall","Pink Floyd","1979","1340","1328","2025-09-03 09:18:45","https://is1-ssl.mzstatic.com/image/thumb/Music115/v4/3c/b4/e3/3cb4e3d0-cd77-8f18-7465-d60e6949b435/886445635850.jpg/600x600bb.jpg"
"1785","Parasite","Mercury Bay Area School - Saltwater Frequency","Prisoners Of War","2023","1621","","2025-09-03 09:14:14","https://coromind.nz/wp-content/uploads/2023/11/Copy-of-Album-Artwork-Saltwater-Frequency-_23-1024x1024.jpeg"
"1786","No Reason","New Detention","Grinspoon","2002","1919","","2025-09-03 09:10:12","https://is1-ssl.mzstatic.com/image/thumb/Music115/v4/80/23/cd/8023cdf7-688c-c345-bd07-0446371640b6/00602547654885.rgb.jpg/600x600bb.jpg"
"1787","Like A Hurricane","American Stars N Bars","Neil Young & Crazy Horse","1977","1760","1797","2025-09-03 09:01:49","https://upload.wikimedia.org/wikipedia/en/1/1d/American_Stars%27n%27Bars.jpg"
"1788","Hardwired","Hardwired...to Self-Destruct","Metallica","2016","1717","1644","2025-09-03 08:51:44","https://upload.wikimedia.org/wikipedia/en/a/a5/Hardwired..._To_Self-Destruct_Album_Cover.jpeg"
"1789","Nothin' But A Good Time","Open Up and Say... Ahh!","Poison","1988","1894","","2025-09-03 08:47:33","https://is1-ssl.mzstatic.com/image/thumb/Music112/v4/6a/2a/1a/6a2a1a71-7a0e-75f5-026b-5017c69e53d7/13UABIM49846.rgb.jpg/600x600bb.jpg"
"1790","Rhinoceros","Gish","Smashing Pumpkins","1991","RE-ENTRY","1415","2025-09-03 08:47:33","https://cdn.mediaworks.nz/therock/images/songs/1470979294.jpg"
"1791","Hell Ain't A Bad Place To Be","Let There Be Rock","AC/DC","1977","1803","1729","2025-09-03 08:47:33","https://is1-ssl.mzstatic.com/image/thumb/Features115/v4/d3/26/63/d32663dc-f5a0-090b-d249-fd24cd47a8ab/dj.eynsaemm.jpg/600x600bb.jpg"
"1792","Nirvana","Love & Disrespect","Elemeno P","2002","1651","1572","2025-09-03 08:47:33","https://is1-ssl.mzstatic.com/image/thumb/Music128/v4/d7/68/27/d76827f8-8a87-d73c-9306-cc2211e9d7d1/00602498091180.rgb.jpg/600x600bb.jpg"
"1793","Selling My Soul","Reunion","Black Sabbath","1998","RE-ENTRY","","2025-09-03 08:24:30","https://cdn.mediaworks.nz/therock/images/songs/selling_my_soul_400_black_sabbath.jpg"
"1794","Hate To Say I Told You So","Veni Vidi Vicious","The Hives","2000","1758","1716","2025-09-03 08:16:36","https://is1-ssl.mzstatic.com/image/thumb/Music115/v4/f5/6a/1b/f56a1bfb-2ec1-d1b7-0798-5820e26096d8/mzi.znivpvqb.jpg/600x600bb.jpg"
"1795","Love In An Elevator","Pump","Aerosmith","1989","1810","1888","2025-09-03 08:08:50","https://is1-ssl.mzstatic.com/image/thumb/Music114/v4/65/92/0c/65920cae-e1e0-03ce-812e-70de7bb03f86/00602537156665.rgb.jpg/600x600bb.jpg"
"1796","Mountains","Be Like The River","Devilskin","2015","1011","1168","2025-09-03 08:03:57","https://is1-ssl.mzstatic.com/image/thumb/Music126/v4/fd/b4/96/fdb496af-2602-7fe0-682e-3bb7b3659547/9421031741822.png/600x600bb.jpg"
"1797","Funeral For A Friend","Goodbye Yellow Brick Road","Elton John","1973","1728","1445","2025-09-02 16:46:26","https://is1-ssl.mzstatic.com/image/thumb/Music122/v4/b3/60/b6/b360b655-4d28-179d-d0d4-4e128ebdf4c9/13UAEIM19273.rgb.jpg/600x600bb.jpg"
"1798","Back Door","Mixed Emotions","Kaleo","2025","DEBUT","","2025-09-02 16:43:18","https://cdn.mediaworks.nz/therock/images/songs/artworks-E89mQojf4Q0e-0-t500x500.jpg"
"1799","Smokin' In The Boys Room","Theatre Of Pain","Motley Crue","1985","1807","1955","2025-09-02 16:39:10","https://is1-ssl.mzstatic.com/image/thumb/Music126/v4/5b/9c/20/5b9c20d8-30a6-ce0c-95fc-178d7aff4afc/4050538779066.jpg/1000x1000bb.jpg"
"1800","Lull","End The Silence","Blindspott","2006","RE-ENTRY","1459","2025-09-02 16:29:59","https://cdn.mediaworks.nz/therock/images/songs/171270475.jpg"
"1801","Fame","Young Americans","David Bowie","1975","1656","1680","2025-09-02 16:24:24","https://is1-ssl.mzstatic.com/image/thumb/Music124/v4/0a/a7/0c/0aa70c09-e325-3900-6a5e-1557ff7ce710/190295990329.jpg/600x600bb.jpg"
"1802","Staring At The Sun","Americana ","The Offspring","1998","RE-ENTRY","","2025-09-02 16:22:40","https://cdn.mediaworks.nz/therock/images/songs/staring_at_the_sun_400_the_offspring.jpg"
"1803","The Wind Cries Mary","Single Only","Jimi Hendrix","1967","1958","1942","2025-09-02 16:17:44","https://upload.wikimedia.org/wikipedia/en/b/b9/The_Wind_Cries_Mary_cover.jpg"
"1804","Karma, Come Back","Trust Fall (Side B)","Incubus","2020","1711","1705","2025-09-02 16:12:53","https://is1-ssl.mzstatic.com/image/thumb/Music114/v4/2a/7c/f2/2a7cf2fc-de4e-524e-52ba-daeb87435d39/190296850899.jpg/600x600bb.jpg"
"1805","Shot Down In Flames","Highway To Hell","AC/DC","1979","RE-ENTRY","1563","2025-09-02 16:07:22","https://cdn.mediaworks.nz/therock/images/songs/574043989.jpg"
"1806","Club Foot","Kasabian","Kasabian","2004","1649","1692","2025-09-02 16:03:31","https://is1-ssl.mzstatic.com/image/thumb/Music124/v4/78/79/5f/78795f47-2caf-314d-960f-9aeb32ba6126/mzi.epfhznil.jpg/600x600bb.jpg"
"1807","Aqualung","Aqualung","Jethro Tull","1971","1989","1817","2025-09-02 15:49:24","https://is1-ssl.mzstatic.com/image/thumb/Music115/v4/0a/a0/6f/0aa06f12-dcc9-1096-77cd-783af1bc393f/dj.kzxxwyvz.jpg/600x600bb.jpg"
"1808","Hang Me Up To Dry","Up in Rags EP","Cold War Kids","2006","1371","1346","2025-09-02 15:45:45","https://upload.wikimedia.org/wikipedia/en/0/09/WithOurWalletsFull-UpInRags.jpg"
"1809","I Can't Dance","We Can't Dance","Genesis","1991","1854","1990","2025-09-02 15:43:06","https://is1-ssl.mzstatic.com/image/thumb/Music/89/68/f1/mzi.bshaaqfv.jpg/600x600bb.jpg"
"1810","Landmines","Heaven :x: Hell","Sum 41","2024","1903","","2025-09-02 15:32:13","https://is1-ssl.mzstatic.com/image/thumb/Music116/v4/db/82/03/db820356-b9c5-19cc-f324-04a304a8ad09/4099964010404.jpg/600x600bb.jpg"
"1811","Life's Been Good","But Seriously, Folks...","Joe Walsh","1978","1645","1546","2025-09-02 15:24:18","https://is1-ssl.mzstatic.com/image/thumb/Music125/v4/21/6d/20/216d2054-fcc6-5922-ab3a-20af68cbe4d1/mzi.nzhjoleq.jpg/600x600bb.jpg"
"1812","As Good As It Gets","Communicate","The Feelers","2000","RE-ENTRY","","2025-09-02 15:17:29","https://cdn.mediaworks.nz/therock/images/songs/80467879.jpg"
"1813","Demon Cleaner","Welcome to Sky Valley","Kyuss","1994","1415","1275","2025-09-02 15:14:05","https://is1-ssl.mzstatic.com/image/thumb/Music/34/2a/9b/mzi.vixpmzpt.jpg/1000x1000bb.jpg"
"1814","Worldwide Suicide","Pearl Jam","Pearl Jam","2006","1851","1855","2025-09-02 15:07:12","https://is1-ssl.mzstatic.com/image/thumb/Music125/v4/19/4b/55/194b555c-3702-3e82-3143-1b7b7b1445a6/dj.xnwboffd.jpg/600x600bb.jpg"
"1815","Cherry Bomb","The Lonesome Jubilee","John Mellencamp","1987","1749","1843","2025-09-02 15:04:03","https://is1-ssl.mzstatic.com/image/thumb/Music112/v4/74/80/ad/7480adc9-56a7-43be-df82-0da85a53cfb6/06UMGIM20402.rgb.jpg/1000x1000bb.jpg"
"1816","Inside Out","Eve 6","Eve 6","1998","RE-ENTRY","1728","2025-09-02 14:53:04","https://cdn.mediaworks.nz/therock/images/songs/258626755.jpg"
"1817","Black Night","Deep Purple in Rock","Deep Purple","1970","1841","1921","2025-09-02 14:48:58","https://is1-ssl.mzstatic.com/image/thumb/Music113/v4/d0/a7/34/d0a73465-1217-217e-376f-0afc99996dc2/190295974220.jpg/600x600bb.jpg"
"1818","White Noise","The Living End","The Living End","2008","1032","1300","2025-09-02 14:45:25","https://is1-ssl.mzstatic.com/image/thumb/Music118/v4/4b/5e/2d/4b5e2d20-f1af-f0a1-5f6d-60634d153337/00602517570252.rgb.jpg/600x600bb.jpg"
"1819","72 Seasons","72 Seasons","Metallica","2023","1593","","2025-09-02 14:33:02","https://is1-ssl.mzstatic.com/image/thumb/Music126/v4/f7/50/56/f75056b7-d390-d215-51c5-3695dc6fe468/810083961095.png/600x600bb.jpg"
"1820","Standing On The Outside","East","Cold Chisel","1980","1785","1741","2025-09-02 14:30:30","https://is1-ssl.mzstatic.com/image/thumb/Music114/v4/8c/ed/4b/8ced4ba5-8cb2-59bc-d9e9-cd3043601b72/13UAEIM00198.rgb.jpg/600x600bb.jpg"
"1821","The Shooting Star","Magma","Gojira","2016","1692","1437","2025-09-02 14:25:36","https://is1-ssl.mzstatic.com/image/thumb/Music125/v4/24/cd/f7/24cdf7d0-279d-316e-a39c-51c35e2cce32/016861747947.jpg/600x600bb.jpg"
"1822","Mysterious Ways","Achtung Baby","U2","1991","1858","1919","2025-09-02 14:21:10","https://is1-ssl.mzstatic.com/image/thumb/Music116/v4/fe/5e/4f/fe5e4f79-c74f-c39e-39dc-4c8a952b9665/17UMGIM98829.rgb.jpg/600x600bb.jpg"
"1823","Owner Of A Lonely Heart","90125","Yes","1983","1797","1861","2025-09-02 14:15:33","https://upload.wikimedia.org/wikipedia/commons/thumb/a/ab/90125_album_cover.svg/1200px-90125_album_cover.svg.png"
"1824","Only Happy When It Rains","Garbage","Garbage","1995","1826","","2025-09-02 14:12:05","https://is1-ssl.mzstatic.com/image/thumb/Music114/v4/81/8e/64/818e6487-df77-bb60-7245-7f87c40d6f2d/00602547364890.rgb.jpg/1000x1000bb.jpg"
"1825","Mountain Song","Nothings Shocking","Jane's Addiction","1988","1633","1676","2025-09-02 14:07:28","https://upload.wikimedia.org/wikipedia/en/e/e6/Jane%27s_Addiction_Mountain_Song.jpg"
"1826","Got The Time","Persistence of Time","Anthrax","1990","RE-ENTRY","","2025-09-02 14:04:11","https://cdn.mediaworks.nz/therock/images/songs/1440849412.jpg"
"1827","The One","Single Only ","Foo Fighters","2002","1232","","2025-09-02 14:02:08","https://is1-ssl.mzstatic.com/image/thumb/Music124/v4/48/e2/f8/48e2f856-3fbe-9671-d5a7-72476ad1dcf0/828765555524.jpg/600x600bb.jpg"
"1828","Girl, You'll be a Woman Soon","Pulp Fiction S/T","Urge Overkill","1994","1909","","2025-09-02 13:54:44","https://m.media-amazon.com/images/M/MV5BYTc4MzczNzMtYjg3YS00NWFmLThiZmQtZjI5YTFjNGI4MDdlXkEyXkFqcGdeQXVyMjUyNDk2ODc@._V1_.jpg"
"1829","Rebel Rebel","Diamond Dogs","David Bowie","1974","1554","1207","2025-09-02 13:49:03","https://is1-ssl.mzstatic.com/image/thumb/Music122/v4/05/3a/fb/053afbb1-d7ec-6a7f-57d9-0d7bea7c38c6/190295990381.jpg/600x600bb.jpg"
"1830","Original Fire","Revelations","Audioslave","2006","1833","1956","2025-09-02 13:44:59","https://is1-ssl.mzstatic.com/image/thumb/Music/39/98/d7/mzi.kxtnolar.jpg/600x600bb.jpg"
"1831","Mary On A Cross","Seven Inches of Satanic Panic","Ghost","2019","1138","1469","2025-09-02 13:38:02","https://is1-ssl.mzstatic.com/image/thumb/Music116/v4/4b/f8/a3/4bf8a324-4406-0057-bb20-9d607eae9532/19CRGIM15158.rgb.jpg/600x600bb.jpg"
"1832","Humans Being","Twister","Van Halen","1996","1945","","2025-09-02 13:31:35","https://i.scdn.co/image/ab67616d0000b2738928b7423d71d1e1132c03e6"
"1833","Elevation","All That You Can't Leave Behind","U2","2000","1747","1790","2025-09-02 13:28:46","https://www.udiscovermusic.com/wp-content/uploads/2015/02/U2-All-That-You-Cant-Leave-Behind-1.jpg"
"1834","Nothing Makes Sense","Nothing Makes Sense","The Rainfall","2024","DEBUT","","2025-09-02 13:25:32","https://is1-ssl.mzstatic.com/image/thumb/Music221/v4/e6/7b/6d/e67b6d41-9d3b-6f5b-5546-db7a8b9a459f/artwork.jpg/1200x630bb.jpg"
"1835","American Woman","5","Lenny Kravitz","1999","1588","","2025-09-02 13:21:08","https://is1-ssl.mzstatic.com/image/thumb/Music125/v4/ce/22/a0/ce22a0e4-4fb3-7e45-f283-e93d5bf64bc6/13UABIM54248.rgb.jpg/600x600bb.jpg"
"1836","Meatplow","Purple","Stone Temple Pilots","1994","1846","1653","2025-09-02 13:17:21","https://is1-ssl.mzstatic.com/image/thumb/Music113/v4/d7/15/cc/d715cc36-0741-14b3-39b5-1f1f5ac88dd2/603497851553.jpg/600x600bb.jpg"
"1837","Turn Me Loose","Loverboy","Loverboy","1980","1817","1913","2025-09-02 13:11:50","https://is1-ssl.mzstatic.com/image/thumb/Music115/v4/6a/5b/fc/6a5bfc8f-46a9-615a-b674-b0941a20cf92/mzi.imbnfjxs.jpg/1000x1000bb.jpg"
"1838","Spin The Black Circle","Vitalogy","Pearl Jam","1994","1868","","2025-09-02 13:08:04","https://is1-ssl.mzstatic.com/image/thumb/Music125/v4/5c/8c/6d/5c8c6d72-ff93-5182-be87-f224db0a41e3/dj.gxlpyxpu.jpg/600x600bb.jpg"
"1839","Houses Of The Holy","Physical Graffitti","Led Zeppelin","1975","1890","1976","2025-09-02 13:04:28","https://is1-ssl.mzstatic.com/image/thumb/Music125/v4/82/6c/5d/826c5d66-67b7-62f2-4d78-dd3c7b415e08/dj.pifhrvpa.jpg/600x600bb.jpg"
"1840","Rollover DJ","Get Born","Jet","2003","1724","","2025-09-02 13:01:53","https://is1-ssl.mzstatic.com/image/thumb/Features115/v4/b6/d5/0d/b6d50d9c-e1d1-26bb-69c0-6def7a0094c6/dj.qbbboqmi.jpg/600x600bb.jpg"
"1841","Woman From Tokyo","Who do you Think you Are","Deep Purple","1973","1825","1859","2025-09-02 12:49:37","https://is1-ssl.mzstatic.com/image/thumb/Music124/v4/d9/17/8e/d9178ee2-38e1-9107-0037-a96cb67d3461/s06.ljmvsmck.jpg/600x600bb.jpg"
"1842","Gods","Sundowning","Sleep Token","2019","DEBUT","","2025-09-02 12:46:23","https://cdn.mediaworks.nz/therock/images/songs/ab67616d0000b273003381f0f8b9eb37a06eeb3f.jpg"
"1843","Sympathy For The Devil","Interview With The Vampire Soundtrack","Guns N' Roses","1994","RE-ENTRY","1840","2025-09-02 12:34:47","https://upload.wikimedia.org/wikipedia/en/thumb/c/c8/Gnr_sympathy.jpg/250px-Gnr_sympathy.jpg"
"1844","Sledgehammer","So","Peter Gabriel","1985","1830","1878","2025-09-02 12:30:34","https://is1-ssl.mzstatic.com/image/thumb/Music124/v4/7a/ee/3a/7aee3ac5-7627-0c97-e859-19ae7a6320b1/So_cover_iTunes_copy.jpg/600x600bb.jpg"
"1845","Countdown To Shutdown","The Death of Randy Fitzsimmons","The Hives","2023","1602","1768","2025-09-02 12:26:36","https://is1-ssl.mzstatic.com/image/thumb/Music116/v4/dd/a1/e1/dda1e1b4-3245-2c6d-4a12-bc3ed1ea8c37/8720923833128.png/600x600bb.jpg"
"1846","Back Foot","Celebrity Mansions","Dinosaur Pile-Up","2019","1967","","2025-09-02 12:22:44","https://is1-ssl.mzstatic.com/image/thumb/Music123/v4/c9/48/4b/c9484bf9-0a0d-a317-7129-b7a567e48c0d/190295449049.jpg/600x600bb.jpg"
"1847","Communication Breakdown","Led Zeppelin","Led Zeppelin","1969","1743","1645","2025-09-02 12:20:47","https://is1-ssl.mzstatic.com/image/thumb/Music115/v4/5c/15/9b/5c159b27-95ca-b9a7-84e3-28e795fffd39/dj.kvkrpptq.jpg/600x600bb.jpg"
"1848","Far Away","All the Right Reasons","Nickelback","2005","RE-ENTRY","","2025-09-02 12:17:04","https://cdn.mediaworks.nz/therock/images/songs/far_away_400_nickelback.jpg"
"1849","Country House","The Great Escape","Blur","1995","1891","","2025-09-02 12:11:54","https://is1-ssl.mzstatic.com/image/thumb/Features114/v4/69/66/bc/6966bc86-c612-616d-0cf2-dd75de9da894/dj.prdjibis.jpg/600x600bb.jpg"
"1850","Voices","The Devil Put Dinosaurs Here","Alice In Chains","2013","RE-ENTRY","1537","2025-09-02 12:08:18","https://cdn.mediaworks.nz/therock/images/songs/1751194761.jpg"
"1851","Lady Picture Show","Tiny Music, Songs from the Vatican Gift Shop","Stone Temple Pilots","1996","1872","1981","2025-09-02 12:02:31","https://upload.wikimedia.org/wikipedia/en/7/77/Stonetemplepilotstinymusic.jpeg"
"1852","Takin' Care Of Business","Bachman?Turner Overdrive II","Bachman Turner Overdrive","1973","1821","1934","2025-09-02 11:52:24","https://is1-ssl.mzstatic.com/image/thumb/Music221/v4/f8/c9/bd/f8c9bdbe-8500-760b-40b6-b0a100bd6f69/06UMGIM04514.rgb.jpg/1000x1000bb.jpg"
"1853","Bear With Me","Bear With Me","The Boondocks","2025","DEBUT","","2025-09-02 11:50:14","https://cdn.mediaworks.nz/therock/images/songs/195497168514.jpg"
"1854","Foxy Lady","Are You Experienced?","Jimi Hendrix","1967","1849","1759","2025-09-02 11:46:44","https://is1-ssl.mzstatic.com/image/thumb/Music124/v4/00/67/45/006745f5-95d5-5a06-35ed-d515e9cfd7d8/dj.tbwlxwoh.jpg/1000x1000bb.jpg"
"1855","Reapers","Drones","Muse","2015","1866","1200","2025-09-02 11:37:44","https://is1-ssl.mzstatic.com/image/thumb/Music125/v4/fe/e2/d0/fee2d0c2-a1cc-4804-97d5-0db67a7895ed/825646121205.jpg/600x600bb.jpg"
"1856","The Jean Genie","Aladdin Sane","David Bowie","1973","1924","1794","2025-09-02 11:34:27","https://is1-ssl.mzstatic.com/image/thumb/Music115/v4/32/aa/3e/32aa3eeb-830e-e378-dd40-ac2b701066d8/825646123582.jpg/600x600bb.jpg"
"1857","And We'll Defy","The Horrifying Truth","I Am Giant","2011","RE-ENTRY","","2025-09-02 11:30:13","https://cdn.mediaworks.nz/therock/images/songs/and_we_ll_defy_400_i_am_giant.jpg"
"1858","Digging The Grave","King for a Day... Fool for a Lifetime","Faith No More","1995","1880","1959","2025-09-02 11:27:09","https://is1-ssl.mzstatic.com/image/thumb/Music115/v4/e1/c9/86/e1c9865c-a33e-0bcd-5db9-c980eb974fbf/190295920456.jpg/600x600bb.jpg"
"1859","Lucy In The Sky With Diamonds","Sgt. Peppers Lonely Hearts Club Band","The Beatles","1967","1734","1702","2025-09-02 11:22:05","https://is1-ssl.mzstatic.com/image/thumb/Music114/v4/6f/79/8d/6f798d84-7475-8525-fc91-f7b51b2b5a9b/00602567725428.rgb.jpg/600x600bb.jpg"
"1860","Blacken My Thumb","Outta Sight/Outta Mind","The Datsuns","2004","1829","1793","2025-09-02 11:19:02","https://is1-ssl.mzstatic.com/image/thumb/Music/39/e1/4e/mzi.ynzkrhpa.jpg/600x600bb.jpg"
"1861","We Built This City","Knee Deep In The Hoopla","Starship","1985","1823","1867","2025-09-02 11:13:43","https://is1-ssl.mzstatic.com/image/thumb/Music125/v4/38/ac/b8/38acb848-5fb4-7db8-fa9f-4a9f6795c298/603497853977.jpg/600x600bb.jpg"
"1862","What You Are","Audioslave","Audioslave","2002","1965","","2025-09-02 11:09:03","https://is1-ssl.mzstatic.com/image/thumb/Features115/v4/9c/b6/c2/9cb6c246-3626-7789-26a9-79b787e5668d/dj.owymmnty.jpg/600x600bb.jpg"
"1863","Feel Like Makin' Love","Straight Shooter","Bad Company","1975","1827","1995","2025-09-02 11:03:29","https://is1-ssl.mzstatic.com/image/thumb/Music115/v4/6a/cd/da/6acddac4-3d77-93bb-2880-4659c392bcd6/603497892402.jpg/600x600bb.jpg"
"1864","Big Bang Baby","Tiny Music... Gifts From The Vatican Gift Shop","Stone Temple Pilots","1996","1620","1626","2025-09-02 11:00:13","https://is1-ssl.mzstatic.com/image/thumb/Music114/v4/1f/9a/53/1f9a5373-601e-28bd-f754-c33e56c40a2b/mzi.ygqxrssz.jpg/600x600bb.jpg"
"1865","Jesus Or A Gun","Sunburn ","Fuel","1999","RE-ENTRY","","2025-09-02 10:52:48","https://upload.wikimedia.org/wikipedia/en/thumb/4/49/SunburnCover.jpg/250px-SunburnCover.jpg"
"1866","Over Now","Unplugged","Alice In Chains","1996","1902","","2025-09-02 10:45:37","https://is1-ssl.mzstatic.com/image/thumb/Music/ff/eb/d8/mzi.wegmszqt.jpg/600x600bb.jpg"
"1867","Get Loose","6twenty","The D4","2001","1908","1809","2025-09-02 10:43:43","https://is1-ssl.mzstatic.com/image/thumb/Music118/v4/76/39/42/76394292-8de2-59ec-81aa-1f241f1ac6b6/00720616238825.rgb.jpg/600x600bb.jpg"
"1868","Even Better Than The Real Thing","Achtung Baby","U2","1991","1691","1639","2025-09-02 10:35:04","https://is1-ssl.mzstatic.com/image/thumb/Music116/v4/fe/5e/4f/fe5e4f79-c74f-c39e-39dc-4c8a952b9665/17UMGIM98829.rgb.jpg/600x600bb.jpg"
"1869","Underdog","West Ryder Pauper Lunatic Asylum","Kasabian","2009","1978","","2025-09-02 10:31:01","https://is1-ssl.mzstatic.com/image/thumb/Music/26/01/ec/mzi.inbudaao.jpg/600x600bb.jpg"
"1870","You Better You Bet","Face Dances","The Who","1981","RE-ENTRY","","2025-09-02 10:25:09","https://upload.wikimedia.org/wikipedia/en/c/cc/The_who_face_dances_album.jpg"
"1871","Bleed You Dry","Thrills Kills & Sunday pills","Grinspoon","2004","RE-ENTRY","","2025-09-02 10:21:09","https://i1.sndcdn.com/artworks-7VNdX47gdopw-0-t500x500.jpg"
"1872","In Hiding","Yield","Pearl Jam","1998","1892","","2025-09-02 10:16:04","https://is1-ssl.mzstatic.com/image/thumb/Music124/v4/a9/c6/38/a9c63889-8c3a-e58e-d4fc-c89dc2ac1a60/dj.gredyxzz.jpg/1000x1000bb.jpg"
"1873","She Screamed She Loved Me","Bleeders","Bleeders","2007","RE-ENTRY","1069","2025-09-02 10:13:26","https://cdn.mediaworks.nz/therock/images/songs/293765487.jpg"
"1874","Hard To Handle","Shake Your Money Maker","The Black Crowes","1990","1860","1993","2025-09-02 10:07:55","https://is1-ssl.mzstatic.com/image/thumb/Music118/v4/64/c4/6b/64c46bf5-3bcb-75e7-048c-791907f62639/00602537349883.rgb.jpg/600x600bb.jpg"
"1875","The Vampyre Of Time And Memory","Like Clockwork","Queens Of The Stone Age","2013","RE-ENTRY","","2025-09-02 10:04:57","https://cdn.mediaworks.nz/therock/images/songs/1586476451.jpg"
"1876","Heatseeker","Blow Up Your Video","AC/DC","1988","1461","1532","2025-09-02 10:01:44","https://is1-ssl.mzstatic.com/image/thumb/Features125/v4/07/3e/12/073e1254-041e-d5d3-3451-c5be6595efa9/dj.cbxnxrmm.jpg/600x600bb.jpg"
"1877","Got The Ju","Geographica","Weta","2000","1900","1868","2025-09-02 09:51:01","https://is1-ssl.mzstatic.com/image/thumb/Music124/v4/e1/b3/61/e1b3614a-ecf0-c975-25e2-0814a63f556f/190295060909.jpg/600x600bb.jpg"
"1878","Mother Mother","The Burdens of Being Upright","Tracy Bonham","1996","1840","","2025-09-02 09:48:02","https://is1-ssl.mzstatic.com/image/thumb/Music124/v4/cd/15/52/cd155247-e466-15f6-09bf-68eb18c63ffa/06UMGIM21033.rgb.jpg/600x600bb.jpg"
"1879","Real American","The Wrestling Album","Rick Derringer","1985","DEBUT","","2025-09-02 09:40:25","https://upload.wikimedia.org/wikipedia/en/thumb/c/ce/The_Wrestling_Album.jpg/250px-The_Wrestling_Album.jpg"
"1880","Don't Tell Me (What Love Can Do)","Balance","Van Halen","1995","1916","1984","2025-09-02 09:33:32","https://is1-ssl.mzstatic.com/image/thumb/Music124/v4/c5/0f/97/c50f9765-f288-3699-4b43-60ff65e4de98/mzi.ckxplkjm.jpg/600x600bb.jpg"
"1881","Into The Void","The Fragile","Nine Inch Nails","1999","RE-ENTRY","","2025-09-02 09:30:20","https://cdn.mediaworks.nz/therock/images/songs/into_the_void_400_nine_inch_nails.jpg"
"1882","Diamonds On The Inside","Diamonds On The Inside","Ben Harper","2003","1925","","2025-09-02 09:23:21","https://upload.wikimedia.org/wikipedia/commons/thumb/4/42/Ben_Harper_FIJM_2003.jpg/242px-Ben_Harper_FIJM_2003.jpg"
"1883","Re-Arranged","Significant Other","Limp Bizkit","1999","DEBUT","","2025-09-02 09:18:52","https://cdn.mediaworks.nz/therock/images/songs/06UMGIM01666.rgb.jpg"
"1884","Black Velvet","Alannah Myles","Alannah Myles","1989","1928","","2025-09-02 09:13:02","https://is1-ssl.mzstatic.com/image/thumb/Music114/v4/2b/48/9b/2b489bc2-92ba-a33b-ec8d-b07c596567a9/mzi.aoxrflhk.jpg/600x600bb.jpg"
"1885","Walking After You","The Colour and the Shape","Foo Fighters","1997","1974","1756","2025-09-02 09:07:54","https://is1-ssl.mzstatic.com/image/thumb/Music124/v4/20/4d/4b/204d4b45-db70-37f8-ce00-23f396623836/dj.jixvlpyt.jpg/600x600bb.jpg"
"1886","Only Women Bleed","Welcome to my Nightmare","Alice Cooper","1975","1156","698","2025-09-02 09:02:01","https://is1-ssl.mzstatic.com/image/thumb/Music124/v4/c7/b9/d1/c7b9d142-85db-6bae-97fa-471c5c8da2c6/075678154263.jpg/600x600bb.jpg"
"1887","Shockwave","Why Me? Why Not","Liam Gallagher","2019","1893","1856","2025-09-02 08:52:37","https://is1-ssl.mzstatic.com/image/thumb/Music115/v4/0d/81/bc/0d81bcc5-365d-ccc1-af1a-2e9d809ceb87/190295408329.jpg/600x600bb.jpg"
"1888","Don't Do Me Like That","Damn the Torpedoes","Tom Petty and The Heartbreakers","1979","1344","1430","2025-09-02 08:46:57","https://is1-ssl.mzstatic.com/image/thumb/Music122/v4/95/c8/d5/95c8d554-d5af-4c45-0f01-b5e49d1a33e5/06UMGIM05167.rgb.jpg/600x600bb.jpg"
"1889","Secrets","Easy","Grinspoon","1999","RE-ENTRY","","2025-09-02 08:37:38","https://i.scdn.co/image/ab67616d0000b2738ecf0c2adf2efc099d38842d"
"1890","Behind Blue Eyes","Who's Next","The Who","1971","DEBUT","","2025-09-02 08:34:30","https://cdn.mediaworks.nz/therock/images/songs/ab67616d0000b273fe24dcd263c08c6dd84b6e8c.jpg"
"1891","Here Ever After","Unlimited Love","Red Hot Chili Peppers","2022","1118","815","2025-09-02 08:30:46","https://is1-ssl.mzstatic.com/image/thumb/Music116/v4/6a/f5/6b/6af56b1d-1cc8-68e8-a428-5caccf20e69a/093624880639.jpg/600x600bb.jpg"
"1892","60 Miles an Hour","Get Ready","New Order","2001","RE-ENTRY","","2025-09-02 08:25:44","https://upload.wikimedia.org/wikipedia/en/thumb/9/93/Get-Ready-cover.png/250px-Get-Ready-cover.png"
"1893","Have A Drink On Me","Back In Black","AC/DC","1980","978","1213","2025-09-02 08:21:20","https://is1-ssl.mzstatic.com/image/thumb/Music115/v4/1e/14/58/1e145814-281a-58e0-3ab1-145f5d1af421/886443673441.jpg/600x600bb.jpg"
"1894","Tick Tick Boom","The Black and White Album","The Hives","2007","1906","1954","2025-09-02 08:13:01","https://is1-ssl.mzstatic.com/image/thumb/Music124/v4/19/b8/50/19b85064-cefd-86ca-0f48-ab264b51c801/00602517535800.rgb.jpg/600x600bb.jpg"
"1895","Man On The Moon","Automatic for the People","R.E.M","1992","1438","1538","2025-09-02 08:08:31","https://is1-ssl.mzstatic.com/image/thumb/Music115/v4/fb/d9/e2/fbd9e203-818c-06cf-405d-8906f2eae6ec/00888072396258.rgb.jpg/600x600bb.jpg"
"1896","Charmer","Because of the Times","Kings Of Leon","2007","1115","1416","2025-09-02 08:03:53","https://is1-ssl.mzstatic.com/image/thumb/Music115/v4/ad/53/ee/ad53ee45-d47c-f275-6143-695704675959/886447330272.jpg/600x600bb.jpg"
"1897","The Rising","The Rising","Bruce Springsteen","2002","1322","1370","2025-09-01 16:55:41","https://is1-ssl.mzstatic.com/image/thumb/Music124/v4/9e/8a/55/9e8a55f7-a372-dd94-e637-e54088e57559/mzi.zjcvknck.jpg/600x600bb.jpg"
"1898","No Good","A/B","Kaleo","2016","RE-ENTRY","1337","2025-09-01 16:52:01","https://cdn.mediaworks.nz/therock/images/songs/1107254993.jpg"
"1899","Amazing","Get a Grip","Aerosmith","1993","1937","","2025-09-01 16:45:50","https://is1-ssl.mzstatic.com/image/thumb/Music126/v4/8b/04/87/8b048775-ed10-439d-18a6-5ecb21effcf8/06UMGIM14760.rgb.jpg/600x600bb.jpg"
"1900","The Rat","Bows + Arrows","The Walkmen","2004","DEBUT","","2025-09-01 16:34:54","https://cdn-images.dzcdn.net/images/cover/4323fb6527e128b1dee3b508f49ffc8f/1900x1900-000000-80-0-0.jpg"
"1901","The Lady Don't Mind","Little Creatures","Talking Heads","1985","1168","1312","2025-09-01 16:30:53","https://is1-ssl.mzstatic.com/image/thumb/Music124/v4/80/dd/1a/80dd1a55-5975-8653-1455-25ae42c89123/mzi.hdkytcrn.jpg/600x600bb.jpg"
"1902","Spit Out The Bone","Hardwired... to Self-Destruct","Metallica","2016","1800","1979","2025-09-01 16:21:50","https://upload.wikimedia.org/wikipedia/en/a/a5/Hardwired..._To_Self-Destruct_Album_Cover.jpeg"
"1903","Heartbreaker","In the Heat of the Night","Pat Benatar","1979","RE-ENTRY","1970","2025-09-01 16:17:50","https://cdn.mediaworks.nz/therock/images/songs/1445877366.jpg"
"1904","You Only Live Once","First Impressions of Earth","The Strokes","2005","1296","1586","2025-09-01 16:11:53","https://is1-ssl.mzstatic.com/image/thumb/Music115/v4/f4/c4/25/f4c42532-a348-27f5-1521-4783fdc52a55/888880789709.jpg/600x600bb.jpg"
"1905","Forgotten Years","Blue Sky Mining","Midnight Oil","1990","1162","1274","2025-09-01 16:07:09","https://is1-ssl.mzstatic.com/image/thumb/Music125/v4/6a/51/d6/6a51d6d0-0e1d-05fa-e068-36a229117637/886444672726.jpg/600x600bb.jpg"
"1906","I Think I'm Paranoid","Version 2.0","Garbage","1998","RE-ENTRY","","2025-09-01 15:56:01","https://cdn.mediaworks.nz/therock/images/songs/i_think_i_m_paranoid_400_garbage.jpg"
"1907","Rocky Mountain Way","The Smoker You Drink, The Player you Get","Joe Walsh","1973","1987","1964","2025-09-01 15:49:56","https://is1-ssl.mzstatic.com/image/thumb/Music115/v4/25/22/29/2522299d-2d43-5a63-d576-03461e86f049/00602567833659.rgb.jpg/600x600bb.jpg"
"1908","Martyr","Volume 1","Blindspott","2022","RE-ENTRY","1631","2025-09-01 15:48:12","https://cdn.mediaworks.nz/therock/images/songs/1776292443.jpg"
"1909","Cover Me","Born in the U.S.A.","Bruce Springsteen","1984","1984","1246","2025-09-01 15:37:26","https://is1-ssl.mzstatic.com/image/thumb/Music115/v4/32/72/68/327268ba-b9dd-b322-2a16-bdd0212df48c/074643865326.jpg/600x600bb.jpg"
"1910","Miss Murder","Decemberundreground","AFI","2006","RE-ENTRY","1419","2025-09-01 15:34:30","https://upload.wikimedia.org/wikipedia/en/e/e3/AFI_-_Miss_Murder_cover.jpg"
"1911","Diamond Dogs","Diamond Dogs","David Bowie","1974","1896","1880","2025-09-01 15:27:24","https://is1-ssl.mzstatic.com/image/thumb/Music122/v4/05/3a/fb/053afbb1-d7ec-6a7f-57d9-0d7bea7c38c6/190295990381.jpg/600x600bb.jpg"
"1912","Life Is Beautiful","The Heroin Diaries","Sixx A.M.","2007","RE-ENTRY","1358","2025-09-01 15:22:45","https://i.scdn.co/image/ab67616d0000b27343d44e6189647c1d89f7d8e4"
"1913","I'll Say Goodbye (Even Tho I'm Blue)","Prayers Be Answered","The Exponents","1983","1845","1904","2025-09-01 15:20:08","https://upload.wikimedia.org/wikipedia/en/2/23/Prayers_Be_Answered_Thumb.jpg"
"1914","She Builds Quick Machines","Libertad","Velvet Revolver","2007","1935","1975","2025-09-01 15:15:41","https://is1-ssl.mzstatic.com/image/thumb/Music124/v4/69/d3/c9/69d3c98a-c03e-f0ac-ecc0-dccce1590b76/mzi.ivgabvqb.jpg/600x600bb.jpg"
"1915","Amongst The Waves","Backspacer","Pearl Jam","2009","1843","1486","2025-09-01 15:12:23","https://is1-ssl.mzstatic.com/image/thumb/Music124/v4/8e/e3/6f/8ee36fd7-f9a9-7ede-e173-b1e001e5e5aa/00602527189802.rgb.jpg/600x600bb.jpg"
"1916","Fortunate Son","A Song for Everyone","John Fogerty/Foo Fighters","2013","1898","968","2025-09-01 15:06:24","https://i.scdn.co/image/ab67616d0000b2737a30895fb4b39e80ffd332e2"
"1917","Sunburn","Sunburn","Fuel","1998","1842","1754","2025-09-01 14:55:38","https://is1-ssl.mzstatic.com/image/thumb/Music/32/b6/d1/mzi.dhwulrbz.jpg/600x600bb.jpg"
"1918","Get A Haircut","Haircut","George Thorogood","1993","1993","","2025-09-01 14:51:56","https://is1-ssl.mzstatic.com/image/thumb/Music125/v4/af/1a/dc/af1adcba-d7f8-50a3-b2cb-376d1dbb3c42/13ULAIM49281.rgb.jpg/600x600bb.jpg"
"1919","Heroin Girl","Sparkle and Fade","Everclear","1995","RE-ENTRY","","2025-09-01 14:49:04","https://cdn.mediaworks.nz/therock/images/songs/725839811.jpg"
"1920","No Son Of Mine","Medicine At Midnight","Foo Fighters","2021","875","1280","2025-09-01 14:41:26","https://is1-ssl.mzstatic.com/image/thumb/Music115/v4/ed/bd/f6/edbdf65c-e3db-17a8-b909-4f4cd708b653/886448658054.jpg/600x600bb.jpg"
"1921","Trouble","Something Good Is Happening","Voom","2025","DEBUT","","2025-09-01 14:38:39","https://cdn.mediaworks.nz/therock/images/songs/ab67616d00001e02276c1551fc9cdaf258df9eae.jpg"
"1922","And She Was","Little Creatures","Talking Heads","1985","1476","1330","2025-09-01 14:36:14","https://is1-ssl.mzstatic.com/image/thumb/Music124/v4/80/dd/1a/80dd1a55-5975-8653-1455-25ae42c89123/mzi.hdkytcrn.jpg/600x600bb.jpg"
"1923","Molly's Chambers","Youth & Young Manhood","Kings Of Leon","2003","1349","966","2025-09-01 14:33:27","https://is1-ssl.mzstatic.com/image/thumb/Music124/v4/f5/99/d6/f599d655-625d-96a8-3fb2-c4c0420bf6d1/886447320648.jpg/1000x1000bb.jpg"
"1924","Crazy","Get A Grip","Aerosmith","1993","1297","1506","2025-09-01 14:28:50","https://is1-ssl.mzstatic.com/image/thumb/Music126/v4/8b/04/87/8b048775-ed10-439d-18a6-5ecb21effcf8/06UMGIM14760.rgb.jpg/600x600bb.jpg"
"1925","Licking Cream","Home","Sevendust ft. Skin","1999","RE-ENTRY","1516","2025-09-01 14:25:32","https://upload.wikimedia.org/wikipedia/en/7/74/Sevendust_licking_cream.png"
"1926","Devil You Know","Cool Bananas","DD Smash","1982","1125","1357","2025-09-01 14:21:09","https://upload.wikimedia.org/wikipedia/en/thumb/2/24/Cool_Bananas_%28album_cover%29.jpg/220px-Cool_Bananas_%28album_cover%29.jpg"
"1927","Better Off Alone","Thrills, Kills & Sunday Pills","Grinspoon","2004","RE-ENTRY","","2025-09-01 14:18:07","https://i1.sndcdn.com/artworks-7VNdX47gdopw-0-t500x500.jpg"
"1928","Locked Out","Reality Bites","Crowded House","1994","1998","","2025-09-01 14:12:53","https://images.genius.com/af1439a55a0e3b5f2714fdb73f75685c.600x526x1.jpg"
"1929","Excuse Me Mr.","Fight For Your Mind","Ben Harper","1995","1864","1947","2025-09-01 14:08:30","https://is1-ssl.mzstatic.com/image/thumb/Music115/v4/4f/1c/be/4f1cbefb-7033-8310-f034-39587c659686/00602547810182.rgb.jpg/600x600bb.jpg"
"1930","Every Day Is Exactly The Same","With Teeth","Nine Inch Nails","2005","1198","","2025-09-01 14:05:01","https://is1-ssl.mzstatic.com/image/thumb/Music124/v4/55/63/3f/55633ff3-3f5d-4e27-2c42-136eb3ad6ab9/06UMGIM39326.rgb.jpg/600x600bb.jpg"
"1931","Crazy Crazy Nights","Crazy Nights","Kiss","1987","1914","1928","2025-09-01 13:56:13","https://is1-ssl.mzstatic.com/image/thumb/Music124/v4/f8/27/8c/f8278cdf-5c2f-a026-fdb8-9f5b40303a67/00602537855865.rgb.jpg/600x600bb.jpg"
"1932","Y'All Want A Single","Take a Look in the Mirror","Korn","2003","DEBUT","","2025-09-01 13:53:38","https://i.scdn.co/image/ab67616d0000b2731db105273d8af0e255e491ec"
"1933","Tie Your Mother Down","A Day at the Races","Queen","1977","1304","1226","2025-09-01 13:48:40","https://is1-ssl.mzstatic.com/image/thumb/Music114/v4/66/6c/d8/666cd8db-890e-7e03-8b68-8976fbf6ba1e/14DMGIM05549.rgb.jpg/600x600bb.jpg"
"1934","On My Mind","Vulture Street ","Powderfinger","2003","RE-ENTRY","","2025-09-01 13:41:14","https://cdn.mediaworks.nz/therock/images/songs/1440668768.jpg"
"1935","While My Guitar Gently Weeps","Hell To Pay","Jeff Healey Band","1990","1941","1936","2025-09-01 13:35:52","https://is1-ssl.mzstatic.com/image/thumb/Features/c0/46/84/dj.axsbofxk.jpg/600x600bb.jpg"
"1936","Everything's Electric","C'mon You Know","Liam Gallagher","2022","1992","1135","2025-09-01 13:32:52","https://is1-ssl.mzstatic.com/image/thumb/Music112/v4/fd/a1/0d/fda10daa-d62d-534b-6243-a4f7784d820e/190296224447.jpg/600x600bb.jpg"
"1937","When A Blind Man Cries","A Tribute To Deep Purple's Machinehead","Metallica","2012","1468","1182","2025-09-01 13:26:48","https://upload.wikimedia.org/wikipedia/en/c/c8/Re-Machined_A_Tribute_to_Machine_Head_cover.jpg"
"1938","Road Trip","Schmack!","Steriogram","2004","1283","1477","2025-09-01 13:24:00","https://is1-ssl.mzstatic.com/image/thumb/Music124/v4/64/af/b9/64afb9fe-6896-dda6-468d-dc4563285a13/00724358069150.jpg/1000x1000bb.jpg"
"1939","Listen To The Music","Toulouse Street","The Doobie Brothers","1972","1943","1968","2025-09-01 13:19:24","https://is1-ssl.mzstatic.com/image/thumb/Music124/v4/d5/ce/39/d5ce3991-f455-179b-51bb-8292ae035a1a/603497878246.jpg/600x600bb.jpg"
"1940","Steady As She Goes","Broken Boy Soldiers","The Raconteurs","2006","1876","1996","2025-09-01 13:15:49","https://is1-ssl.mzstatic.com/image/thumb/Music124/v4/66/39/ae/6639aef2-19e6-a870-8097-9822cc23af16/886449077717.jpg/600x600bb.jpg"
"1941","Hot Blooded","Double Vision","Foreigner","1978","1955","1802","2025-09-01 13:11:04","https://is1-ssl.mzstatic.com/image/thumb/Music115/v4/98/46/0f/98460fb8-9dae-89b7-6196-325187c6a84b/603497979769.jpg/600x600bb.jpg"
"1942","Summer Set Fire To The Rain","Horizons/East ","Thrice","2021","1886","1633","2025-09-01 13:06:40","https://is1-ssl.mzstatic.com/image/thumb/Music125/v4/11/6f/e7/116fe788-6bec-3a46-f928-9d23ce88c212/0045778781966.png/1000x1000bb.jpg"
"1943","Do You See What I See?","What's a few men","Hunters & Collectors","1987","1871","","2025-09-01 13:03:34","https://upload.wikimedia.org/wikipedia/en/5/50/Hunters_%26_Collectors_%E2%80%93_Do_You_See_What_I_See%3F.jpg"
"1944","Jolene","Under Blackpool Lights","The White Stripes","2004","1279","1128","2025-09-01 12:54:52","https://is1-ssl.mzstatic.com/image/thumb/Music124/v4/8f/47/95/8f479515-7f88-a228-cb3b-101b80117c0a/886448916390.jpg/600x600bb.jpg"
"1945","Fool To Cry","Black and Blue","The Rolling Stones","1976","1310","","2025-09-01 12:50:50","https://is1-ssl.mzstatic.com/image/thumb/Music116/v4/02/de/38/02de38de-7df8-ddbc-f88b-78eb55b1fe97/08UMGIM15723.rgb.jpg/600x600bb.jpg"
"1946","Roots Radicals","...And Out Come the Wolves","Rancid","1995","1994","1891","2025-09-01 12:47:54","https://is1-ssl.mzstatic.com/image/thumb/Music116/v4/cd/92/ed/cd92eddc-3c7e-f0e5-06db-ac7fd4a511db/0045778744176.png/600x600bb.jpg"
"1947","Language","Twist","Dave Dobbyn","1994","1386","1468","2025-09-01 12:40:00","https://is1-ssl.mzstatic.com/image/thumb/Music/46/bc/dc/mzi.dbyahefk.jpg/600x600bb.jpg"
"1948","Voices","The Sickness","Disturbed","2000","1298","1073","2025-09-01 12:37:27","https://is1-ssl.mzstatic.com/image/thumb/Music125/v4/64/41/b4/6441b43f-6aad-4ac6-e262-1522459f9a4e/mzm.hmsfpetk.jpg/600x600bb.jpg"
"1949","The Masterplan","Single Only","Oasis","1995","DEBUT","","2025-09-01 12:32:19","https://images.genius.com/b7bdacd09a1bf3a3a631392ec80de62f.452x452x1.jpg"
"1950","Your Latest Trick","Brothers in Arms","Dire Straits","1985","1483","1783","2025-09-01 12:25:53","https://is1-ssl.mzstatic.com/image/thumb/Music115/v4/e8/bd/54/e8bd54fd-6595-4ebf-aa4c-58139ed316e6/dj.bngafruf.jpg/600x600bb.jpg"
"1951","Animal","Be Like The River","Devilskin","2016","RE-ENTRY","","2025-09-01 12:21:29","https://cdn.mediaworks.nz/therock/images/songs/1774457841.jpg"
"1952","Heartbreaker","Led Zeppelin II","Led Zeppelin","1969","1988","1886","2025-09-01 12:16:52","https://is1-ssl.mzstatic.com/image/thumb/Music125/v4/1a/3d/bb/1a3dbb86-c1f8-737e-571f-d6b647a230be/dj.rhubuvkd.jpg/600x600bb.jpg"
"1953","Rain King","August and Everything After","Counting Crows","1993","1975","","2025-09-01 12:12:43","https://is1-ssl.mzstatic.com/image/thumb/Music116/v4/3b/dc/90/3bdc90a2-3697-0c5e-3265-65ccaa7dcbb3/14UMGIM00847.rgb.jpg/1000x1000bb.jpg"
"1954","Green Machine","Blues for the Red Sun","Kyuss","1992","1043","1391","2025-09-01 12:09:26","https://is1-ssl.mzstatic.com/image/thumb/Music115/v4/db/76/5c/db765cd1-4e03-cf87-0727-d7b6dba4ede1/mzi.rdoobtgp.jpg/600x600bb.jpg"
"1955","Vertigo","How to Dismantle an Atomic Bomb","U2","2004","RE-ENTRY","","2025-09-01 12:05:41","https://cdn.mediaworks.nz/therock/images/songs/vertigo_400_u2.jpg"
"1956","21st Century (Digital Boy)","Against the Grain","Bad Religion","1990","DEBUT","","2025-09-01 12:04:44","https://cdn.mediaworks.nz/therock/images/songs/ab67616d0000b27383377c60b037b24611e883e3.jpg"
"1957","The Song Remains The Same","Houses of the Holy","Led Zeppelin","1973","1628","1648","2025-09-01 11:51:18","https://is1-ssl.mzstatic.com/image/thumb/Music125/v4/f2/68/3c/f2683cf8-9dd3-9466-def2-4dbf0fd80a82/603497857173.jpg/600x600bb.jpg"
"1958","When The Curtain Falls","Black Smoke Rising","Greta Van Fleet","2017","RE-ENTRY","1799","2025-09-01 11:47:49","https://upload.wikimedia.org/wikipedia/en/f/f4/Greta_Van_Fleet_-_When_the_Curtain_Falls.jpg"
"1959","Revolution","Single Only ","The Beatles","1968","1541","1458","2025-09-01 11:45:00","https://is1-ssl.mzstatic.com/image/thumb/Music116/v4/14/d1/3d/14d13df6-b66a-cdd8-b71c-7f678f7c7fbd/18UMGIM58178.rgb.jpg/600x600bb.jpg"
"1960","Swelter","Re-Evolution","Devilskin","2025","DEBUT","","2025-09-01 11:36:09","https://i.scdn.co/image/ab67616d0000b27384a891bf323a4c4627472a6c"
"1961","I Fought The Law","The Cost of Living (EP)","The Clash","1979","1869","1938","2025-09-01 11:33:22","https://is1-ssl.mzstatic.com/image/thumb/Music116/v4/a2/b5/cf/a2b5cf5c-c866-8040-b43e-db11723aa577/886449848409.jpg/1000x1000bb.jpg"
"1962","All Out Life","All Out Life","Slipknot","2018","1281","1059","2025-09-01 11:28:03","https://is1-ssl.mzstatic.com/image/thumb/Music124/v4/03/03/3e/03033e4a-2c82-ba50-84e0-e4e16d149781/016861337230.jpg/600x600bb.jpg"
"1963","Thrash Metal Cassette","Celebrity Mansions","Dinosaur Pile-Up","2019","1729","1844","2025-09-01 11:23:45","https://is1-ssl.mzstatic.com/image/thumb/Music123/v4/c9/48/4b/c9484bf9-0a0d-a317-7129-b7a567e48c0d/190295449049.jpg/600x600bb.jpg"
"1964","Changes","Hunky Dory","David Bowie","1971","RE-ENTRY","1986","2025-09-01 11:21:28","https://cdn.mediaworks.nz/therock/images/songs/1039798000.jpg"
"1965","There Is A Field","Single Only","The Checks","2008","1256","1365","2025-09-01 11:14:56","https://i.scdn.co/image/ab67616d00001e027ffe3ea4e04f5823d6e73f1c"
"1966","Why Can't This Be Love","5150","Van Halen","1986","1285","","2025-09-01 11:11:58","https://is1-ssl.mzstatic.com/image/thumb/Music115/v4/a2/ff/14/a2ff145c-ff55-1bc0-50ed-d7817bbcde8f/mzi.hmtxyyhj.jpg/600x600bb.jpg"
"1967","Get Born Again","Music Bank","Alice in Chains","1999","RE-ENTRY","","2025-09-01 11:06:35","https://is1-ssl.mzstatic.com/image/thumb/Music18/v4/62/19/4c/62194cfd-59d1-e6da-fed4-88323767f0b4/dj.agoejvpd.jpg/296x296bb.webp"
"1968","Float On","Good News For People Who Love Bad News","Modest Mouse","2004","RE-ENTRY","1439","2025-09-01 11:02:30","https://is1-ssl.mzstatic.com/image/thumb/Video211/v4/6f/22/ef/6f22efab-5aa6-2309-2ed1-33708b6bbdfb/Job480bccf8-4255-4fcc-96e6-517a6b99686f-165003229-PreviewImage_Preview_Image_Intermediate_nonvideo_sdr_320279526_1719526058-Time1711042459913.png/316x316bb.webp"
"1969","No More Mister Nice Guy","Billion Dollar Babies","Alice Cooper","1973","RE-ENTRY","1186","2025-09-01 10:54:05","https://cdn.mediaworks.nz/therock/images/songs/40458482.jpg"
"1970","Geek Stink Breath","Insomniac","Green Day","1995","1263","","2025-09-01 10:51:51","https://is1-ssl.mzstatic.com/image/thumb/Music124/v4/b0/f8/cd/b0f8cd1f-6269-30bc-8ccb-cdb2a87a1d0d/093624915706.jpg/600x600bb.jpg"
"1971","Space Truckin'","Machine Head","Deep Purple","1972","DEBUT","","2025-09-01 10:47:53","https://cdn.mediaworks.nz/therock/images/songs/ab67616d0000b273bc9b44e950d5440ff65ea926.jpg"
"1972","Hot Blood","A/B","Kaleo","2016","1495","1842","2025-09-01 10:38:54","https://is1-ssl.mzstatic.com/image/thumb/Music125/v4/74/fb/5e/74fb5e22-3a1b-4468-dc14-e097dc635e44/075679911506.jpg/1000x1000bb.jpg"
"1973","The One I Love","Document","R.E.M","1987","1980","1845","2025-09-01 10:37:11","https://is1-ssl.mzstatic.com/image/thumb/Music125/v4/e8/a9/b3/e8a9b351-578c-12b7-4cc4-791b90fac17b/00602537796731.rgb.jpg/600x600bb.jpg"
"1974","Welcome To The Fold","Title of Record","Filter","1999","RE-ENTRY","","2025-09-01 10:28:44","https://cdn.mediaworks.nz/therock/images/songs/welcome_to_the_fold_400_filter.jpg"
"1975","Mrs Robinson","It's a Shame About Ray","Lemonheads","1992","1601","1551","2025-09-01 10:23:11","https://is1-ssl.mzstatic.com/image/thumb/Music126/v4/80/4a/9a/804a9a8a-e528-0a79-0f23-873dda3f5118/809236162403_cover.jpg/600x600bb.jpg"
"1976","Counting Blue Cars","Pet Your Friends","Dishwalla","1996","1811","","2025-09-01 10:19:09","https://is1-ssl.mzstatic.com/image/thumb/Music125/v4/f8/1d/a0/f81da02d-b186-0127-327e-4bcd4c42800f/00731454031929.rgb.jpg/600x600bb.jpg"
"1977","Dreams","Single Only","Beck","2015","RE-ENTRY","1617","2025-09-01 10:15:17","https://upload.wikimedia.org/wikipedia/en/6/67/Beck_-_Dreams_cover.jpg"
"1978","Bliss","Origin of Symmetry","Muse","2001","1942","","2025-09-01 10:11:06","https://is1-ssl.mzstatic.com/image/thumb/Music114/v4/0c/c8/0b/0cc80b73-aa09-492d-4fcc-984cab29acfa/825646096909.jpg/600x600bb.jpg"
"1979","Suffragette City","The Rise and Fall of Ziggy Stardust and the Spiders from Mars","David Bowie","1972","1513","1217","2025-09-01 10:08:18","https://is1-ssl.mzstatic.com/image/thumb/Music114/v4/5f/fa/56/5ffa56c2-ea1f-7a17-6bad-192ff9b6476d/825646124206.jpg/600x600bb.jpg"
"1980","Carolina Drama","Consolers of the Lonely","The Raconteurs","2008","1523","1643","2025-09-01 10:03:02","https://is1-ssl.mzstatic.com/image/thumb/Music124/v4/8a/16/ce/8a16ce8f-1b84-adfc-d8b4-1f26db2baafa/886449078837.jpg/600x600bb.jpg"
"1981","My Iron Lung","My Iron Lung EP (The Bends after that)","Radiohead","1994","1578","1356","2025-09-01 09:53:59","https://encrypted-tbn0.gstatic.com/images?q=tbn:ANd9GcTO8fYUyX6RpCCdUOy0pcEgCZkyRYWy8WiPaw&s"
"1982","Black Chandelier","Opposites","Biffy Clyro","2013","RE-ENTRY","1935","2025-09-01 09:47:54","https://cdn.mediaworks.nz/therock/images/songs/593640443.jpg"
"1983","Queen Of The Half Crown","Little Victories","The Strypes","2015","1889","-","2025-09-01 09:45:01","https://upload.wikimedia.org/wikipedia/en/8/86/Strypes_LittleV.jpg"
"1984","Stone Cold Crazy","Sheer Heart Attack","Queen","1974","1139","1839","2025-09-01 09:39:05","https://is1-ssl.mzstatic.com/image/thumb/Music115/v4/b9/3c/60/b93c601a-23ac-b477-70c4-331af3765ec2/14DMGIM05595.rgb.jpg/600x600bb.jpg"
"1985","Force To Fight","A Hero's Journey","Capital Theatre","2021","RE-ENTRY","1374","2025-09-01 09:33:28","https://cdn.mediaworks.nz/therock/images/songs/1625118142.jpg"
"1986","Mony Mony","Vital Idol","Billy Idol","1985","1276","-","2025-09-01 09:29:23","https://is1-ssl.mzstatic.com/image/thumb/Music6/v4/39/db/39/39db390f-344d-a0b1-cef9-af7c06d47c12/dj.qruakqzl.jpg/600x600bb.jpg"
"1987","Stockholm Syndrome","Absolution","Muse","2003","RE-ENTRY","1734","2025-09-01 09:23:14","https://cdn.mediaworks.nz/therock/images/songs/1716096819.jpg"
"1988","Art For Arts Sake","How Dare You","10CC","1975","1951","-","2025-09-01 09:16:15","https://is1-ssl.mzstatic.com/image/thumb/Music118/v4/39/16/1a/39161a0b-1dc1-ecde-25f8-67da925d1eef/00731453497528.rgb.jpg/600x600bb.jpg"
"1989","My God Is The Sun","Like Clockwork","Queens Of The Stone Age","2013","1666","1973","2025-09-01 09:10:54","https://is1-ssl.mzstatic.com/image/thumb/Music126/v4/0c/73/3c/0c733c12-fc9a-bb06-da19-9f25d7c99050/744861104063.png/600x600bb.jpg"
"1990","Dance Stamina","Pipeline Under The Ocean","Pluto","2005","1870","1369","2025-09-01 09:05:22","https://is1-ssl.mzstatic.com/image/thumb/Music126/v4/80/4c/d1/804cd1aa-2479-77bc-76cc-8f4f59afdcb5/9420058721602.png/600x600bb.jpg"
"1991","Plans","Birds of Tokyo","Birds Of Tokyo","2010","1972","-","2025-09-01 09:01:26","https://is1-ssl.mzstatic.com/image/thumb/Music4/v4/3f/8e/0e/3f8e0e2a-c269-b68e-f5d7-54956c7e9e0a/Birds-of-Tokyo-Self-titled-album-iTunes-digital-cover.jpg/600x600bb.jpg"
"1992","Young Americans","Young Americans","David Bowie","1975","1960","1972","2025-09-01 08:49:37","https://is1-ssl.mzstatic.com/image/thumb/Music124/v4/0a/a7/0c/0aa70c09-e325-3900-6a5e-1557ff7ce710/190295990329.jpg/600x600bb.jpg"
"1993","Shadow On The Sun","Audioslave","Audioslave","2002","DEBUT","-","2025-09-01 08:42:42","https://i.scdn.co/image/ab67616d0000b273a7292b6863258e889b78d787"
"1994","Lookin' Out My Back Door","Cosmo's Factory","Creedence Clearwater Revival","1970","1920","1857","2025-09-01 08:35:18","https://is1-ssl.mzstatic.com/image/thumb/Music115/v4/f3/81/ca/f381ca2b-0779-4102-2c64-8b2563eedb96/00888072355996.rgb.jpg/600x600bb.jpg"
"1995","Lights Out","How Did We Get So Dark?","Royal Blood","2017","RE-ENTRY","1872","2025-09-01 08:31:17","https://upload.wikimedia.org/wikipedia/en/b/ba/Royal-Blood-How-Did-We-Get-So-Dark.jpg"
"1996","Don't Come Around Here No More","Southern Accents","Tom Petty and The Heartbreakers","1985","1767","1854","2025-09-01 08:26:15","https://is1-ssl.mzstatic.com/image/thumb/Music122/v4/ef/9a/5f/ef9a5fcc-27c6-f226-7d71-67ce3789c9ab/06UMGIM06512.rgb.jpg/1000x1000bb.jpg"
"1997","Bohemian Like You","Thirteen tales from Urban Bohemia ","The Dandy Warhols","2000","1406","1192","2025-09-01 08:23:45","https://is1-ssl.mzstatic.com/image/thumb/Music126/v4/3c/b3/7b/3cb37b4b-97f4-a686-c55f-b7f6fc46cd10/5400863129989_cover.jpg/600x600bb.jpg"
"1998","West End Riot","The Living End","The Living End","1999","1921","1991","2025-09-01 08:15:36","https://is1-ssl.mzstatic.com/image/thumb/Music/c2/b7/c5/mzi.ntqdolxl.jpg/600x600bb.jpg"
"1999","Problem Child","Dirty Deeds Done Dirt Cheap","AC/DC","1976","DEBUT","-","2025-09-01 08:08:00","https://i.scdn.co/image/ab67616d0000b27368b03027356fb05501948f62"
"2000","Place Your Hands","Glow","Reef","1997","RE-ENTRY","1257","2025-09-01 08:04:39","https://upload.wikimedia.org/wikipedia/en/thumb/1/17/Reef-glow.jpg/250px-Reef-glow.jpg"
